{"type": "FeatureCollection", "features": [{"type": "Feature", "geometry": {"type": "Point", "coordinates": [-105.65943, -14.98426]}, "properties": {"id": "TRB1-INI-000090A-01", "district_id": "TRB1-INI-000090A", "belt_id": null, "kind": "impact_melt_nickel", "name": "impact melt-sheet nickel\u2013copper\u2013PGE (Sudbury type)", "tonnage_mt": 22.6175, "grades": {"Ni %": 1.3874, "Cu %": 0.5805, "Co %": 0.0319, "PGE g/t": 1.5412, "S %": 8.0613}, "depth_m": 7369, "blind": true, "strike_deg": 44, "dip_deg": 79, "length_m": 5680, "width_m": 197.7, "shape": "lens", "host": "flood_basalt", "chance": 0.15, "seen_by": {"gravity": false, "magnetics": false, "em": false, "geochemistry": false}, "water_depth_m": 0, "crater_id": "TRB1-BAS-090"}}, {"type": "Feature", "geometry": {"type": "Point", "coordinates": [-103.23523, -16.95506]}, "properties": {"id": "TRB1-INI-000090A-02", "district_id": "TRB1-INI-000090A", "belt_id": null, "kind": "impact_melt_nickel", "name": "impact melt-sheet nickel\u2013copper\u2013PGE (Sudbury type)", "tonnage_mt": 29.2092, "grades": {"Ni %": 2.9225, "Cu %": 0.6487, "Co %": 0.0711, "PGE g/t": 1.9395, "S %": 20.98}, "depth_m": 7282, "blind": true, "strike_deg": 55, "dip_deg": 61, "length_m": 1173, "width_m": 159.3, "shape": "lens", "host": "flood_basalt", "chance": 0.15, "seen_by": {"gravity": false, "magnetics": false, "em": false, "geochemistry": false}, "water_depth_m": 0, "crater_id": "TRB1-BAS-090"}}, {"type": "Feature", "geometry": {"type": "Point", "coordinates": [-105.43389, -14.92048]}, "properties": {"id": "TRB1-INI-000090A-03", "district_id": "TRB1-INI-000090A", "belt_id": null, "kind": "impact_melt_nickel", "name": "impact melt-sheet nickel\u2013copper\u2013PGE (Sudbury type)", "tonnage_mt": 51.1661, "grades": {"Ni %": 1.2637, "Cu %": 1.0879, "Co %": 0.065, "PGE g/t": 0.8396, "S %": 9.4585}, "depth_m": 7269, "blind": true, "strike_deg": 35, "dip_deg": 60, "length_m": 4547, "width_m": 222.7, "shape": "lens", "host": "flood_basalt", "chance": 0.15, "seen_by": {"gravity": false, "magnetics": false, "em": false, "geochemistry": false}, "water_depth_m": 0, "crater_id": "TRB1-BAS-090"}}, {"type": "Feature", "geometry": {"type": "Point", "coordinates": [-104.90201, -14.72807]}, "properties": {"id": "TRB1-INI-000090A-04", "district_id": "TRB1-INI-000090A", "belt_id": null, "kind": "impact_melt_nickel", "name": "impact melt-sheet nickel\u2013copper\u2013PGE (Sudbury type)", "tonnage_mt": 62.0341, "grades": {"Ni %": 1.3333, "Cu %": 1.1843, "Co %": 0.0827, "PGE g/t": 1.6298, "S %": 7.7684}, "depth_m": 7170, "blind": true, "strike_deg": 12, "dip_deg": 47, "length_m": 3130, "width_m": 211.5, "shape": "lens", "host": "flood_basalt", "chance": 0.15, "seen_by": {"gravity": false, "magnetics": false, "em": false, "geochemistry": false}, "water_depth_m": 0, "crater_id": "TRB1-BAS-090"}}, {"type": "Feature", "geometry": {"type": "Point", "coordinates": [-105.97543, -16.64355]}, "properties": {"id": "TRB1-INI-000090A-05", "district_id": "TRB1-INI-000090A", "belt_id": null, "kind": "impact_melt_nickel", "name": "impact melt-sheet nickel\u2013copper\u2013PGE (Sudbury type)", "tonnage_mt": 262.7212, "grades": {"Ni %": 2.0488, "Cu %": 0.6625, "Co %": 0.028, "PGE g/t": 2.0295, "S %": 24.6008}, "depth_m": 7340, "blind": true, "strike_deg": 116, "dip_deg": 43, "length_m": 3150, "width_m": 149.1, "shape": "lens", "host": "flood_basalt", "chance": 0.15, "seen_by": {"gravity": false, "magnetics": false, "em": false, "geochemistry": false}, "water_depth_m": 0, "crater_id": "TRB1-BAS-090"}}, {"type": "Feature", "geometry": {"type": "Point", "coordinates": [-105.82101, -15.14128]}, "properties": {"id": "TRB1-INI-000090A-06", "district_id": "TRB1-INI-000090A", "belt_id": null, "kind": "impact_melt_nickel", "name": "impact melt-sheet nickel\u2013copper\u2013PGE (Sudbury type)", "tonnage_mt": 117.5976, "grades": {"Ni %": 1.5846, "Cu %": 1.69, "Co %": 0.0488, "PGE g/t": 1.7757, "S %": 7.5218}, "depth_m": 7251, "blind": true, "strike_deg": 53, "dip_deg": 71, "length_m": 2457, "width_m": 231.6, "shape": "lens", "host": "flood_basalt", "chance": 0.15, "seen_by": {"gravity": false, "magnetics": false, "em": false, "geochemistry": false}, "water_depth_m": 0, "crater_id": "TRB1-BAS-090"}}, {"type": "Feature", "geometry": {"type": "Point", "coordinates": [-103.30002, -16.23744]}, "properties": {"id": "TRB1-INI-000090A-07", "district_id": "TRB1-INI-000090A", "belt_id": null, "kind": "impact_melt_nickel", "name": "impact melt-sheet nickel\u2013copper\u2013PGE (Sudbury type)", "tonnage_mt": 36.12, "grades": {"Ni %": 2.2475, "Cu %": 1.0137, "Co %": 0.0353, "PGE g/t": 0.9878, "S %": 10.0467}, "depth_m": 7364, "blind": true, "strike_deg": 80, "dip_deg": 59, "length_m": 2097, "width_m": 179.2, "shape": "lens", "host": "flood_basalt", "chance": 0.15, "seen_by": {"gravity": false, "magnetics": false, "em": false, "geochemistry": false}, "water_depth_m": 0, "crater_id": "TRB1-BAS-090"}}, {"type": "Feature", "geometry": {"type": "Point", "coordinates": [-104.77632, -17.32953]}, "properties": {"id": "TRB1-INI-000090A-08", "district_id": "TRB1-INI-000090A", "belt_id": null, "kind": "impact_melt_nickel", "name": "impact melt-sheet nickel\u2013copper\u2013PGE (Sudbury type)", "tonnage_mt": 196.4193, "grades": {"Ni %": 0.7192, "Cu %": 0.9147, "Co %": 0.0677, "PGE g/t": 2.7806, "S %": 4.4596}, "depth_m": 7466, "blind": true, "strike_deg": 174, "dip_deg": 55, "length_m": 4565, "width_m": 163.5, "shape": "lens", "host": "flood_basalt", "chance": 0.15, "seen_by": {"gravity": false, "magnetics": false, "em": false, "geochemistry": false}, "water_depth_m": 0, "crater_id": "TRB1-BAS-090"}}, {"type": "Feature", "geometry": {"type": "Point", "coordinates": [-106.07603, -16.75239]}, "properties": {"id": "TRB1-INI-000090A-09", "district_id": "TRB1-INI-000090A", "belt_id": null, "kind": "impact_melt_nickel", "name": "impact melt-sheet nickel\u2013copper\u2013PGE (Sudbury type)", "tonnage_mt": 37.6882, "grades": {"Ni %": 1.563, "Cu %": 0.9514, "Co %": 0.0474, "PGE g/t": 2.4592, "S %": 18.2188}, "depth_m": 7455, "blind": true, "strike_deg": 118, "dip_deg": 64, "length_m": 5341, "width_m": 315.4, "shape": "lens", "host": "flood_basalt", "chance": 0.15, "seen_by": {"gravity": false, "magnetics": false, "em": false, "geochemistry": false}, "water_depth_m": 0, "crater_id": "TRB1-BAS-090"}}, {"type": "Feature", "geometry": {"type": "Point", "coordinates": [-106.20738, -15.42381]}, "properties": {"id": "TRB1-INI-000090A-10", "district_id": "TRB1-INI-000090A", "belt_id": null, "kind": "impact_melt_nickel", "name": "impact melt-sheet nickel\u2013copper\u2013PGE (Sudbury type)", "tonnage_mt": 146.3024, "grades": {"Ni %": 1.638, "Cu %": 2.6304, "Co %": 0.0452, "PGE g/t": 2.5672, "S %": 12.2453}, "depth_m": 7133, "blind": true, "strike_deg": 69, "dip_deg": 45, "length_m": 1617, "width_m": 279.9, "shape": "lens", "host": "flood_basalt", "chance": 0.15, "seen_by": {"gravity": false, "magnetics": false, "em": false, "geochemistry": false}, "water_depth_m": 0, "crater_id": "TRB1-BAS-090"}}, {"type": "Feature", "geometry": {"type": "Point", "coordinates": [0.63642, -74.83515]}, "properties": {"id": "TRB1-INI-000235A-01", "district_id": "TRB1-INI-000235A", "belt_id": null, "kind": "impact_melt_nickel", "name": "impact melt-sheet nickel\u2013copper\u2013PGE (Sudbury type)", "tonnage_mt": 53.3328, "grades": {"Ni %": 0.5729, "Cu %": 1.3594, "Co %": 0.0261, "PGE g/t": 1.754, "S %": 12.2474}, "depth_m": 4692, "blind": true, "strike_deg": 48, "dip_deg": 70, "length_m": 1906, "width_m": 84.0, "shape": "lens", "host": "flood_basalt", "chance": 0.15, "seen_by": {"gravity": false, "magnetics": false, "em": false, "geochemistry": false}, "water_depth_m": 0, "crater_id": "TRB1-BAS-235"}}, {"type": "Feature", "geometry": {"type": "Point", "coordinates": [-0.8935, -74.6566]}, "properties": {"id": "TRB1-INI-000235A-02", "district_id": "TRB1-INI-000235A", "belt_id": null, "kind": "impact_melt_nickel", "name": "impact melt-sheet nickel\u2013copper\u2013PGE (Sudbury type)", "tonnage_mt": 493.5528, "grades": {"Ni %": 1.8173, "Cu %": 0.989, "Co %": 0.0327, "PGE g/t": 1.1593, "S %": 16.9792}, "depth_m": 4597, "blind": true, "strike_deg": 77, "dip_deg": 54, "length_m": 1671, "width_m": 171.7, "shape": "lens", "host": "flood_basalt", "chance": 0.15, "seen_by": {"gravity": false, "magnetics": false, "em": false, "geochemistry": false}, "water_depth_m": 0, "crater_id": "TRB1-BAS-235"}}, {"type": "Feature", "geometry": {"type": "Point", "coordinates": [0.03473, -76.54382]}, "properties": {"id": "TRB1-INI-000235A-03", "district_id": "TRB1-INI-000235A", "belt_id": null, "kind": "impact_melt_nickel", "name": "impact melt-sheet nickel\u2013copper\u2013PGE (Sudbury type)", "tonnage_mt": 20.5285, "grades": {"Ni %": 1.9463, "Cu %": 1.5176, "Co %": 0.0434, "PGE g/t": 1.736, "S %": 8.842}, "depth_m": 4791, "blind": true, "strike_deg": 112, "dip_deg": 66, "length_m": 2466, "width_m": 145.6, "shape": "lens", "host": "flood_basalt", "chance": 0.15, "seen_by": {"gravity": false, "magnetics": false, "em": false, "geochemistry": false}, "water_depth_m": 0, "crater_id": "TRB1-BAS-235"}}, {"type": "Feature", "geometry": {"type": "Point", "coordinates": [-5.00025, -74.75557]}, "properties": {"id": "TRB1-INI-000235A-04", "district_id": "TRB1-INI-000235A", "belt_id": null, "kind": "impact_melt_nickel", "name": "impact melt-sheet nickel\u2013copper\u2013PGE (Sudbury type)", "tonnage_mt": 155.6459, "grades": {"Ni %": 2.4371, "Cu %": 2.4688, "Co %": 0.0395, "PGE g/t": 1.0483, "S %": 13.1942}, "depth_m": 5044, "blind": true, "strike_deg": 143, "dip_deg": 31, "length_m": 2582, "width_m": 287.0, "shape": "lens", "host": "flood_basalt", "chance": 0.15, "seen_by": {"gravity": false, "magnetics": false, "em": false, "geochemistry": false}, "water_depth_m": 0, "crater_id": "TRB1-BAS-235"}}, {"type": "Feature", "geometry": {"type": "Point", "coordinates": [-2.41394, -76.44587]}, "properties": {"id": "TRB1-INI-000235A-05", "district_id": "TRB1-INI-000235A", "belt_id": null, "kind": "impact_melt_nickel", "name": "impact melt-sheet nickel\u2013copper\u2013PGE (Sudbury type)", "tonnage_mt": 83.2974, "grades": {"Ni %": 0.5173, "Cu %": 1.4591, "Co %": 0.0373, "PGE g/t": 1.1386, "S %": 9.4961}, "depth_m": 4737, "blind": true, "strike_deg": 82, "dip_deg": 30, "length_m": 1679, "width_m": 168.3, "shape": "lens", "host": "flood_basalt", "chance": 0.15, "seen_by": {"gravity": false, "magnetics": false, "em": false, "geochemistry": false}, "water_depth_m": 0, "crater_id": "TRB1-BAS-235"}}, {"type": "Feature", "geometry": {"type": "Point", "coordinates": [-1.08735, -74.49336]}, "properties": {"id": "TRB1-INI-000235A-06", "district_id": "TRB1-INI-000235A", "belt_id": null, "kind": "impact_melt_nickel", "name": "impact melt-sheet nickel\u2013copper\u2013PGE (Sudbury type)", "tonnage_mt": 85.2565, "grades": {"Ni %": 1.1971, "Cu %": 2.2968, "Co %": 0.0841, "PGE g/t": 2.2269, "S %": 9.0619}, "depth_m": 4683, "blind": true, "strike_deg": 82, "dip_deg": 32, "length_m": 2830, "width_m": 102.5, "shape": "lens", "host": "flood_basalt", "chance": 0.15, "seen_by": {"gravity": false, "magnetics": false, "em": false, "geochemistry": false}, "water_depth_m": 0, "crater_id": "TRB1-BAS-235"}}, {"type": "Feature", "geometry": {"type": "Point", "coordinates": [-4.69335, -75.06274]}, "properties": {"id": "TRB1-INI-000235A-07", "district_id": "TRB1-INI-000235A", "belt_id": null, "kind": "impact_melt_nickel", "name": "impact melt-sheet nickel\u2013copper\u2013PGE (Sudbury type)", "tonnage_mt": 74.5792, "grades": {"Ni %": 0.6485, "Cu %": 0.9553, "Co %": 0.0305, "PGE g/t": 1.1028, "S %": 7.3057}, "depth_m": 4975, "blind": true, "strike_deg": 155, "dip_deg": 75, "length_m": 3205, "width_m": 282.8, "shape": "lens", "host": "flood_basalt", "chance": 0.15, "seen_by": {"gravity": false, "magnetics": false, "em": false, "geochemistry": false}, "water_depth_m": 0, "crater_id": "TRB1-BAS-235"}}, {"type": "Feature", "geometry": {"type": "Point", "coordinates": [-2.85866, -74.43881]}, "properties": {"id": "TRB1-INI-000235A-08", "district_id": "TRB1-INI-000235A", "belt_id": null, "kind": "impact_melt_nickel", "name": "impact melt-sheet nickel\u2013copper\u2013PGE (Sudbury type)", "tonnage_mt": 7.6176, "grades": {"Ni %": 1.4042, "Cu %": 1.3224, "Co %": 0.0512, "PGE g/t": 1.2663, "S %": 20.7872}, "depth_m": 4633, "blind": true, "strike_deg": 109, "dip_deg": 80, "length_m": 3001, "width_m": 96.9, "shape": "lens", "host": "flood_basalt", "chance": 0.15, "seen_by": {"gravity": false, "magnetics": false, "em": false, "geochemistry": false}, "water_depth_m": 0, "crater_id": "TRB1-BAS-235"}}, {"type": "Feature", "geometry": {"type": "Point", "coordinates": [2.27269, -75.078]}, "properties": {"id": "TRB1-INI-000235A-09", "district_id": "TRB1-INI-000235A", "belt_id": null, "kind": "impact_melt_nickel", "name": "impact melt-sheet nickel\u2013copper\u2013PGE (Sudbury type)", "tonnage_mt": 242.083, "grades": {"Ni %": 0.8602, "Cu %": 1.9042, "Co %": 0.0483, "PGE g/t": 0.7254, "S %": 12.6382}, "depth_m": 4918, "blind": true, "strike_deg": 21, "dip_deg": 44, "length_m": 3013, "width_m": 136.1, "shape": "lens", "host": "flood_basalt", "chance": 0.15, "seen_by": {"gravity": false, "magnetics": false, "em": false, "geochemistry": false}, "water_depth_m": 0, "crater_id": "TRB1-BAS-235"}}, {"type": "Feature", "geometry": {"type": "Point", "coordinates": [3.09841, -75.67567]}, "properties": {"id": "TRB1-INI-000235A-10", "district_id": "TRB1-INI-000235A", "belt_id": null, "kind": "impact_melt_nickel", "name": "impact melt-sheet nickel\u2013copper\u2013PGE (Sudbury type)", "tonnage_mt": 47.5778, "grades": {"Ni %": 0.6657, "Cu %": 1.6199, "Co %": 0.0339, "PGE g/t": 0.779, "S %": 9.5902}, "depth_m": 4862, "blind": true, "strike_deg": 170, "dip_deg": 71, "length_m": 5018, "width_m": 234.3, "shape": "lens", "host": "flood_basalt", "chance": 0.15, "seen_by": {"gravity": false, "magnetics": false, "em": false, "geochemistry": false}, "water_depth_m": 0, "crater_id": "TRB1-BAS-235"}}, {"type": "Feature", "geometry": {"type": "Point", "coordinates": [1.8513, -76.25595]}, "properties": {"id": "TRB1-INI-000235A-11", "district_id": "TRB1-INI-000235A", "belt_id": null, "kind": "impact_melt_nickel", "name": "impact melt-sheet nickel\u2013copper\u2013PGE (Sudbury type)", "tonnage_mt": 173.6192, "grades": {"Ni %": 0.6937, "Cu %": 0.9315, "Co %": 0.0463, "PGE g/t": 1.193, "S %": 7.4082}, "depth_m": 4427, "blind": true, "strike_deg": 138, "dip_deg": 57, "length_m": 2947, "width_m": 277.8, "shape": "lens", "host": "flood_basalt", "chance": 0.15, "seen_by": {"gravity": false, "magnetics": false, "em": false, "geochemistry": false}, "water_depth_m": 0, "crater_id": "TRB1-BAS-235"}}, {"type": "Feature", "geometry": {"type": "Point", "coordinates": [1.63573, -75.71338]}, "properties": {"id": "TRB1-INI-000235A-12", "district_id": "TRB1-INI-000235A", "belt_id": null, "kind": "impact_melt_nickel", "name": "impact melt-sheet nickel\u2013copper\u2013PGE (Sudbury type)", "tonnage_mt": 348.048, "grades": {"Ni %": 2.1968, "Cu %": 1.4086, "Co %": 0.0309, "PGE g/t": 1.1348, "S %": 14.649}, "depth_m": 4702, "blind": true, "strike_deg": 164, "dip_deg": 38, "length_m": 1964, "width_m": 191.0, "shape": "lens", "host": "flood_basalt", "chance": 0.15, "seen_by": {"gravity": false, "magnetics": false, "em": false, "geochemistry": false}, "water_depth_m": 0, "crater_id": "TRB1-BAS-235"}}, {"type": "Feature", "geometry": {"type": "Point", "coordinates": [173.99973, 29.57783]}, "properties": {"id": "TRB1-INI-000449A-01", "district_id": "TRB1-INI-000449A", "belt_id": null, "kind": "impact_melt_nickel", "name": "impact melt-sheet nickel\u2013copper\u2013PGE (Sudbury type)", "tonnage_mt": 48.292, "grades": {"Ni %": 1.1957, "Cu %": 1.1927, "Co %": 0.0287, "PGE g/t": 0.7234, "S %": 8.7014}, "depth_m": 3780, "blind": true, "strike_deg": 116, "dip_deg": 60, "length_m": 1364, "width_m": 229.3, "shape": "lens", "host": "flood_basalt", "chance": 0.15, "seen_by": {"gravity": false, "magnetics": false, "em": false, "geochemistry": false}, "water_depth_m": 0, "crater_id": "TRB1-BAS-449"}}, {"type": "Feature", "geometry": {"type": "Point", "coordinates": [174.03036, 29.48913]}, "properties": {"id": "TRB1-INI-000449A-02", "district_id": "TRB1-INI-000449A", "belt_id": null, "kind": "impact_melt_nickel", "name": "impact melt-sheet nickel\u2013copper\u2013PGE (Sudbury type)", "tonnage_mt": 55.5522, "grades": {"Ni %": 0.8259, "Cu %": 1.6303, "Co %": 0.0585, "PGE g/t": 1.2156, "S %": 8.0144}, "depth_m": 3668, "blind": true, "strike_deg": 122, "dip_deg": 46, "length_m": 1801, "width_m": 108.5, "shape": "lens", "host": "flood_basalt", "chance": 0.15, "seen_by": {"gravity": false, "magnetics": false, "em": false, "geochemistry": false}, "water_depth_m": 0, "crater_id": "TRB1-BAS-449"}}, {"type": "Feature", "geometry": {"type": "Point", "coordinates": [175.31042, 29.4431]}, "properties": {"id": "TRB1-INI-000449A-03", "district_id": "TRB1-INI-000449A", "belt_id": null, "kind": "impact_melt_nickel", "name": "impact melt-sheet nickel\u2013copper\u2013PGE (Sudbury type)", "tonnage_mt": 30.4318, "grades": {"Ni %": 0.7741, "Cu %": 0.9226, "Co %": 0.0314, "PGE g/t": 1.1081, "S %": 9.6644}, "depth_m": 3747, "blind": true, "strike_deg": 41, "dip_deg": 48, "length_m": 3563, "width_m": 109.6, "shape": "lens", "host": "flood_basalt", "chance": 0.15, "seen_by": {"gravity": false, "magnetics": false, "em": false, "geochemistry": false}, "water_depth_m": 0, "crater_id": "TRB1-BAS-449"}}, {"type": "Feature", "geometry": {"type": "Point", "coordinates": [175.65571, 29.47245]}, "properties": {"id": "TRB1-INI-000449A-04", "district_id": "TRB1-INI-000449A", "belt_id": null, "kind": "impact_melt_nickel", "name": "impact melt-sheet nickel\u2013copper\u2013PGE (Sudbury type)", "tonnage_mt": 260.6784, "grades": {"Ni %": 1.79, "Cu %": 0.951, "Co %": 0.0366, "PGE g/t": 0.849, "S %": 11.9014}, "depth_m": 3451, "blind": true, "strike_deg": 58, "dip_deg": 57, "length_m": 6997, "width_m": 220.2, "shape": "lens", "host": "flood_basalt", "chance": 0.15, "seen_by": {"gravity": false, "magnetics": false, "em": false, "geochemistry": false}, "water_depth_m": 0, "crater_id": "TRB1-BAS-449"}}, {"type": "Feature", "geometry": {"type": "Point", "coordinates": [174.31267, 29.25984]}, "properties": {"id": "TRB1-INI-000449A-05", "district_id": "TRB1-INI-000449A", "belt_id": null, "kind": "impact_melt_nickel", "name": "impact melt-sheet nickel\u2013copper\u2013PGE (Sudbury type)", "tonnage_mt": 24.6604, "grades": {"Ni %": 2.0016, "Cu %": 0.9615, "Co %": 0.0439, "PGE g/t": 1.0959, "S %": 13.5427}, "depth_m": 3654, "blind": true, "strike_deg": 146, "dip_deg": 68, "length_m": 2986, "width_m": 224.8, "shape": "lens", "host": "flood_basalt", "chance": 0.15, "seen_by": {"gravity": false, "magnetics": false, "em": false, "geochemistry": false}, "water_depth_m": 0, "crater_id": "TRB1-BAS-449"}}, {"type": "Feature", "geometry": {"type": "Point", "coordinates": [174.53599, 29.06608]}, "properties": {"id": "TRB1-INI-000449A-06", "district_id": "TRB1-INI-000449A", "belt_id": null, "kind": "impact_melt_nickel", "name": "impact melt-sheet nickel\u2013copper\u2013PGE (Sudbury type)", "tonnage_mt": 297.0462, "grades": {"Ni %": 1.0472, "Cu %": 0.6157, "Co %": 0.0182, "PGE g/t": 1.2178, "S %": 11.2947}, "depth_m": 3516, "blind": true, "strike_deg": 163, "dip_deg": 67, "length_m": 2873, "width_m": 129.5, "shape": "lens", "host": "flood_basalt", "chance": 0.15, "seen_by": {"gravity": false, "magnetics": false, "em": false, "geochemistry": false}, "water_depth_m": 0, "crater_id": "TRB1-BAS-449"}}, {"type": "Feature", "geometry": {"type": "Point", "coordinates": [175.28284, 29.22037]}, "properties": {"id": "TRB1-INI-000449A-07", "district_id": "TRB1-INI-000449A", "belt_id": null, "kind": "impact_melt_nickel", "name": "impact melt-sheet nickel\u2013copper\u2013PGE (Sudbury type)", "tonnage_mt": 46.87, "grades": {"Ni %": 1.8734, "Cu %": 0.9109, "Co %": 0.0321, "PGE g/t": 1.7464, "S %": 10.2444}, "depth_m": 3876, "blind": true, "strike_deg": 29, "dip_deg": 60, "length_m": 2442, "width_m": 201.3, "shape": "lens", "host": "flood_basalt", "chance": 0.15, "seen_by": {"gravity": false, "magnetics": false, "em": false, "geochemistry": false}, "water_depth_m": 0, "crater_id": "TRB1-BAS-449"}}, {"type": "Feature", "geometry": {"type": "Point", "coordinates": [174.53604, 29.11516]}, "properties": {"id": "TRB1-INI-000449A-08", "district_id": "TRB1-INI-000449A", "belt_id": null, "kind": "impact_melt_nickel", "name": "impact melt-sheet nickel\u2013copper\u2013PGE (Sudbury type)", "tonnage_mt": 11.0807, "grades": {"Ni %": 0.6941, "Cu %": 3.8336, "Co %": 0.0588, "PGE g/t": 1.7298, "S %": 12.4254}, "depth_m": 3525, "blind": true, "strike_deg": 162, "dip_deg": 52, "length_m": 2873, "width_m": 460.7, "shape": "lens", "host": "flood_basalt", "chance": 0.15, "seen_by": {"gravity": false, "magnetics": false, "em": false, "geochemistry": false}, "water_depth_m": 0, "crater_id": "TRB1-BAS-449"}}, {"type": "Feature", "geometry": {"type": "Point", "coordinates": [145.43691, 77.76297]}, "properties": {"id": "TRB1-INI-000037A-01", "district_id": "TRB1-INI-000037A", "belt_id": null, "kind": "impact_melt_nickel", "name": "impact melt-sheet nickel\u2013copper\u2013PGE (Sudbury type)", "tonnage_mt": 52.7213, "grades": {"Ni %": 3.0532, "Cu %": 1.49, "Co %": 0.0363, "PGE g/t": 1.4799, "S %": 22.9226}, "depth_m": 3371, "blind": true, "strike_deg": 144, "dip_deg": 31, "length_m": 3173, "width_m": 288.2, "shape": "lens", "host": "intercrater_plains", "chance": 0.15, "seen_by": {"gravity": false, "magnetics": false, "em": false, "geochemistry": false}, "water_depth_m": 0, "crater_id": "TRB1-IMP-00037"}}, {"type": "Feature", "geometry": {"type": "Point", "coordinates": [149.78203, 78.376]}, "properties": {"id": "TRB1-INI-000037A-02", "district_id": "TRB1-INI-000037A", "belt_id": null, "kind": "impact_melt_nickel", "name": "impact melt-sheet nickel\u2013copper\u2013PGE (Sudbury type)", "tonnage_mt": 7.9708, "grades": {"Ni %": 1.1161, "Cu %": 1.1744, "Co %": 0.0341, "PGE g/t": 1.0001, "S %": 11.407}, "depth_m": 3338, "blind": true, "strike_deg": 46, "dip_deg": 79, "length_m": 2785, "width_m": 146.5, "shape": "lens", "host": "intercrater_plains", "chance": 0.15, "seen_by": {"gravity": false, "magnetics": false, "em": false, "geochemistry": false}, "water_depth_m": 0, "crater_id": "TRB1-IMP-00037"}}, {"type": "Feature", "geometry": {"type": "Point", "coordinates": [145.8629, 77.5607]}, "properties": {"id": "TRB1-INI-000037A-03", "district_id": "TRB1-INI-000037A", "belt_id": null, "kind": "impact_melt_nickel", "name": "impact melt-sheet nickel\u2013copper\u2013PGE (Sudbury type)", "tonnage_mt": 203.61, "grades": {"Ni %": 0.9901, "Cu %": 1.0521, "Co %": 0.0306, "PGE g/t": 1.1828, "S %": 18.0028}, "depth_m": 3030, "blind": true, "strike_deg": 161, "dip_deg": 49, "length_m": 3956, "width_m": 197.6, "shape": "lens", "host": "intercrater_plains", "chance": 0.15, "seen_by": {"gravity": false, "magnetics": false, "em": false, "geochemistry": false}, "water_depth_m": 0, "crater_id": "TRB1-IMP-00037"}}, {"type": "Feature", "geometry": {"type": "Point", "coordinates": [149.39372, 78.38327]}, "properties": {"id": "TRB1-INI-000037A-04", "district_id": "TRB1-INI-000037A", "belt_id": null, "kind": "impact_melt_nickel", "name": "impact melt-sheet nickel\u2013copper\u2013PGE (Sudbury type)", "tonnage_mt": 35.8615, "grades": {"Ni %": 1.2236, "Cu %": 1.106, "Co %": 0.102, "PGE g/t": 0.9737, "S %": 9.9889}, "depth_m": 3280, "blind": true, "strike_deg": 53, "dip_deg": 54, "length_m": 2367, "width_m": 209.5, "shape": "lens", "host": "intercrater_plains", "chance": 0.15, "seen_by": {"gravity": false, "magnetics": false, "em": false, "geochemistry": false}, "water_depth_m": 0, "crater_id": "TRB1-IMP-00037"}}, {"type": "Feature", "geometry": {"type": "Point", "coordinates": [145.72185, 77.44682]}, "properties": {"id": "TRB1-INI-000037A-05", "district_id": "TRB1-INI-000037A", "belt_id": null, "kind": "impact_melt_nickel", "name": "impact melt-sheet nickel\u2013copper\u2013PGE (Sudbury type)", "tonnage_mt": 139.7169, "grades": {"Ni %": 2.6045, "Cu %": 0.9813, "Co %": 0.0418, "PGE g/t": 1.9536, "S %": 7.7037}, "depth_m": 3221, "blind": true, "strike_deg": 169, "dip_deg": 61, "length_m": 2642, "width_m": 330.1, "shape": "lens", "host": "intercrater_plains", "chance": 0.15, "seen_by": {"gravity": false, "magnetics": false, "em": false, "geochemistry": false}, "water_depth_m": 0, "crater_id": "TRB1-IMP-00037"}}, {"type": "Feature", "geometry": {"type": "Point", "coordinates": [147.20103, 78.39869]}, "properties": {"id": "TRB1-INI-000037A-06", "district_id": "TRB1-INI-000037A", "belt_id": null, "kind": "impact_melt_nickel", "name": "impact melt-sheet nickel\u2013copper\u2013PGE (Sudbury type)", "tonnage_mt": 26.7992, "grades": {"Ni %": 3.4901, "Cu %": 1.6747, "Co %": 0.0441, "PGE g/t": 1.2203, "S %": 23.7271}, "depth_m": 3101, "blind": true, "strike_deg": 87, "dip_deg": 62, "length_m": 2118, "width_m": 135.3, "shape": "lens", "host": "intercrater_plains", "chance": 0.15, "seen_by": {"gravity": false, "magnetics": false, "em": false, "geochemistry": false}, "water_depth_m": 0, "crater_id": "TRB1-IMP-00037"}}, {"type": "Feature", "geometry": {"type": "Point", "coordinates": [152.29114, 78.08346]}, "properties": {"id": "TRB1-INI-000037A-07", "district_id": "TRB1-INI-000037A", "belt_id": null, "kind": "impact_melt_nickel", "name": "impact melt-sheet nickel\u2013copper\u2013PGE (Sudbury type)", "tonnage_mt": 5.956, "grades": {"Ni %": 1.4549, "Cu %": 1.645, "Co %": 0.0177, "PGE g/t": 1.0997, "S %": 15.6499}, "depth_m": 3039, "blind": true, "strike_deg": 179, "dip_deg": 44, "length_m": 2726, "width_m": 126.4, "shape": "lens", "host": "intercrater_plains", "chance": 0.15, "seen_by": {"gravity": false, "magnetics": false, "em": false, "geochemistry": false}, "water_depth_m": 0, "crater_id": "TRB1-IMP-00037"}}, {"type": "Feature", "geometry": {"type": "Point", "coordinates": [147.56725, 78.22194]}, "properties": {"id": "TRB1-INI-000037A-08", "district_id": "TRB1-INI-000037A", "belt_id": null, "kind": "impact_melt_nickel", "name": "impact melt-sheet nickel\u2013copper\u2013PGE (Sudbury type)", "tonnage_mt": 21.6527, "grades": {"Ni %": 1.823, "Cu %": 1.0433, "Co %": 0.0286, "PGE g/t": 0.6551, "S %": 12.1904}, "depth_m": 3199, "blind": true, "strike_deg": 89, "dip_deg": 77, "length_m": 5195, "width_m": 205.8, "shape": "lens", "host": "intercrater_plains", "chance": 0.15, "seen_by": {"gravity": false, "magnetics": false, "em": false, "geochemistry": false}, "water_depth_m": 0, "crater_id": "TRB1-IMP-00037"}}, {"type": "Feature", "geometry": {"type": "Point", "coordinates": [146.94324, 77.27324]}, "properties": {"id": "TRB1-INI-000037A-09", "district_id": "TRB1-INI-000037A", "belt_id": null, "kind": "impact_melt_nickel", "name": "impact melt-sheet nickel\u2013copper\u2013PGE (Sudbury type)", "tonnage_mt": 227.4881, "grades": {"Ni %": 1.0931, "Cu %": 1.654, "Co %": 0.0319, "PGE g/t": 2.2611, "S %": 6.0341}, "depth_m": 2961, "blind": true, "strike_deg": 13, "dip_deg": 44, "length_m": 2726, "width_m": 112.4, "shape": "lens", "host": "intercrater_plains", "chance": 0.15, "seen_by": {"gravity": false, "magnetics": false, "em": false, "geochemistry": false}, "water_depth_m": 0, "crater_id": "TRB1-IMP-00037"}}, {"type": "Feature", "geometry": {"type": "Point", "coordinates": [151.65223, 78.27928]}, "properties": {"id": "TRB1-INI-000037A-10", "district_id": "TRB1-INI-000037A", "belt_id": null, "kind": "impact_melt_nickel", "name": "impact melt-sheet nickel\u2013copper\u2013PGE (Sudbury type)", "tonnage_mt": 62.5579, "grades": {"Ni %": 1.7021, "Cu %": 1.0875, "Co %": 0.0277, "PGE g/t": 1.0228, "S %": 11.2004}, "depth_m": 3205, "blind": true, "strike_deg": 17, "dip_deg": 53, "length_m": 4012, "width_m": 193.5, "shape": "lens", "host": "intercrater_plains", "chance": 0.15, "seen_by": {"gravity": false, "magnetics": false, "em": false, "geochemistry": false}, "water_depth_m": 0, "crater_id": "TRB1-IMP-00037"}}, {"type": "Feature", "geometry": {"type": "Point", "coordinates": [146.06316, 77.62869]}, "properties": {"id": "TRB1-INI-000037A-11", "district_id": "TRB1-INI-000037A", "belt_id": null, "kind": "impact_melt_nickel", "name": "impact melt-sheet nickel\u2013copper\u2013PGE (Sudbury type)", "tonnage_mt": 29.3046, "grades": {"Ni %": 0.678, "Cu %": 1.1744, "Co %": 0.0237, "PGE g/t": 1.907, "S %": 8.2621}, "depth_m": 3154, "blind": true, "strike_deg": 156, "dip_deg": 41, "length_m": 1734, "width_m": 134.5, "shape": "lens", "host": "intercrater_plains", "chance": 0.15, "seen_by": {"gravity": false, "magnetics": false, "em": false, "geochemistry": false}, "water_depth_m": 0, "crater_id": "TRB1-IMP-00037"}}, {"type": "Feature", "geometry": {"type": "Point", "coordinates": [151.34212, 78.35288]}, "properties": {"id": "TRB1-INI-000037A-12", "district_id": "TRB1-INI-000037A", "belt_id": null, "kind": "impact_melt_nickel", "name": "impact melt-sheet nickel\u2013copper\u2013PGE (Sudbury type)", "tonnage_mt": 229.2016, "grades": {"Ni %": 1.8351, "Cu %": 1.8348, "Co %": 0.037, "PGE g/t": 2.3893, "S %": 33.0499}, "depth_m": 3001, "blind": true, "strike_deg": 23, "dip_deg": 47, "length_m": 1239, "width_m": 194.4, "shape": "lens", "host": "intercrater_plains", "chance": 0.15, "seen_by": {"gravity": false, "magnetics": false, "em": false, "geochemistry": false}, "water_depth_m": 0, "crater_id": "TRB1-IMP-00037"}}, {"type": "Feature", "geometry": {"type": "Point", "coordinates": [12.72914, 85.08256]}, "properties": {"id": "TRB1-INI-000161A-01", "district_id": "TRB1-INI-000161A", "belt_id": null, "kind": "impact_melt_nickel", "name": "impact melt-sheet nickel\u2013copper\u2013PGE (Sudbury type)", "tonnage_mt": 41.8352, "grades": {"Ni %": 1.5165, "Cu %": 1.3809, "Co %": 0.0527, "PGE g/t": 0.7592, "S %": 33.2834}, "depth_m": 2572, "blind": true, "strike_deg": 178, "dip_deg": 48, "length_m": 2812, "width_m": 202.8, "shape": "lens", "host": "intercrater_plains", "chance": 0.15, "seen_by": {"gravity": false, "magnetics": false, "em": false, "geochemistry": false}, "water_depth_m": 0, "crater_id": "TRB1-IMP-00161"}}, {"type": "Feature", "geometry": {"type": "Point", "coordinates": [10.12421, 85.74183]}, "properties": {"id": "TRB1-INI-000161A-02", "district_id": "TRB1-INI-000161A", "belt_id": null, "kind": "impact_melt_nickel", "name": "impact melt-sheet nickel\u2013copper\u2013PGE (Sudbury type)", "tonnage_mt": 236.7184, "grades": {"Ni %": 1.4895, "Cu %": 1.3373, "Co %": 0.0529, "PGE g/t": 1.6305, "S %": 10.127}, "depth_m": 2586, "blind": true, "strike_deg": 64, "dip_deg": 33, "length_m": 6148, "width_m": 323.0, "shape": "lens", "host": "intercrater_plains", "chance": 0.15, "seen_by": {"gravity": false, "magnetics": false, "em": false, "geochemistry": false}, "water_depth_m": 0, "crater_id": "TRB1-IMP-00161"}}, {"type": "Feature", "geometry": {"type": "Point", "coordinates": [6.86, 84.62539]}, "properties": {"id": "TRB1-INI-000161A-03", "district_id": "TRB1-INI-000161A", "belt_id": null, "kind": "impact_melt_nickel", "name": "impact melt-sheet nickel\u2013copper\u2013PGE (Sudbury type)", "tonnage_mt": 142.7634, "grades": {"Ni %": 2.3677, "Cu %": 1.3587, "Co %": 0.0614, "PGE g/t": 2.7739, "S %": 16.2828}, "depth_m": 2707, "blind": true, "strike_deg": 107, "dip_deg": 62, "length_m": 6740, "width_m": 116.1, "shape": "lens", "host": "intercrater_plains", "chance": 0.15, "seen_by": {"gravity": false, "magnetics": false, "em": false, "geochemistry": false}, "water_depth_m": 0, "crater_id": "TRB1-IMP-00161"}}, {"type": "Feature", "geometry": {"type": "Point", "coordinates": [-1.08632, 85.30229]}, "properties": {"id": "TRB1-INI-000161A-04", "district_id": "TRB1-INI-000161A", "belt_id": null, "kind": "impact_melt_nickel", "name": "impact melt-sheet nickel\u2013copper\u2013PGE (Sudbury type)", "tonnage_mt": 57.651, "grades": {"Ni %": 1.4416, "Cu %": 1.1547, "Co %": 0.0348, "PGE g/t": 1.0985, "S %": 16.4238}, "depth_m": 2689, "blind": true, "strike_deg": 172, "dip_deg": 38, "length_m": 3903, "width_m": 396.4, "shape": "lens", "host": "intercrater_plains", "chance": 0.15, "seen_by": {"gravity": false, "magnetics": false, "em": false, "geochemistry": false}, "water_depth_m": 0, "crater_id": "TRB1-IMP-00161"}}, {"type": "Feature", "geometry": {"type": "Point", "coordinates": [-1.25958, 84.9711]}, "properties": {"id": "TRB1-INI-000161A-05", "district_id": "TRB1-INI-000161A", "belt_id": null, "kind": "impact_melt_nickel", "name": "impact melt-sheet nickel\u2013copper\u2013PGE (Sudbury type)", "tonnage_mt": 31.8738, "grades": {"Ni %": 0.7092, "Cu %": 1.0902, "Co %": 0.0639, "PGE g/t": 1.8252, "S %": 9.9767}, "depth_m": 2748, "blind": true, "strike_deg": 24, "dip_deg": 51, "length_m": 3729, "width_m": 343.8, "shape": "lens", "host": "intercrater_plains", "chance": 0.15, "seen_by": {"gravity": false, "magnetics": false, "em": false, "geochemistry": false}, "water_depth_m": 0, "crater_id": "TRB1-IMP-00161"}}, {"type": "Feature", "geometry": {"type": "Point", "coordinates": [5.25578, 84.74654]}, "properties": {"id": "TRB1-INI-000161A-06", "district_id": "TRB1-INI-000161A", "belt_id": null, "kind": "impact_melt_nickel", "name": "impact melt-sheet nickel\u2013copper\u2013PGE (Sudbury type)", "tonnage_mt": 69.842, "grades": {"Ni %": 2.0879, "Cu %": 1.4284, "Co %": 0.0392, "PGE g/t": 2.1002, "S %": 8.7893}, "depth_m": 2457, "blind": true, "strike_deg": 92, "dip_deg": 65, "length_m": 4819, "width_m": 140.3, "shape": "lens", "host": "intercrater_plains", "chance": 0.15, "seen_by": {"gravity": false, "magnetics": false, "em": false, "geochemistry": false}, "water_depth_m": 0, "crater_id": "TRB1-IMP-00161"}}, {"type": "Feature", "geometry": {"type": "Point", "coordinates": [0.56675, 85.49209]}, "properties": {"id": "TRB1-INI-000161A-07", "district_id": "TRB1-INI-000161A", "belt_id": null, "kind": "impact_melt_nickel", "name": "impact melt-sheet nickel\u2013copper\u2013PGE (Sudbury type)", "tonnage_mt": 592.8267, "grades": {"Ni %": 1.2249, "Cu %": 1.6452, "Co %": 0.0409, "PGE g/t": 1.8651, "S %": 13.492}, "depth_m": 2615, "blind": true, "strike_deg": 148, "dip_deg": 55, "length_m": 4103, "width_m": 229.9, "shape": "lens", "host": "intercrater_plains", "chance": 0.15, "seen_by": {"gravity": false, "magnetics": false, "em": false, "geochemistry": false}, "water_depth_m": 0, "crater_id": "TRB1-IMP-00161"}}, {"type": "Feature", "geometry": {"type": "Point", "coordinates": [3.05461, 84.76289]}, "properties": {"id": "TRB1-INI-000161A-08", "district_id": "TRB1-INI-000161A", "belt_id": null, "kind": "impact_melt_nickel", "name": "impact melt-sheet nickel\u2013copper\u2013PGE (Sudbury type)", "tonnage_mt": 39.1927, "grades": {"Ni %": 0.7489, "Cu %": 1.5568, "Co %": 0.02, "PGE g/t": 1.8376, "S %": 19.2752}, "depth_m": 2642, "blind": true, "strike_deg": 68, "dip_deg": 76, "length_m": 891, "width_m": 302.4, "shape": "lens", "host": "intercrater_plains", "chance": 0.15, "seen_by": {"gravity": false, "magnetics": false, "em": false, "geochemistry": false}, "water_depth_m": 0, "crater_id": "TRB1-IMP-00161"}}, {"type": "Feature", "geometry": {"type": "Point", "coordinates": [12.97711, 85.16272]}, "properties": {"id": "TRB1-INI-000161A-09", "district_id": "TRB1-INI-000161A", "belt_id": null, "kind": "impact_melt_nickel", "name": "impact melt-sheet nickel\u2013copper\u2013PGE (Sudbury type)", "tonnage_mt": 10.4099, "grades": {"Ni %": 1.5469, "Cu %": 0.9827, "Co %": 0.0411, "PGE g/t": 1.4008, "S %": 8.0065}, "depth_m": 2836, "blind": true, "strike_deg": 5, "dip_deg": 64, "length_m": 1508, "width_m": 106.0, "shape": "lens", "host": "intercrater_plains", "chance": 0.15, "seen_by": {"gravity": false, "magnetics": false, "em": false, "geochemistry": false}, "water_depth_m": 0, "crater_id": "TRB1-IMP-00161"}}, {"type": "Feature", "geometry": {"type": "Point", "coordinates": [5.69056, 84.63995]}, "properties": {"id": "TRB1-INI-000161A-10", "district_id": "TRB1-INI-000161A", "belt_id": null, "kind": "impact_melt_nickel", "name": "impact melt-sheet nickel\u2013copper\u2013PGE (Sudbury type)", "tonnage_mt": 39.9761, "grades": {"Ni %": 1.7213, "Cu %": 0.79, "Co %": 0.0286, "PGE g/t": 0.9678, "S %": 6.6583}, "depth_m": 2513, "blind": true, "strike_deg": 96, "dip_deg": 79, "length_m": 3024, "width_m": 325.5, "shape": "lens", "host": "intercrater_plains", "chance": 0.15, "seen_by": {"gravity": false, "magnetics": false, "em": false, "geochemistry": false}, "water_depth_m": 0, "crater_id": "TRB1-IMP-00161"}}, {"type": "Feature", "geometry": {"type": "Point", "coordinates": [1.69622, 84.86593]}, "properties": {"id": "TRB1-INI-000161A-11", "district_id": "TRB1-INI-000161A", "belt_id": null, "kind": "impact_melt_nickel", "name": "impact melt-sheet nickel\u2013copper\u2013PGE (Sudbury type)", "tonnage_mt": 466.8833, "grades": {"Ni %": 1.6212, "Cu %": 0.711, "Co %": 0.0345, "PGE g/t": 1.2577, "S %": 17.2751}, "depth_m": 2757, "blind": true, "strike_deg": 49, "dip_deg": 37, "length_m": 2250, "width_m": 181.0, "shape": "lens", "host": "intercrater_plains", "chance": 0.15, "seen_by": {"gravity": false, "magnetics": false, "em": false, "geochemistry": false}, "water_depth_m": 0, "crater_id": "TRB1-IMP-00161"}}, {"type": "Feature", "geometry": {"type": "Point", "coordinates": [-0.10901, 85.31333]}, "properties": {"id": "TRB1-INI-000161A-12", "district_id": "TRB1-INI-000161A", "belt_id": null, "kind": "impact_melt_nickel", "name": "impact melt-sheet nickel\u2013copper\u2013PGE (Sudbury type)", "tonnage_mt": 71.9095, "grades": {"Ni %": 1.8289, "Cu %": 0.8004, "Co %": 0.0235, "PGE g/t": 0.9804, "S %": 10.279}, "depth_m": 2542, "blind": true, "strike_deg": 170, "dip_deg": 62, "length_m": 4148, "width_m": 316.8, "shape": "lens", "host": "intercrater_plains", "chance": 0.15, "seen_by": {"gravity": false, "magnetics": false, "em": false, "geochemistry": false}, "water_depth_m": 0, "crater_id": "TRB1-IMP-00161"}}, {"type": "Feature", "geometry": {"type": "Point", "coordinates": [0.01613, 84.9586]}, "properties": {"id": "TRB1-INI-000161A-13", "district_id": "TRB1-INI-000161A", "belt_id": null, "kind": "impact_melt_nickel", "name": "impact melt-sheet nickel\u2013copper\u2013PGE (Sudbury type)", "tonnage_mt": 68.045, "grades": {"Ni %": 0.8392, "Cu %": 0.9444, "Co %": 0.0271, "PGE g/t": 1.7226, "S %": 16.1697}, "depth_m": 2610, "blind": true, "strike_deg": 30, "dip_deg": 58, "length_m": 5243, "width_m": 261.6, "shape": "lens", "host": "intercrater_plains", "chance": 0.15, "seen_by": {"gravity": false, "magnetics": false, "em": false, "geochemistry": false}, "water_depth_m": 0, "crater_id": "TRB1-IMP-00161"}}, {"type": "Feature", "geometry": {"type": "Point", "coordinates": [44.26294, -23.42656]}, "properties": {"id": "TRB1-INI-000256A-01", "district_id": "TRB1-INI-000256A", "belt_id": null, "kind": "impact_melt_nickel", "name": "impact melt-sheet nickel\u2013copper\u2013PGE (Sudbury type)", "tonnage_mt": 9.0695, "grades": {"Ni %": 0.6593, "Cu %": 0.7847, "Co %": 0.0402, "PGE g/t": 1.0217, "S %": 15.5311}, "depth_m": 2200, "blind": true, "strike_deg": 151, "dip_deg": 37, "length_m": 7518, "width_m": 189.3, "shape": "lens", "host": "intercrater_plains", "chance": 0.15, "seen_by": {"gravity": false, "magnetics": false, "em": false, "geochemistry": false}, "water_depth_m": 0, "crater_id": "TRB1-IMP-00256"}}, {"type": "Feature", "geometry": {"type": "Point", "coordinates": [44.22202, -23.47717]}, "properties": {"id": "TRB1-INI-000256A-02", "district_id": "TRB1-INI-000256A", "belt_id": null, "kind": "impact_melt_nickel", "name": "impact melt-sheet nickel\u2013copper\u2013PGE (Sudbury type)", "tonnage_mt": 9.0224, "grades": {"Ni %": 2.1052, "Cu %": 0.932, "Co %": 0.0967, "PGE g/t": 2.085, "S %": 12.8711}, "depth_m": 2451, "blind": true, "strike_deg": 150, "dip_deg": 38, "length_m": 2497, "width_m": 138.5, "shape": "lens", "host": "intercrater_plains", "chance": 0.15, "seen_by": {"gravity": false, "magnetics": false, "em": false, "geochemistry": false}, "water_depth_m": 0, "crater_id": "TRB1-IMP-00256"}}, {"type": "Feature", "geometry": {"type": "Point", "coordinates": [44.09728, -22.62011]}, "properties": {"id": "TRB1-INI-000256A-03", "district_id": "TRB1-INI-000256A", "belt_id": null, "kind": "impact_melt_nickel", "name": "impact melt-sheet nickel\u2013copper\u2013PGE (Sudbury type)", "tonnage_mt": 162.9306, "grades": {"Ni %": 0.7556, "Cu %": 0.6828, "Co %": 0.0686, "PGE g/t": 2.8634, "S %": 18.2875}, "depth_m": 2437, "blind": true, "strike_deg": 47, "dip_deg": 64, "length_m": 2656, "width_m": 141.7, "shape": "lens", "host": "intercrater_plains", "chance": 0.15, "seen_by": {"gravity": false, "magnetics": false, "em": false, "geochemistry": false}, "water_depth_m": 0, "crater_id": "TRB1-IMP-00256"}}, {"type": "Feature", "geometry": {"type": "Point", "coordinates": [44.01962, -23.2636]}, "properties": {"id": "TRB1-INI-000256A-04", "district_id": "TRB1-INI-000256A", "belt_id": null, "kind": "impact_melt_nickel", "name": "impact melt-sheet nickel\u2013copper\u2013PGE (Sudbury type)", "tonnage_mt": 64.8336, "grades": {"Ni %": 1.0801, "Cu %": 0.8227, "Co %": 0.0473, "PGE g/t": 1.486, "S %": 14.326}, "depth_m": 2492, "blind": true, "strike_deg": 120, "dip_deg": 53, "length_m": 2746, "width_m": 288.9, "shape": "lens", "host": "intercrater_plains", "chance": 0.15, "seen_by": {"gravity": false, "magnetics": false, "em": false, "geochemistry": false}, "water_depth_m": 0, "crater_id": "TRB1-IMP-00256"}}, {"type": "Feature", "geometry": {"type": "Point", "coordinates": [45.06766, -22.70121]}, "properties": {"id": "TRB1-INI-000256A-05", "district_id": "TRB1-INI-000256A", "belt_id": null, "kind": "impact_melt_nickel", "name": "impact melt-sheet nickel\u2013copper\u2013PGE (Sudbury type)", "tonnage_mt": 26.755, "grades": {"Ni %": 1.1265, "Cu %": 0.9645, "Co %": 0.051, "PGE g/t": 1.4769, "S %": 9.3867}, "depth_m": 2194, "blind": true, "strike_deg": 120, "dip_deg": 69, "length_m": 1986, "width_m": 209.5, "shape": "lens", "host": "intercrater_plains", "chance": 0.15, "seen_by": {"gravity": false, "magnetics": false, "em": false, "geochemistry": false}, "water_depth_m": 0, "crater_id": "TRB1-IMP-00256"}}, {"type": "Feature", "geometry": {"type": "Point", "coordinates": [44.48014, -22.55652]}, "properties": {"id": "TRB1-INI-000256A-06", "district_id": "TRB1-INI-000256A", "belt_id": null, "kind": "impact_melt_nickel", "name": "impact melt-sheet nickel\u2013copper\u2013PGE (Sudbury type)", "tonnage_mt": 84.4099, "grades": {"Ni %": 1.4712, "Cu %": 1.7152, "Co %": 0.0314, "PGE g/t": 2.0013, "S %": 18.7024}, "depth_m": 2521, "blind": true, "strike_deg": 6, "dip_deg": 79, "length_m": 3418, "width_m": 211.7, "shape": "lens", "host": "intercrater_plains", "chance": 0.15, "seen_by": {"gravity": false, "magnetics": false, "em": false, "geochemistry": false}, "water_depth_m": 0, "crater_id": "TRB1-IMP-00256"}}, {"type": "Feature", "geometry": {"type": "Point", "coordinates": [44.84564, -22.5657]}, "properties": {"id": "TRB1-INI-000256A-07", "district_id": "TRB1-INI-000256A", "belt_id": null, "kind": "impact_melt_nickel", "name": "impact melt-sheet nickel\u2013copper\u2013PGE (Sudbury type)", "tonnage_mt": 20.5588, "grades": {"Ni %": 0.9347, "Cu %": 1.0497, "Co %": 0.0467, "PGE g/t": 1.7263, "S %": 14.3272}, "depth_m": 2342, "blind": true, "strike_deg": 145, "dip_deg": 49, "length_m": 3135, "width_m": 152.2, "shape": "lens", "host": "intercrater_plains", "chance": 0.15, "seen_by": {"gravity": false, "magnetics": false, "em": false, "geochemistry": false}, "water_depth_m": 0, "crater_id": "TRB1-IMP-00256"}}, {"type": "Feature", "geometry": {"type": "Point", "coordinates": [44.67743, -22.55806]}, "properties": {"id": "TRB1-INI-000256A-08", "district_id": "TRB1-INI-000256A", "belt_id": null, "kind": "impact_melt_nickel", "name": "impact melt-sheet nickel\u2013copper\u2013PGE (Sudbury type)", "tonnage_mt": 35.7375, "grades": {"Ni %": 1.2347, "Cu %": 0.7343, "Co %": 0.0491, "PGE g/t": 1.3421, "S %": 10.7461}, "depth_m": 2421, "blind": true, "strike_deg": 162, "dip_deg": 55, "length_m": 2709, "width_m": 341.4, "shape": "lens", "host": "intercrater_plains", "chance": 0.15, "seen_by": {"gravity": false, "magnetics": false, "em": false, "geochemistry": false}, "water_depth_m": 0, "crater_id": "TRB1-IMP-00256"}}, {"type": "Feature", "geometry": {"type": "Point", "coordinates": [44.74749, -23.3837]}, "properties": {"id": "TRB1-INI-000256A-09", "district_id": "TRB1-INI-000256A", "belt_id": null, "kind": "impact_melt_nickel", "name": "impact melt-sheet nickel\u2013copper\u2013PGE (Sudbury type)", "tonnage_mt": 69.2217, "grades": {"Ni %": 0.9647, "Cu %": 1.3789, "Co %": 0.0502, "PGE g/t": 1.2735, "S %": 5.4238}, "depth_m": 2124, "blind": true, "strike_deg": 27, "dip_deg": 66, "length_m": 2911, "width_m": 132.4, "shape": "lens", "host": "intercrater_plains", "chance": 0.15, "seen_by": {"gravity": false, "magnetics": false, "em": false, "geochemistry": false}, "water_depth_m": 0, "crater_id": "TRB1-IMP-00256"}}, {"type": "Feature", "geometry": {"type": "Point", "coordinates": [43.95542, -23.22307]}, "properties": {"id": "TRB1-INI-000256A-10", "district_id": "TRB1-INI-000256A", "belt_id": null, "kind": "impact_melt_nickel", "name": "impact melt-sheet nickel\u2013copper\u2013PGE (Sudbury type)", "tonnage_mt": 58.1297, "grades": {"Ni %": 1.2532, "Cu %": 1.5351, "Co %": 0.0271, "PGE g/t": 1.3504, "S %": 18.6339}, "depth_m": 2418, "blind": true, "strike_deg": 114, "dip_deg": 52, "length_m": 4874, "width_m": 269.1, "shape": "lens", "host": "intercrater_plains", "chance": 0.15, "seen_by": {"gravity": false, "magnetics": false, "em": false, "geochemistry": false}, "water_depth_m": 0, "crater_id": "TRB1-IMP-00256"}}, {"type": "Feature", "geometry": {"type": "Point", "coordinates": [-131.56586, 31.42359]}, "properties": {"id": "TRB1-INI-000306A-01", "district_id": "TRB1-INI-000306A", "belt_id": null, "kind": "impact_melt_nickel", "name": "impact melt-sheet nickel\u2013copper\u2013PGE (Sudbury type)", "tonnage_mt": 164.5529, "grades": {"Ni %": 0.8643, "Cu %": 2.0578, "Co %": 0.0372, "PGE g/t": 1.6418, "S %": 13.5788}, "depth_m": 1877, "blind": true, "strike_deg": 87, "dip_deg": 66, "length_m": 3489, "width_m": 216.6, "shape": "lens", "host": "primary_crust", "chance": 0.15, "seen_by": {"gravity": false, "magnetics": false, "em": false, "geochemistry": false}, "water_depth_m": 0, "crater_id": "TRB1-IMP-00306"}}, {"type": "Feature", "geometry": {"type": "Point", "coordinates": [-130.9869, 31.90034]}, "properties": {"id": "TRB1-INI-000306A-02", "district_id": "TRB1-INI-000306A", "belt_id": null, "kind": "impact_melt_nickel", "name": "impact melt-sheet nickel\u2013copper\u2013PGE (Sudbury type)", "tonnage_mt": 530.5599, "grades": {"Ni %": 1.8512, "Cu %": 1.0604, "Co %": 0.0744, "PGE g/t": 0.9918, "S %": 19.7031}, "depth_m": 2265, "blind": true, "strike_deg": 1, "dip_deg": 72, "length_m": 4425, "width_m": 461.4, "shape": "lens", "host": "primary_crust", "chance": 0.15, "seen_by": {"gravity": false, "magnetics": false, "em": false, "geochemistry": false}, "water_depth_m": 0, "crater_id": "TRB1-IMP-00306"}}, {"type": "Feature", "geometry": {"type": "Point", "coordinates": [-130.56439, 31.54554]}, "properties": {"id": "TRB1-INI-000306A-03", "district_id": "TRB1-INI-000306A", "belt_id": null, "kind": "impact_melt_nickel", "name": "impact melt-sheet nickel\u2013copper\u2013PGE (Sudbury type)", "tonnage_mt": 108.6264, "grades": {"Ni %": 1.6186, "Cu %": 0.9659, "Co %": 0.0578, "PGE g/t": 1.5937, "S %": 6.573}, "depth_m": 2220, "blind": true, "strike_deg": 113, "dip_deg": 79, "length_m": 3950, "width_m": 215.7, "shape": "lens", "host": "primary_crust", "chance": 0.15, "seen_by": {"gravity": false, "magnetics": false, "em": false, "geochemistry": false}, "water_depth_m": 0, "crater_id": "TRB1-IMP-00306"}}, {"type": "Feature", "geometry": {"type": "Point", "coordinates": [-130.63761, 30.97082]}, "properties": {"id": "TRB1-INI-000306A-04", "district_id": "TRB1-INI-000306A", "belt_id": null, "kind": "impact_melt_nickel", "name": "impact melt-sheet nickel\u2013copper\u2013PGE (Sudbury type)", "tonnage_mt": 289.1375, "grades": {"Ni %": 1.4058, "Cu %": 1.3728, "Co %": 0.034, "PGE g/t": 1.0889, "S %": 20.0471}, "depth_m": 2053, "blind": true, "strike_deg": 35, "dip_deg": 32, "length_m": 5859, "width_m": 131.1, "shape": "lens", "host": "primary_crust", "chance": 0.15, "seen_by": {"gravity": false, "magnetics": false, "em": false, "geochemistry": false}, "water_depth_m": 0, "crater_id": "TRB1-IMP-00306"}}, {"type": "Feature", "geometry": {"type": "Point", "coordinates": [-131.50849, 31.47229]}, "properties": {"id": "TRB1-INI-000306A-05", "district_id": "TRB1-INI-000306A", "belt_id": null, "kind": "impact_melt_nickel", "name": "impact melt-sheet nickel\u2013copper\u2013PGE (Sudbury type)", "tonnage_mt": 26.6036, "grades": {"Ni %": 2.0034, "Cu %": 0.6696, "Co %": 0.0671, "PGE g/t": 1.6654, "S %": 9.9242}, "depth_m": 2230, "blind": true, "strike_deg": 80, "dip_deg": 70, "length_m": 9353, "width_m": 231.6, "shape": "lens", "host": "primary_crust", "chance": 0.15, "seen_by": {"gravity": false, "magnetics": false, "em": false, "geochemistry": false}, "water_depth_m": 0, "crater_id": "TRB1-IMP-00306"}}, {"type": "Feature", "geometry": {"type": "Point", "coordinates": [-131.27472, 31.81787]}, "properties": {"id": "TRB1-INI-000306A-06", "district_id": "TRB1-INI-000306A", "belt_id": null, "kind": "impact_melt_nickel", "name": "impact melt-sheet nickel\u2013copper\u2013PGE (Sudbury type)", "tonnage_mt": 142.3775, "grades": {"Ni %": 1.7964, "Cu %": 0.9049, "Co %": 0.0396, "PGE g/t": 2.0048, "S %": 5.6667}, "depth_m": 2152, "blind": true, "strike_deg": 31, "dip_deg": 52, "length_m": 1418, "width_m": 177.9, "shape": "lens", "host": "primary_crust", "chance": 0.15, "seen_by": {"gravity": false, "magnetics": false, "em": false, "geochemistry": false}, "water_depth_m": 0, "crater_id": "TRB1-IMP-00306"}}, {"type": "Feature", "geometry": {"type": "Point", "coordinates": [-130.43211, 31.33677]}, "properties": {"id": "TRB1-INI-000306A-07", "district_id": "TRB1-INI-000306A", "belt_id": null, "kind": "impact_melt_nickel", "name": "impact melt-sheet nickel\u2013copper\u2013PGE (Sudbury type)", "tonnage_mt": 7.6346, "grades": {"Ni %": 1.5324, "Cu %": 0.9875, "Co %": 0.0612, "PGE g/t": 1.2492, "S %": 15.9297}, "depth_m": 2140, "blind": true, "strike_deg": 83, "dip_deg": 47, "length_m": 1133, "width_m": 590.4, "shape": "lens", "host": "primary_crust", "chance": 0.15, "seen_by": {"gravity": false, "magnetics": false, "em": false, "geochemistry": false}, "water_depth_m": 0, "crater_id": "TRB1-IMP-00306"}}, {"type": "Feature", "geometry": {"type": "Point", "coordinates": [-130.55734, 31.64564]}, "properties": {"id": "TRB1-INI-000306A-08", "district_id": "TRB1-INI-000306A", "belt_id": null, "kind": "impact_melt_nickel", "name": "impact melt-sheet nickel\u2013copper\u2013PGE (Sudbury type)", "tonnage_mt": 93.9922, "grades": {"Ni %": 1.1588, "Cu %": 0.8588, "Co %": 0.0403, "PGE g/t": 1.2634, "S %": 15.8123}, "depth_m": 2214, "blind": true, "strike_deg": 125, "dip_deg": 46, "length_m": 3489, "width_m": 211.9, "shape": "lens", "host": "primary_crust", "chance": 0.15, "seen_by": {"gravity": false, "magnetics": false, "em": false, "geochemistry": false}, "water_depth_m": 0, "crater_id": "TRB1-IMP-00306"}}, {"type": "Feature", "geometry": {"type": "Point", "coordinates": [-131.1544, 31.87776]}, "properties": {"id": "TRB1-INI-000306A-09", "district_id": "TRB1-INI-000306A", "belt_id": null, "kind": "impact_melt_nickel", "name": "impact melt-sheet nickel\u2013copper\u2013PGE (Sudbury type)", "tonnage_mt": 38.7679, "grades": {"Ni %": 1.1635, "Cu %": 1.5568, "Co %": 0.0307, "PGE g/t": 1.6394, "S %": 22.6367}, "depth_m": 2340, "blind": true, "strike_deg": 17, "dip_deg": 72, "length_m": 1446, "width_m": 214.4, "shape": "lens", "host": "primary_crust", "chance": 0.15, "seen_by": {"gravity": false, "magnetics": false, "em": false, "geochemistry": false}, "water_depth_m": 0, "crater_id": "TRB1-IMP-00306"}}, {"type": "Feature", "geometry": {"type": "Point", "coordinates": [-130.63469, 31.10686]}, "properties": {"id": "TRB1-INI-000306A-10", "district_id": "TRB1-INI-000306A", "belt_id": null, "kind": "impact_melt_nickel", "name": "impact melt-sheet nickel\u2013copper\u2013PGE (Sudbury type)", "tonnage_mt": 98.9395, "grades": {"Ni %": 2.3449, "Cu %": 0.7751, "Co %": 0.0368, "PGE g/t": 0.939, "S %": 10.0295}, "depth_m": 2190, "blind": true, "strike_deg": 46, "dip_deg": 70, "length_m": 3853, "width_m": 241.6, "shape": "lens", "host": "primary_crust", "chance": 0.15, "seen_by": {"gravity": false, "magnetics": false, "em": false, "geochemistry": false}, "water_depth_m": 0, "crater_id": "TRB1-IMP-00306"}}, {"type": "Feature", "geometry": {"type": "Point", "coordinates": [-47.92605, -1.23398]}, "properties": {"id": "TRB1-INI-000542A-01", "district_id": "TRB1-INI-000542A", "belt_id": null, "kind": "impact_melt_nickel", "name": "impact melt-sheet nickel\u2013copper\u2013PGE (Sudbury type)", "tonnage_mt": 16.1949, "grades": {"Ni %": 1.6341, "Cu %": 0.7283, "Co %": 0.0291, "PGE g/t": 1.5544, "S %": 10.7969}, "depth_m": 1806, "blind": true, "strike_deg": 98, "dip_deg": 63, "length_m": 4615, "width_m": 152.2, "shape": "lens", "host": "intercrater_plains", "chance": 0.15, "seen_by": {"gravity": false, "magnetics": false, "em": false, "geochemistry": false}, "water_depth_m": 0, "crater_id": "TRB1-IMP-00542"}}, {"type": "Feature", "geometry": {"type": "Point", "coordinates": [-47.95228, -1.41158]}, "properties": {"id": "TRB1-INI-000542A-02", "district_id": "TRB1-INI-000542A", "belt_id": null, "kind": "impact_melt_nickel", "name": "impact melt-sheet nickel\u2013copper\u2013PGE (Sudbury type)", "tonnage_mt": 559.8272, "grades": {"Ni %": 0.5841, "Cu %": 0.7231, "Co %": 0.0279, "PGE g/t": 0.9632, "S %": 12.2123}, "depth_m": 1774, "blind": true, "strike_deg": 72, "dip_deg": 64, "length_m": 2212, "width_m": 219.9, "shape": "lens", "host": "intercrater_plains", "chance": 0.15, "seen_by": {"gravity": false, "magnetics": false, "em": false, "geochemistry": false}, "water_depth_m": 0, "crater_id": "TRB1-IMP-00542"}}, {"type": "Feature", "geometry": {"type": "Point", "coordinates": [-48.10334, -1.57082]}, "properties": {"id": "TRB1-INI-000542A-03", "district_id": "TRB1-INI-000542A", "belt_id": null, "kind": "impact_melt_nickel", "name": "impact melt-sheet nickel\u2013copper\u2013PGE (Sudbury type)", "tonnage_mt": 116.5019, "grades": {"Ni %": 1.1787, "Cu %": 1.0996, "Co %": 0.0604, "PGE g/t": 1.3289, "S %": 5.4488}, "depth_m": 1557, "blind": true, "strike_deg": 37, "dip_deg": 34, "length_m": 3305, "width_m": 344.7, "shape": "lens", "host": "intercrater_plains", "chance": 0.15, "seen_by": {"gravity": false, "magnetics": false, "em": false, "geochemistry": false}, "water_depth_m": 0, "crater_id": "TRB1-IMP-00542"}}, {"type": "Feature", "geometry": {"type": "Point", "coordinates": [-48.56429, -1.53716]}, "properties": {"id": "TRB1-INI-000542A-04", "district_id": "TRB1-INI-000542A", "belt_id": null, "kind": "impact_melt_nickel", "name": "impact melt-sheet nickel\u2013copper\u2013PGE (Sudbury type)", "tonnage_mt": 93.149, "grades": {"Ni %": 1.3442, "Cu %": 0.983, "Co %": 0.054, "PGE g/t": 1.1072, "S %": 12.9402}, "depth_m": 1778, "blind": true, "strike_deg": 135, "dip_deg": 36, "length_m": 1623, "width_m": 388.0, "shape": "lens", "host": "intercrater_plains", "chance": 0.15, "seen_by": {"gravity": false, "magnetics": false, "em": false, "geochemistry": false}, "water_depth_m": 0, "crater_id": "TRB1-IMP-00542"}}, {"type": "Feature", "geometry": {"type": "Point", "coordinates": [-48.51625, -1.55689]}, "properties": {"id": "TRB1-INI-000542A-05", "district_id": "TRB1-INI-000542A", "belt_id": null, "kind": "impact_melt_nickel", "name": "impact melt-sheet nickel\u2013copper\u2013PGE (Sudbury type)", "tonnage_mt": 44.8202, "grades": {"Ni %": 2.3451, "Cu %": 0.8245, "Co %": 0.0499, "PGE g/t": 1.0592, "S %": 7.0502}, "depth_m": 2003, "blind": true, "strike_deg": 143, "dip_deg": 74, "length_m": 3029, "width_m": 188.4, "shape": "lens", "host": "intercrater_plains", "chance": 0.15, "seen_by": {"gravity": false, "magnetics": false, "em": false, "geochemistry": false}, "water_depth_m": 0, "crater_id": "TRB1-IMP-00542"}}, {"type": "Feature", "geometry": {"type": "Point", "coordinates": [-48.58977, -1.55798]}, "properties": {"id": "TRB1-INI-000542A-06", "district_id": "TRB1-INI-000542A", "belt_id": null, "kind": "impact_melt_nickel", "name": "impact melt-sheet nickel\u2013copper\u2013PGE (Sudbury type)", "tonnage_mt": 116.4545, "grades": {"Ni %": 0.8131, "Cu %": 1.8477, "Co %": 0.0332, "PGE g/t": 1.5902, "S %": 7.2409}, "depth_m": 1737, "blind": true, "strike_deg": 134, "dip_deg": 75, "length_m": 3163, "width_m": 212.7, "shape": "lens", "host": "intercrater_plains", "chance": 0.15, "seen_by": {"gravity": false, "magnetics": false, "em": false, "geochemistry": false}, "water_depth_m": 0, "crater_id": "TRB1-IMP-00542"}}, {"type": "Feature", "geometry": {"type": "Point", "coordinates": [-47.97131, -1.5827]}, "properties": {"id": "TRB1-INI-000542A-07", "district_id": "TRB1-INI-000542A", "belt_id": null, "kind": "impact_melt_nickel", "name": "impact melt-sheet nickel\u2013copper\u2013PGE (Sudbury type)", "tonnage_mt": 25.4166, "grades": {"Ni %": 0.7877, "Cu %": 1.7219, "Co %": 0.0245, "PGE g/t": 1.1353, "S %": 10.3769}, "depth_m": 1973, "blind": true, "strike_deg": 50, "dip_deg": 65, "length_m": 4193, "width_m": 289.4, "shape": "lens", "host": "intercrater_plains", "chance": 0.15, "seen_by": {"gravity": false, "magnetics": false, "em": false, "geochemistry": false}, "water_depth_m": 0, "crater_id": "TRB1-IMP-00542"}}, {"type": "Feature", "geometry": {"type": "Point", "coordinates": [-48.6747, -1.4709]}, "properties": {"id": "TRB1-INI-000542A-08", "district_id": "TRB1-INI-000542A", "belt_id": null, "kind": "impact_melt_nickel", "name": "impact melt-sheet nickel\u2013copper\u2013PGE (Sudbury type)", "tonnage_mt": 32.8253, "grades": {"Ni %": 0.9093, "Cu %": 0.6401, "Co %": 0.0319, "PGE g/t": 1.8399, "S %": 14.8471}, "depth_m": 1823, "blind": true, "strike_deg": 117, "dip_deg": 57, "length_m": 3157, "width_m": 393.5, "shape": "lens", "host": "intercrater_plains", "chance": 0.15, "seen_by": {"gravity": false, "magnetics": false, "em": false, "geochemistry": false}, "water_depth_m": 0, "crater_id": "TRB1-IMP-00542"}}, {"type": "Feature", "geometry": {"type": "Point", "coordinates": [-48.52314, -1.62611]}, "properties": {"id": "TRB1-INI-000542A-09", "district_id": "TRB1-INI-000542A", "belt_id": null, "kind": "impact_melt_nickel", "name": "impact melt-sheet nickel\u2013copper\u2013PGE (Sudbury type)", "tonnage_mt": 44.9056, "grades": {"Ni %": 0.993, "Cu %": 0.9594, "Co %": 0.0457, "PGE g/t": 1.5303, "S %": 19.6284}, "depth_m": 1827, "blind": true, "strike_deg": 148, "dip_deg": 51, "length_m": 3013, "width_m": 174.2, "shape": "lens", "host": "intercrater_plains", "chance": 0.15, "seen_by": {"gravity": false, "magnetics": false, "em": false, "geochemistry": false}, "water_depth_m": 0, "crater_id": "TRB1-IMP-00542"}}, {"type": "Feature", "geometry": {"type": "Point", "coordinates": [-47.98078, -1.4314]}, "properties": {"id": "TRB1-INI-000542A-10", "district_id": "TRB1-INI-000542A", "belt_id": null, "kind": "impact_melt_nickel", "name": "impact melt-sheet nickel\u2013copper\u2013PGE (Sudbury type)", "tonnage_mt": 38.1626, "grades": {"Ni %": 1.478, "Cu %": 1.271, "Co %": 0.0497, "PGE g/t": 1.3436, "S %": 12.4132}, "depth_m": 1878, "blind": true, "strike_deg": 67, "dip_deg": 50, "length_m": 1898, "width_m": 296.5, "shape": "lens", "host": "intercrater_plains", "chance": 0.15, "seen_by": {"gravity": false, "magnetics": false, "em": false, "geochemistry": false}, "water_depth_m": 0, "crater_id": "TRB1-IMP-00542"}}, {"type": "Feature", "geometry": {"type": "Point", "coordinates": [-48.6543, -1.3752]}, "properties": {"id": "TRB1-INI-000542A-11", "district_id": "TRB1-INI-000542A", "belt_id": null, "kind": "impact_melt_nickel", "name": "impact melt-sheet nickel\u2013copper\u2013PGE (Sudbury type)", "tonnage_mt": 64.9977, "grades": {"Ni %": 0.9546, "Cu %": 0.8384, "Co %": 0.0642, "PGE g/t": 0.9414, "S %": 7.2661}, "depth_m": 1765, "blind": true, "strike_deg": 104, "dip_deg": 62, "length_m": 2751, "width_m": 158.6, "shape": "lens", "host": "intercrater_plains", "chance": 0.15, "seen_by": {"gravity": false, "magnetics": false, "em": false, "geochemistry": false}, "water_depth_m": 0, "crater_id": "TRB1-IMP-00542"}}, {"type": "Feature", "geometry": {"type": "Point", "coordinates": [-48.11095, -1.63711]}, "properties": {"id": "TRB1-INI-000542A-12", "district_id": "TRB1-INI-000542A", "belt_id": null, "kind": "impact_melt_nickel", "name": "impact melt-sheet nickel\u2013copper\u2013PGE (Sudbury type)", "tonnage_mt": 4.0874, "grades": {"Ni %": 1.0247, "Cu %": 1.9075, "Co %": 0.0549, "PGE g/t": 1.9368, "S %": 18.3694}, "depth_m": 1599, "blind": true, "strike_deg": 31, "dip_deg": 45, "length_m": 1011, "width_m": 170.0, "shape": "lens", "host": "intercrater_plains", "chance": 0.15, "seen_by": {"gravity": false, "magnetics": false, "em": false, "geochemistry": false}, "water_depth_m": 0, "crater_id": "TRB1-IMP-00542"}}, {"type": "Feature", "geometry": {"type": "Point", "coordinates": [146.36639, 29.13938]}, "properties": {"id": "TRB1-INI-000637A-01", "district_id": "TRB1-INI-000637A", "belt_id": null, "kind": "impact_melt_nickel", "name": "impact melt-sheet nickel\u2013copper\u2013PGE (Sudbury type)", "tonnage_mt": 53.6936, "grades": {"Ni %": 0.8924, "Cu %": 1.4544, "Co %": 0.0558, "PGE g/t": 1.3997, "S %": 15.5172}, "depth_m": 1556, "blind": true, "strike_deg": 92, "dip_deg": 41, "length_m": 3226, "width_m": 212.3, "shape": "lens", "host": "primary_crust", "chance": 0.15, "seen_by": {"gravity": false, "magnetics": false, "em": false, "geochemistry": false}, "water_depth_m": 0, "crater_id": "TRB1-IMP-00637"}}, {"type": "Feature", "geometry": {"type": "Point", "coordinates": [147.24687, 29.28553]}, "properties": {"id": "TRB1-INI-000637A-02", "district_id": "TRB1-INI-000637A", "belt_id": null, "kind": "impact_melt_nickel", "name": "impact melt-sheet nickel\u2013copper\u2013PGE (Sudbury type)", "tonnage_mt": 120.7199, "grades": {"Ni %": 1.5203, "Cu %": 1.3583, "Co %": 0.0427, "PGE g/t": 1.619, "S %": 11.299}, "depth_m": 1820, "blind": true, "strike_deg": 110, "dip_deg": 59, "length_m": 2859, "width_m": 126.0, "shape": "lens", "host": "primary_crust", "chance": 0.15, "seen_by": {"gravity": false, "magnetics": false, "em": false, "geochemistry": false}, "water_depth_m": 0, "crater_id": "TRB1-IMP-00637"}}, {"type": "Feature", "geometry": {"type": "Point", "coordinates": [146.66693, 29.55636]}, "properties": {"id": "TRB1-INI-000637A-03", "district_id": "TRB1-INI-000637A", "belt_id": null, "kind": "impact_melt_nickel", "name": "impact melt-sheet nickel\u2013copper\u2013PGE (Sudbury type)", "tonnage_mt": 431.2174, "grades": {"Ni %": 1.12, "Cu %": 1.2696, "Co %": 0.0262, "PGE g/t": 1.0715, "S %": 10.809}, "depth_m": 1761, "blind": true, "strike_deg": 18, "dip_deg": 42, "length_m": 2426, "width_m": 177.4, "shape": "lens", "host": "primary_crust", "chance": 0.15, "seen_by": {"gravity": false, "magnetics": false, "em": false, "geochemistry": false}, "water_depth_m": 0, "crater_id": "TRB1-IMP-00637"}}, {"type": "Feature", "geometry": {"type": "Point", "coordinates": [146.59676, 29.38479]}, "properties": {"id": "TRB1-INI-000637A-04", "district_id": "TRB1-INI-000637A", "belt_id": null, "kind": "impact_melt_nickel", "name": "impact melt-sheet nickel\u2013copper\u2013PGE (Sudbury type)", "tonnage_mt": 221.718, "grades": {"Ni %": 1.5862, "Cu %": 1.1304, "Co %": 0.0454, "PGE g/t": 0.6061, "S %": 8.3299}, "depth_m": 1740, "blind": true, "strike_deg": 40, "dip_deg": 70, "length_m": 2053, "width_m": 272.9, "shape": "lens", "host": "primary_crust", "chance": 0.15, "seen_by": {"gravity": false, "magnetics": false, "em": false, "geochemistry": false}, "water_depth_m": 0, "crater_id": "TRB1-IMP-00637"}}, {"type": "Feature", "geometry": {"type": "Point", "coordinates": [147.26115, 29.10226]}, "properties": {"id": "TRB1-INI-000637A-05", "district_id": "TRB1-INI-000637A", "belt_id": null, "kind": "impact_melt_nickel", "name": "impact melt-sheet nickel\u2013copper\u2013PGE (Sudbury type)", "tonnage_mt": 153.2607, "grades": {"Ni %": 0.6012, "Cu %": 0.6737, "Co %": 0.0632, "PGE g/t": 0.9172, "S %": 16.0092}, "depth_m": 1607, "blind": true, "strike_deg": 83, "dip_deg": 34, "length_m": 1695, "width_m": 173.4, "shape": "lens", "host": "primary_crust", "chance": 0.15, "seen_by": {"gravity": false, "magnetics": false, "em": false, "geochemistry": false}, "water_depth_m": 0, "crater_id": "TRB1-IMP-00637"}}, {"type": "Feature", "geometry": {"type": "Point", "coordinates": [147.25221, 29.07332]}, "properties": {"id": "TRB1-INI-000637A-06", "district_id": "TRB1-INI-000637A", "belt_id": null, "kind": "impact_melt_nickel", "name": "impact melt-sheet nickel\u2013copper\u2013PGE (Sudbury type)", "tonnage_mt": 125.4918, "grades": {"Ni %": 1.148, "Cu %": 0.6456, "Co %": 0.0299, "PGE g/t": 2.0507, "S %": 12.2403}, "depth_m": 1709, "blind": true, "strike_deg": 78, "dip_deg": 50, "length_m": 1075, "width_m": 219.1, "shape": "lens", "host": "primary_crust", "chance": 0.15, "seen_by": {"gravity": false, "magnetics": false, "em": false, "geochemistry": false}, "water_depth_m": 0, "crater_id": "TRB1-IMP-00637"}}, {"type": "Feature", "geometry": {"type": "Point", "coordinates": [146.39253, 29.05093]}, "properties": {"id": "TRB1-INI-000637A-07", "district_id": "TRB1-INI-000637A", "belt_id": null, "kind": "impact_melt_nickel", "name": "impact melt-sheet nickel\u2013copper\u2013PGE (Sudbury type)", "tonnage_mt": 143.7923, "grades": {"Ni %": 1.8225, "Cu %": 0.6883, "Co %": 0.0525, "PGE g/t": 0.6714, "S %": 21.028}, "depth_m": 1638, "blind": true, "strike_deg": 105, "dip_deg": 75, "length_m": 2581, "width_m": 126.5, "shape": "lens", "host": "primary_crust", "chance": 0.15, "seen_by": {"gravity": false, "magnetics": false, "em": false, "geochemistry": false}, "water_depth_m": 0, "crater_id": "TRB1-IMP-00637"}}, {"type": "Feature", "geometry": {"type": "Point", "coordinates": [146.82935, 28.82602]}, "properties": {"id": "TRB1-INI-000637A-08", "district_id": "TRB1-INI-000637A", "belt_id": null, "kind": "impact_melt_nickel", "name": "impact melt-sheet nickel\u2013copper\u2013PGE (Sudbury type)", "tonnage_mt": 80.0063, "grades": {"Ni %": 1.3558, "Cu %": 0.6169, "Co %": 0.0626, "PGE g/t": 1.1901, "S %": 7.67}, "depth_m": 1394, "blind": true, "strike_deg": 1, "dip_deg": 40, "length_m": 2827, "width_m": 256.9, "shape": "lens", "host": "primary_crust", "chance": 0.15, "seen_by": {"gravity": false, "magnetics": false, "em": false, "geochemistry": false}, "water_depth_m": 0, "crater_id": "TRB1-IMP-00637"}}, {"type": "Feature", "geometry": {"type": "Point", "coordinates": [146.38333, 29.27162]}, "properties": {"id": "TRB1-INI-000637A-09", "district_id": "TRB1-INI-000637A", "belt_id": null, "kind": "impact_melt_nickel", "name": "impact melt-sheet nickel\u2013copper\u2013PGE (Sudbury type)", "tonnage_mt": 39.1168, "grades": {"Ni %": 1.6789, "Cu %": 1.0084, "Co %": 0.0223, "PGE g/t": 0.8197, "S %": 11.4368}, "depth_m": 1572, "blind": true, "strike_deg": 73, "dip_deg": 50, "length_m": 1310, "width_m": 302.4, "shape": "lens", "host": "primary_crust", "chance": 0.15, "seen_by": {"gravity": false, "magnetics": false, "em": false, "geochemistry": false}, "water_depth_m": 0, "crater_id": "TRB1-IMP-00637"}}, {"type": "Feature", "geometry": {"type": "Point", "coordinates": [146.40354, 29.37935]}, "properties": {"id": "TRB1-INI-000637A-10", "district_id": "TRB1-INI-000637A", "belt_id": null, "kind": "impact_melt_nickel", "name": "impact melt-sheet nickel\u2013copper\u2013PGE (Sudbury type)", "tonnage_mt": 51.0491, "grades": {"Ni %": 1.7217, "Cu %": 1.2173, "Co %": 0.0251, "PGE g/t": 2.6525, "S %": 19.9198}, "depth_m": 1657, "blind": true, "strike_deg": 58, "dip_deg": 77, "length_m": 3928, "width_m": 133.2, "shape": "lens", "host": "primary_crust", "chance": 0.15, "seen_by": {"gravity": false, "magnetics": false, "em": false, "geochemistry": false}, "water_depth_m": 0, "crater_id": "TRB1-IMP-00637"}}, {"type": "Feature", "geometry": {"type": "Point", "coordinates": [146.38511, 29.15218]}, "properties": {"id": "TRB1-INI-000637A-11", "district_id": "TRB1-INI-000637A", "belt_id": null, "kind": "impact_melt_nickel", "name": "impact melt-sheet nickel\u2013copper\u2013PGE (Sudbury type)", "tonnage_mt": 152.2427, "grades": {"Ni %": 1.3095, "Cu %": 1.311, "Co %": 0.0431, "PGE g/t": 0.9618, "S %": 16.9315}, "depth_m": 1923, "blind": true, "strike_deg": 90, "dip_deg": 75, "length_m": 2549, "width_m": 162.8, "shape": "lens", "host": "primary_crust", "chance": 0.15, "seen_by": {"gravity": false, "magnetics": false, "em": false, "geochemistry": false}, "water_depth_m": 0, "crater_id": "TRB1-IMP-00637"}}, {"type": "Feature", "geometry": {"type": "Point", "coordinates": [147.22131, 28.91954]}, "properties": {"id": "TRB1-INI-000637A-12", "district_id": "TRB1-INI-000637A", "belt_id": null, "kind": "impact_melt_nickel", "name": "impact melt-sheet nickel\u2013copper\u2013PGE (Sudbury type)", "tonnage_mt": 140.8231, "grades": {"Ni %": 0.9318, "Cu %": 0.7337, "Co %": 0.0511, "PGE g/t": 1.0696, "S %": 6.5542}, "depth_m": 1716, "blind": true, "strike_deg": 56, "dip_deg": 32, "length_m": 4871, "width_m": 89.8, "shape": "lens", "host": "primary_crust", "chance": 0.15, "seen_by": {"gravity": false, "magnetics": false, "em": false, "geochemistry": false}, "water_depth_m": 0, "crater_id": "TRB1-IMP-00637"}}, {"type": "Feature", "geometry": {"type": "Point", "coordinates": [147.23952, 29.26973]}, "properties": {"id": "TRB1-INI-000637A-13", "district_id": "TRB1-INI-000637A", "belt_id": null, "kind": "impact_melt_nickel", "name": "impact melt-sheet nickel\u2013copper\u2013PGE (Sudbury type)", "tonnage_mt": 154.4037, "grades": {"Ni %": 0.875, "Cu %": 0.7652, "Co %": 0.0466, "PGE g/t": 1.7613, "S %": 10.9456}, "depth_m": 1660, "blind": true, "strike_deg": 108, "dip_deg": 30, "length_m": 3195, "width_m": 287.1, "shape": "lens", "host": "primary_crust", "chance": 0.15, "seen_by": {"gravity": false, "magnetics": false, "em": false, "geochemistry": false}, "water_depth_m": 0, "crater_id": "TRB1-IMP-00637"}}, {"type": "Feature", "geometry": {"type": "Point", "coordinates": [146.52054, 28.8866]}, "properties": {"id": "TRB1-INI-000637A-14", "district_id": "TRB1-INI-000637A", "belt_id": null, "kind": "impact_melt_nickel", "name": "impact melt-sheet nickel\u2013copper\u2013PGE (Sudbury type)", "tonnage_mt": 300.7457, "grades": {"Ni %": 0.8287, "Cu %": 2.314, "Co %": 0.0282, "PGE g/t": 1.8414, "S %": 9.2116}, "depth_m": 1458, "blind": true, "strike_deg": 135, "dip_deg": 78, "length_m": 3039, "width_m": 212.0, "shape": "lens", "host": "primary_crust", "chance": 0.15, "seen_by": {"gravity": false, "magnetics": false, "em": false, "geochemistry": false}, "water_depth_m": 0, "crater_id": "TRB1-IMP-00637"}}, {"type": "Feature", "geometry": {"type": "Point", "coordinates": [43.42497, 43.29222]}, "properties": {"id": "TRB1-INI-000717A-01", "district_id": "TRB1-INI-000717A", "belt_id": null, "kind": "impact_melt_nickel", "name": "impact melt-sheet nickel\u2013copper\u2013PGE (Sudbury type)", "tonnage_mt": 49.8664, "grades": {"Ni %": 1.4641, "Cu %": 1.0521, "Co %": 0.0592, "PGE g/t": 1.9739, "S %": 13.5172}, "depth_m": 1840, "blind": true, "strike_deg": 65, "dip_deg": 45, "length_m": 2904, "width_m": 270.7, "shape": "lens", "host": "primary_crust", "chance": 0.15, "seen_by": {"gravity": false, "magnetics": false, "em": false, "geochemistry": false}, "water_depth_m": 0, "crater_id": "TRB1-IMP-00717"}}, {"type": "Feature", "geometry": {"type": "Point", "coordinates": [42.6112, 43.76341]}, "properties": {"id": "TRB1-INI-000717A-02", "district_id": "TRB1-INI-000717A", "belt_id": null, "kind": "impact_melt_nickel", "name": "impact melt-sheet nickel\u2013copper\u2013PGE (Sudbury type)", "tonnage_mt": 42.2672, "grades": {"Ni %": 0.9073, "Cu %": 1.3922, "Co %": 0.0497, "PGE g/t": 1.3359, "S %": 12.1799}, "depth_m": 1620, "blind": true, "strike_deg": 37, "dip_deg": 42, "length_m": 4056, "width_m": 413.2, "shape": "lens", "host": "primary_crust", "chance": 0.15, "seen_by": {"gravity": false, "magnetics": false, "em": false, "geochemistry": false}, "water_depth_m": 0, "crater_id": "TRB1-IMP-00717"}}, {"type": "Feature", "geometry": {"type": "Point", "coordinates": [42.61098, 43.76018]}, "properties": {"id": "TRB1-INI-000717A-03", "district_id": "TRB1-INI-000717A", "belt_id": null, "kind": "impact_melt_nickel", "name": "impact melt-sheet nickel\u2013copper\u2013PGE (Sudbury type)", "tonnage_mt": 125.0078, "grades": {"Ni %": 1.2402, "Cu %": 0.7252, "Co %": 0.0374, "PGE g/t": 1.718, "S %": 22.8177}, "depth_m": 1855, "blind": true, "strike_deg": 38, "dip_deg": 72, "length_m": 2214, "width_m": 132.2, "shape": "lens", "host": "primary_crust", "chance": 0.15, "seen_by": {"gravity": false, "magnetics": false, "em": false, "geochemistry": false}, "water_depth_m": 0, "crater_id": "TRB1-IMP-00717"}}, {"type": "Feature", "geometry": {"type": "Point", "coordinates": [42.64265, 43.69915]}, "properties": {"id": "TRB1-INI-000717A-04", "district_id": "TRB1-INI-000717A", "belt_id": null, "kind": "impact_melt_nickel", "name": "impact melt-sheet nickel\u2013copper\u2013PGE (Sudbury type)", "tonnage_mt": 19.3583, "grades": {"Ni %": 1.1925, "Cu %": 0.9646, "Co %": 0.0927, "PGE g/t": 1.9323, "S %": 12.7968}, "depth_m": 1687, "blind": true, "strike_deg": 41, "dip_deg": 75, "length_m": 3191, "width_m": 140.6, "shape": "lens", "host": "primary_crust", "chance": 0.15, "seen_by": {"gravity": false, "magnetics": false, "em": false, "geochemistry": false}, "water_depth_m": 0, "crater_id": "TRB1-IMP-00717"}}, {"type": "Feature", "geometry": {"type": "Point", "coordinates": [42.49089, 43.67329]}, "properties": {"id": "TRB1-INI-000717A-05", "district_id": "TRB1-INI-000717A", "belt_id": null, "kind": "impact_melt_nickel", "name": "impact melt-sheet nickel\u2013copper\u2013PGE (Sudbury type)", "tonnage_mt": 134.7874, "grades": {"Ni %": 0.9445, "Cu %": 1.2778, "Co %": 0.0381, "PGE g/t": 1.0679, "S %": 8.5126}, "depth_m": 1535, "blind": true, "strike_deg": 56, "dip_deg": 41, "length_m": 8960, "width_m": 249.8, "shape": "lens", "host": "primary_crust", "chance": 0.15, "seen_by": {"gravity": false, "magnetics": false, "em": false, "geochemistry": false}, "water_depth_m": 0, "crater_id": "TRB1-IMP-00717"}}, {"type": "Feature", "geometry": {"type": "Point", "coordinates": [42.39135, 43.53786]}, "properties": {"id": "TRB1-INI-000717A-06", "district_id": "TRB1-INI-000717A", "belt_id": null, "kind": "impact_melt_nickel", "name": "impact melt-sheet nickel\u2013copper\u2013PGE (Sudbury type)", "tonnage_mt": 13.3288, "grades": {"Ni %": 1.0795, "Cu %": 1.5046, "Co %": 0.0352, "PGE g/t": 1.9096, "S %": 12.7378}, "depth_m": 1691, "blind": true, "strike_deg": 79, "dip_deg": 36, "length_m": 5029, "width_m": 237.6, "shape": "lens", "host": "primary_crust", "chance": 0.15, "seen_by": {"gravity": false, "magnetics": false, "em": false, "geochemistry": false}, "water_depth_m": 0, "crater_id": "TRB1-IMP-00717"}}, {"type": "Feature", "geometry": {"type": "Point", "coordinates": [43.38924, 43.5964]}, "properties": {"id": "TRB1-INI-000717A-07", "district_id": "TRB1-INI-000717A", "belt_id": null, "kind": "impact_melt_nickel", "name": "impact melt-sheet nickel\u2013copper\u2013PGE (Sudbury type)", "tonnage_mt": 51.9221, "grades": {"Ni %": 1.1822, "Cu %": 0.4963, "Co %": 0.0544, "PGE g/t": 1.6915, "S %": 12.2805}, "depth_m": 1801, "blind": true, "strike_deg": 112, "dip_deg": 57, "length_m": 2365, "width_m": 345.5, "shape": "lens", "host": "primary_crust", "chance": 0.15, "seen_by": {"gravity": false, "magnetics": false, "em": false, "geochemistry": false}, "water_depth_m": 0, "crater_id": "TRB1-IMP-00717"}}, {"type": "Feature", "geometry": {"type": "Point", "coordinates": [42.78527, 43.74343]}, "properties": {"id": "TRB1-INI-000717A-08", "district_id": "TRB1-INI-000717A", "belt_id": null, "kind": "impact_melt_nickel", "name": "impact melt-sheet nickel\u2013copper\u2013PGE (Sudbury type)", "tonnage_mt": 100.9072, "grades": {"Ni %": 2.062, "Cu %": 1.0572, "Co %": 0.0889, "PGE g/t": 3.3275, "S %": 12.0826}, "depth_m": 1540, "blind": true, "strike_deg": 20, "dip_deg": 64, "length_m": 2106, "width_m": 357.9, "shape": "lens", "host": "primary_crust", "chance": 0.15, "seen_by": {"gravity": false, "magnetics": false, "em": false, "geochemistry": false}, "water_depth_m": 0, "crater_id": "TRB1-IMP-00717"}}, {"type": "Feature", "geometry": {"type": "Point", "coordinates": [-118.66818, 37.4837]}, "properties": {"id": "TRB1-INI-000812A-01", "district_id": "TRB1-INI-000812A", "belt_id": null, "kind": "impact_melt_nickel", "name": "impact melt-sheet nickel\u2013copper\u2013PGE (Sudbury type)", "tonnage_mt": 22.8796, "grades": {"Ni %": 1.3388, "Cu %": 1.1997, "Co %": 0.0174, "PGE g/t": 1.3332, "S %": 5.8208}, "depth_m": 1506, "blind": true, "strike_deg": 125, "dip_deg": 55, "length_m": 4367, "width_m": 162.7, "shape": "lens", "host": "primary_crust", "chance": 0.15, "seen_by": {"gravity": false, "magnetics": false, "em": false, "geochemistry": false}, "water_depth_m": 0, "crater_id": "TRB1-IMP-00812"}}, {"type": "Feature", "geometry": {"type": "Point", "coordinates": [-118.05545, 37.99317]}, "properties": {"id": "TRB1-INI-000812A-02", "district_id": "TRB1-INI-000812A", "belt_id": null, "kind": "impact_melt_nickel", "name": "impact melt-sheet nickel\u2013copper\u2013PGE (Sudbury type)", "tonnage_mt": 307.2153, "grades": {"Ni %": 0.8481, "Cu %": 0.7587, "Co %": 0.0417, "PGE g/t": 1.443, "S %": 9.2427}, "depth_m": 1492, "blind": true, "strike_deg": 150, "dip_deg": 55, "length_m": 1960, "width_m": 183.9, "shape": "lens", "host": "primary_crust", "chance": 0.15, "seen_by": {"gravity": false, "magnetics": false, "em": false, "geochemistry": false}, "water_depth_m": 0, "crater_id": "TRB1-IMP-00812"}}, {"type": "Feature", "geometry": {"type": "Point", "coordinates": [-118.69215, 37.61479]}, "properties": {"id": "TRB1-INI-000812A-03", "district_id": "TRB1-INI-000812A", "belt_id": null, "kind": "impact_melt_nickel", "name": "impact melt-sheet nickel\u2013copper\u2013PGE (Sudbury type)", "tonnage_mt": 27.4317, "grades": {"Ni %": 0.9732, "Cu %": 1.0999, "Co %": 0.0361, "PGE g/t": 1.8356, "S %": 11.9474}, "depth_m": 1609, "blind": true, "strike_deg": 104, "dip_deg": 59, "length_m": 2992, "width_m": 211.2, "shape": "lens", "host": "primary_crust", "chance": 0.15, "seen_by": {"gravity": false, "magnetics": false, "em": false, "geochemistry": false}, "water_depth_m": 0, "crater_id": "TRB1-IMP-00812"}}, {"type": "Feature", "geometry": {"type": "Point", "coordinates": [-118.42319, 37.99554]}, "properties": {"id": "TRB1-INI-000812A-04", "district_id": "TRB1-INI-000812A", "belt_id": null, "kind": "impact_melt_nickel", "name": "impact melt-sheet nickel\u2013copper\u2013PGE (Sudbury type)", "tonnage_mt": 33.6321, "grades": {"Ni %": 1.1859, "Cu %": 1.4164, "Co %": 0.0358, "PGE g/t": 2.8826, "S %": 8.2481}, "depth_m": 1347, "blind": true, "strike_deg": 22, "dip_deg": 52, "length_m": 2580, "width_m": 200.7, "shape": "lens", "host": "primary_crust", "chance": 0.15, "seen_by": {"gravity": false, "magnetics": false, "em": false, "geochemistry": false}, "water_depth_m": 0, "crater_id": "TRB1-IMP-00812"}}, {"type": "Feature", "geometry": {"type": "Point", "coordinates": [-117.97369, 37.39782]}, "properties": {"id": "TRB1-INI-000812A-05", "district_id": "TRB1-INI-000812A", "belt_id": null, "kind": "impact_melt_nickel", "name": "impact melt-sheet nickel\u2013copper\u2013PGE (Sudbury type)", "tonnage_mt": 12.6405, "grades": {"Ni %": 0.6941, "Cu %": 1.3955, "Co %": 0.0376, "PGE g/t": 1.8758, "S %": 11.5811}, "depth_m": 1721, "blind": true, "strike_deg": 38, "dip_deg": 70, "length_m": 2034, "width_m": 169.4, "shape": "lens", "host": "primary_crust", "chance": 0.15, "seen_by": {"gravity": false, "magnetics": false, "em": false, "geochemistry": false}, "water_depth_m": 0, "crater_id": "TRB1-IMP-00812"}}, {"type": "Feature", "geometry": {"type": "Point", "coordinates": [-118.69862, 37.86627]}, "properties": {"id": "TRB1-INI-000812A-06", "district_id": "TRB1-INI-000812A", "belt_id": null, "kind": "impact_melt_nickel", "name": "impact melt-sheet nickel\u2013copper\u2013PGE (Sudbury type)", "tonnage_mt": 56.0336, "grades": {"Ni %": 1.3357, "Cu %": 0.6021, "Co %": 0.0275, "PGE g/t": 1.6847, "S %": 10.3703}, "depth_m": 1517, "blind": true, "strike_deg": 64, "dip_deg": 50, "length_m": 1854, "width_m": 335.7, "shape": "lens", "host": "primary_crust", "chance": 0.15, "seen_by": {"gravity": false, "magnetics": false, "em": false, "geochemistry": false}, "water_depth_m": 0, "crater_id": "TRB1-IMP-00812"}}, {"type": "Feature", "geometry": {"type": "Point", "coordinates": [-118.27666, 37.39231]}, "properties": {"id": "TRB1-INI-000812A-07", "district_id": "TRB1-INI-000812A", "belt_id": null, "kind": "impact_melt_nickel", "name": "impact melt-sheet nickel\u2013copper\u2013PGE (Sudbury type)", "tonnage_mt": 39.9135, "grades": {"Ni %": 1.4869, "Cu %": 1.2444, "Co %": 0.0455, "PGE g/t": 1.3822, "S %": 7.6447}, "depth_m": 1701, "blind": true, "strike_deg": 180, "dip_deg": 30, "length_m": 1145, "width_m": 189.2, "shape": "lens", "host": "primary_crust", "chance": 0.15, "seen_by": {"gravity": false, "magnetics": false, "em": false, "geochemistry": false}, "water_depth_m": 0, "crater_id": "TRB1-IMP-00812"}}, {"type": "Feature", "geometry": {"type": "Point", "coordinates": [-118.36588, 37.42894]}, "properties": {"id": "TRB1-INI-000812A-08", "district_id": "TRB1-INI-000812A", "belt_id": null, "kind": "impact_melt_nickel", "name": "impact melt-sheet nickel\u2013copper\u2013PGE (Sudbury type)", "tonnage_mt": 22.9716, "grades": {"Ni %": 1.3374, "Cu %": 0.7413, "Co %": 0.0516, "PGE g/t": 2.1499, "S %": 10.3535}, "depth_m": 1462, "blind": true, "strike_deg": 165, "dip_deg": 69, "length_m": 2292, "width_m": 121.4, "shape": "lens", "host": "primary_crust", "chance": 0.15, "seen_by": {"gravity": false, "magnetics": false, "em": false, "geochemistry": false}, "water_depth_m": 0, "crater_id": "TRB1-IMP-00812"}}, {"type": "Feature", "geometry": {"type": "Point", "coordinates": [-117.92384, 37.42475]}, "properties": {"id": "TRB1-INI-000812A-09", "district_id": "TRB1-INI-000812A", "belt_id": null, "kind": "impact_melt_nickel", "name": "impact melt-sheet nickel\u2013copper\u2013PGE (Sudbury type)", "tonnage_mt": 137.5274, "grades": {"Ni %": 0.8841, "Cu %": 0.7887, "Co %": 0.0244, "PGE g/t": 1.6112, "S %": 21.4382}, "depth_m": 1338, "blind": true, "strike_deg": 45, "dip_deg": 69, "length_m": 2061, "width_m": 347.9, "shape": "lens", "host": "primary_crust", "chance": 0.15, "seen_by": {"gravity": false, "magnetics": false, "em": false, "geochemistry": false}, "water_depth_m": 0, "crater_id": "TRB1-IMP-00812"}}, {"type": "Feature", "geometry": {"type": "Point", "coordinates": [-118.16917, 37.43255]}, "properties": {"id": "TRB1-INI-000812A-10", "district_id": "TRB1-INI-000812A", "belt_id": null, "kind": "impact_melt_nickel", "name": "impact melt-sheet nickel\u2013copper\u2013PGE (Sudbury type)", "tonnage_mt": 68.0696, "grades": {"Ni %": 0.6828, "Cu %": 1.2742, "Co %": 0.0451, "PGE g/t": 1.6577, "S %": 13.3826}, "depth_m": 1554, "blind": true, "strike_deg": 17, "dip_deg": 38, "length_m": 2885, "width_m": 124.4, "shape": "lens", "host": "primary_crust", "chance": 0.15, "seen_by": {"gravity": false, "magnetics": false, "em": false, "geochemistry": false}, "water_depth_m": 0, "crater_id": "TRB1-IMP-00812"}}, {"type": "Feature", "geometry": {"type": "Point", "coordinates": [-117.99065, 37.88686]}, "properties": {"id": "TRB1-INI-000812A-11", "district_id": "TRB1-INI-000812A", "belt_id": null, "kind": "impact_melt_nickel", "name": "impact melt-sheet nickel\u2013copper\u2013PGE (Sudbury type)", "tonnage_mt": 44.6096, "grades": {"Ni %": 1.2807, "Cu %": 0.9659, "Co %": 0.0523, "PGE g/t": 1.568, "S %": 17.4356}, "depth_m": 1750, "blind": true, "strike_deg": 130, "dip_deg": 39, "length_m": 3629, "width_m": 146.5, "shape": "lens", "host": "primary_crust", "chance": 0.15, "seen_by": {"gravity": false, "magnetics": false, "em": false, "geochemistry": false}, "water_depth_m": 0, "crater_id": "TRB1-IMP-00812"}}, {"type": "Feature", "geometry": {"type": "Point", "coordinates": [-118.56923, 37.85783]}, "properties": {"id": "TRB1-INI-000812A-12", "district_id": "TRB1-INI-000812A", "belt_id": null, "kind": "impact_melt_nickel", "name": "impact melt-sheet nickel\u2013copper\u2013PGE (Sudbury type)", "tonnage_mt": 12.6278, "grades": {"Ni %": 0.6472, "Cu %": 1.3623, "Co %": 0.0298, "PGE g/t": 1.3004, "S %": 9.024}, "depth_m": 1705, "blind": true, "strike_deg": 56, "dip_deg": 50, "length_m": 2170, "width_m": 282.5, "shape": "lens", "host": "primary_crust", "chance": 0.15, "seen_by": {"gravity": false, "magnetics": false, "em": false, "geochemistry": false}, "water_depth_m": 0, "crater_id": "TRB1-IMP-00812"}}, {"type": "Feature", "geometry": {"type": "Point", "coordinates": [15.14451, -15.44937]}, "properties": {"id": "TRB1-INI-000858A-01", "district_id": "TRB1-INI-000858A", "belt_id": null, "kind": "impact_melt_nickel", "name": "impact melt-sheet nickel\u2013copper\u2013PGE (Sudbury type)", "tonnage_mt": 13.7505, "grades": {"Ni %": 1.0265, "Cu %": 0.8841, "Co %": 0.0566, "PGE g/t": 1.468, "S %": 13.9684}, "depth_m": 1339, "blind": true, "strike_deg": 122, "dip_deg": 70, "length_m": 3278, "width_m": 86.6, "shape": "lens", "host": "primary_crust", "chance": 0.15, "seen_by": {"gravity": false, "magnetics": false, "em": false, "geochemistry": false}, "water_depth_m": 0, "crater_id": "TRB1-IMP-00858"}}, {"type": "Feature", "geometry": {"type": "Point", "coordinates": [15.08207, -15.35988]}, "properties": {"id": "TRB1-INI-000858A-02", "district_id": "TRB1-INI-000858A", "belt_id": null, "kind": "impact_melt_nickel", "name": "impact melt-sheet nickel\u2013copper\u2013PGE (Sudbury type)", "tonnage_mt": 428.6513, "grades": {"Ni %": 2.0146, "Cu %": 1.2543, "Co %": 0.0657, "PGE g/t": 1.2327, "S %": 10.8569}, "depth_m": 1522, "blind": true, "strike_deg": 138, "dip_deg": 70, "length_m": 2423, "width_m": 129.0, "shape": "lens", "host": "primary_crust", "chance": 0.15, "seen_by": {"gravity": false, "magnetics": false, "em": false, "geochemistry": false}, "water_depth_m": 0, "crater_id": "TRB1-IMP-00858"}}, {"type": "Feature", "geometry": {"type": "Point", "coordinates": [15.02736, -15.86954]}, "properties": {"id": "TRB1-INI-000858A-03", "district_id": "TRB1-INI-000858A", "belt_id": null, "kind": "impact_melt_nickel", "name": "impact melt-sheet nickel\u2013copper\u2013PGE (Sudbury type)", "tonnage_mt": 494.9843, "grades": {"Ni %": 1.628, "Cu %": 1.2835, "Co %": 0.0684, "PGE g/t": 0.8378, "S %": 10.149}, "depth_m": 1574, "blind": true, "strike_deg": 42, "dip_deg": 63, "length_m": 3488, "width_m": 152.4, "shape": "lens", "host": "primary_crust", "chance": 0.15, "seen_by": {"gravity": false, "magnetics": false, "em": false, "geochemistry": false}, "water_depth_m": 0, "crater_id": "TRB1-IMP-00858"}}, {"type": "Feature", "geometry": {"type": "Point", "coordinates": [14.4503, -15.59234]}, "properties": {"id": "TRB1-INI-000858A-04", "district_id": "TRB1-INI-000858A", "belt_id": null, "kind": "impact_melt_nickel", "name": "impact melt-sheet nickel\u2013copper\u2013PGE (Sudbury type)", "tonnage_mt": 126.6247, "grades": {"Ni %": 0.7421, "Cu %": 0.6787, "Co %": 0.0517, "PGE g/t": 1.4377, "S %": 11.3531}, "depth_m": 1664, "blind": true, "strike_deg": 81, "dip_deg": 33, "length_m": 1578, "width_m": 231.7, "shape": "lens", "host": "primary_crust", "chance": 0.15, "seen_by": {"gravity": false, "magnetics": false, "em": false, "geochemistry": false}, "water_depth_m": 0, "crater_id": "TRB1-IMP-00858"}}, {"type": "Feature", "geometry": {"type": "Point", "coordinates": [15.12626, -15.85996]}, "properties": {"id": "TRB1-INI-000858A-05", "district_id": "TRB1-INI-000858A", "belt_id": null, "kind": "impact_melt_nickel", "name": "impact melt-sheet nickel\u2013copper\u2013PGE (Sudbury type)", "tonnage_mt": 214.446, "grades": {"Ni %": 1.0187, "Cu %": 1.633, "Co %": 0.0388, "PGE g/t": 1.012, "S %": 17.3512}, "depth_m": 1352, "blind": true, "strike_deg": 54, "dip_deg": 31, "length_m": 1973, "width_m": 235.8, "shape": "lens", "host": "primary_crust", "chance": 0.15, "seen_by": {"gravity": false, "magnetics": false, "em": false, "geochemistry": false}, "water_depth_m": 0, "crater_id": "TRB1-IMP-00858"}}, {"type": "Feature", "geometry": {"type": "Point", "coordinates": [14.73586, -15.31995]}, "properties": {"id": "TRB1-INI-000858A-06", "district_id": "TRB1-INI-000858A", "belt_id": null, "kind": "impact_melt_nickel", "name": "impact melt-sheet nickel\u2013copper\u2013PGE (Sudbury type)", "tonnage_mt": 391.4592, "grades": {"Ni %": 0.8834, "Cu %": 1.0872, "Co %": 0.0241, "PGE g/t": 1.3544, "S %": 9.6424}, "depth_m": 1177, "blind": true, "strike_deg": 14, "dip_deg": 70, "length_m": 2499, "width_m": 517.7, "shape": "lens", "host": "primary_crust", "chance": 0.15, "seen_by": {"gravity": false, "magnetics": false, "em": false, "geochemistry": false}, "water_depth_m": 0, "crater_id": "TRB1-IMP-00858"}}, {"type": "Feature", "geometry": {"type": "Point", "coordinates": [15.11689, -15.6755]}, "properties": {"id": "TRB1-INI-000858A-07", "district_id": "TRB1-INI-000858A", "belt_id": null, "kind": "impact_melt_nickel", "name": "impact melt-sheet nickel\u2013copper\u2013PGE (Sudbury type)", "tonnage_mt": 71.7335, "grades": {"Ni %": 0.5464, "Cu %": 0.7755, "Co %": 0.0454, "PGE g/t": 1.2579, "S %": 6.5181}, "depth_m": 1668, "blind": true, "strike_deg": 84, "dip_deg": 60, "length_m": 3845, "width_m": 136.0, "shape": "lens", "host": "primary_crust", "chance": 0.15, "seen_by": {"gravity": false, "magnetics": false, "em": false, "geochemistry": false}, "water_depth_m": 0, "crater_id": "TRB1-IMP-00858"}}, {"type": "Feature", "geometry": {"type": "Point", "coordinates": [127.53786, 53.33364]}, "properties": {"id": "TRB1-INI-000927A-01", "district_id": "TRB1-INI-000927A", "belt_id": null, "kind": "impact_melt_nickel", "name": "impact melt-sheet nickel\u2013copper\u2013PGE (Sudbury type)", "tonnage_mt": 33.0174, "grades": {"Ni %": 1.4724, "Cu %": 1.0266, "Co %": 0.024, "PGE g/t": 1.5373, "S %": 11.725}, "depth_m": 1282, "blind": true, "strike_deg": 89, "dip_deg": 39, "length_m": 6168, "width_m": 407.3, "shape": "lens", "host": "intercrater_plains", "chance": 0.15, "seen_by": {"gravity": false, "magnetics": false, "em": false, "geochemistry": false}, "water_depth_m": 0, "crater_id": "TRB1-IMP-00927"}}, {"type": "Feature", "geometry": {"type": "Point", "coordinates": [126.96401, 53.00228]}, "properties": {"id": "TRB1-INI-000927A-02", "district_id": "TRB1-INI-000927A", "belt_id": null, "kind": "impact_melt_nickel", "name": "impact melt-sheet nickel\u2013copper\u2013PGE (Sudbury type)", "tonnage_mt": 70.2064, "grades": {"Ni %": 0.739, "Cu %": 0.8075, "Co %": 0.054, "PGE g/t": 1.0764, "S %": 10.5657}, "depth_m": 1786, "blind": true, "strike_deg": 169, "dip_deg": 53, "length_m": 2155, "width_m": 244.2, "shape": "lens", "host": "intercrater_plains", "chance": 0.15, "seen_by": {"gravity": false, "magnetics": false, "em": false, "geochemistry": false}, "water_depth_m": 0, "crater_id": "TRB1-IMP-00927"}}, {"type": "Feature", "geometry": {"type": "Point", "coordinates": [127.32213, 53.63921]}, "properties": {"id": "TRB1-INI-000927A-03", "district_id": "TRB1-INI-000927A", "belt_id": null, "kind": "impact_melt_nickel", "name": "impact melt-sheet nickel\u2013copper\u2013PGE (Sudbury type)", "tonnage_mt": 59.2712, "grades": {"Ni %": 1.4303, "Cu %": 1.1467, "Co %": 0.0226, "PGE g/t": 0.9655, "S %": 16.927}, "depth_m": 1416, "blind": true, "strike_deg": 153, "dip_deg": 69, "length_m": 2801, "width_m": 160.2, "shape": "lens", "host": "intercrater_plains", "chance": 0.15, "seen_by": {"gravity": false, "magnetics": false, "em": false, "geochemistry": false}, "water_depth_m": 0, "crater_id": "TRB1-IMP-00927"}}, {"type": "Feature", "geometry": {"type": "Point", "coordinates": [127.49663, 53.57909]}, "properties": {"id": "TRB1-INI-000927A-04", "district_id": "TRB1-INI-000927A", "belt_id": null, "kind": "impact_melt_nickel", "name": "impact melt-sheet nickel\u2013copper\u2013PGE (Sudbury type)", "tonnage_mt": 163.2686, "grades": {"Ni %": 0.9096, "Cu %": 0.5416, "Co %": 0.0321, "PGE g/t": 1.1447, "S %": 6.2221}, "depth_m": 1502, "blind": true, "strike_deg": 134, "dip_deg": 31, "length_m": 4408, "width_m": 127.6, "shape": "lens", "host": "intercrater_plains", "chance": 0.15, "seen_by": {"gravity": false, "magnetics": false, "em": false, "geochemistry": false}, "water_depth_m": 0, "crater_id": "TRB1-IMP-00927"}}, {"type": "Feature", "geometry": {"type": "Point", "coordinates": [126.76263, 53.62395]}, "properties": {"id": "TRB1-INI-000927A-05", "district_id": "TRB1-INI-000927A", "belt_id": null, "kind": "impact_melt_nickel", "name": "impact melt-sheet nickel\u2013copper\u2013PGE (Sudbury type)", "tonnage_mt": 21.05, "grades": {"Ni %": 1.639, "Cu %": 0.7317, "Co %": 0.0222, "PGE g/t": 1.3093, "S %": 10.4505}, "depth_m": 1369, "blind": true, "strike_deg": 32, "dip_deg": 75, "length_m": 3504, "width_m": 127.4, "shape": "lens", "host": "intercrater_plains", "chance": 0.15, "seen_by": {"gravity": false, "magnetics": false, "em": false, "geochemistry": false}, "water_depth_m": 0, "crater_id": "TRB1-IMP-00927"}}, {"type": "Feature", "geometry": {"type": "Point", "coordinates": [126.59103, 53.23398]}, "properties": {"id": "TRB1-INI-000927A-06", "district_id": "TRB1-INI-000927A", "belt_id": null, "kind": "impact_melt_nickel", "name": "impact melt-sheet nickel\u2013copper\u2013PGE (Sudbury type)", "tonnage_mt": 231.6355, "grades": {"Ni %": 1.7335, "Cu %": 0.8438, "Co %": 0.0166, "PGE g/t": 1.4214, "S %": 15.9803}, "depth_m": 1360, "blind": true, "strike_deg": 110, "dip_deg": 78, "length_m": 2008, "width_m": 297.7, "shape": "lens", "host": "intercrater_plains", "chance": 0.15, "seen_by": {"gravity": false, "magnetics": false, "em": false, "geochemistry": false}, "water_depth_m": 0, "crater_id": "TRB1-IMP-00927"}}, {"type": "Feature", "geometry": {"type": "Point", "coordinates": [127.39166, 53.10611]}, "properties": {"id": "TRB1-INI-000927A-07", "district_id": "TRB1-INI-000927A", "belt_id": null, "kind": "impact_melt_nickel", "name": "impact melt-sheet nickel\u2013copper\u2013PGE (Sudbury type)", "tonnage_mt": 46.8556, "grades": {"Ni %": 1.3069, "Cu %": 0.5611, "Co %": 0.0302, "PGE g/t": 1.3351, "S %": 12.964}, "depth_m": 1638, "blind": true, "strike_deg": 40, "dip_deg": 34, "length_m": 2850, "width_m": 263.7, "shape": "lens", "host": "intercrater_plains", "chance": 0.15, "seen_by": {"gravity": false, "magnetics": false, "em": false, "geochemistry": false}, "water_depth_m": 0, "crater_id": "TRB1-IMP-00927"}}, {"type": "Feature", "geometry": {"type": "Point", "coordinates": [127.32927, 53.05138]}, "properties": {"id": "TRB1-INI-000927A-08", "district_id": "TRB1-INI-000927A", "belt_id": null, "kind": "impact_melt_nickel", "name": "impact melt-sheet nickel\u2013copper\u2013PGE (Sudbury type)", "tonnage_mt": 213.5173, "grades": {"Ni %": 1.6146, "Cu %": 0.6294, "Co %": 0.048, "PGE g/t": 2.6196, "S %": 19.4206}, "depth_m": 1484, "blind": true, "strike_deg": 29, "dip_deg": 38, "length_m": 2934, "width_m": 298.2, "shape": "lens", "host": "intercrater_plains", "chance": 0.15, "seen_by": {"gravity": false, "magnetics": false, "em": false, "geochemistry": false}, "water_depth_m": 0, "crater_id": "TRB1-IMP-00927"}}, {"type": "Feature", "geometry": {"type": "Point", "coordinates": [126.77626, 53.06561]}, "properties": {"id": "TRB1-INI-000927A-09", "district_id": "TRB1-INI-000927A", "belt_id": null, "kind": "impact_melt_nickel", "name": "impact melt-sheet nickel\u2013copper\u2013PGE (Sudbury type)", "tonnage_mt": 32.121, "grades": {"Ni %": 1.062, "Cu %": 2.1031, "Co %": 0.0598, "PGE g/t": 2.8159, "S %": 19.3874}, "depth_m": 1518, "blind": true, "strike_deg": 147, "dip_deg": 55, "length_m": 1787, "width_m": 305.1, "shape": "lens", "host": "intercrater_plains", "chance": 0.15, "seen_by": {"gravity": false, "magnetics": false, "em": false, "geochemistry": false}, "water_depth_m": 0, "crater_id": "TRB1-IMP-00927"}}, {"type": "Feature", "geometry": {"type": "Point", "coordinates": [127.56885, 53.43494]}, "properties": {"id": "TRB1-INI-000927A-10", "district_id": "TRB1-INI-000927A", "belt_id": null, "kind": "impact_melt_nickel", "name": "impact melt-sheet nickel\u2013copper\u2013PGE (Sudbury type)", "tonnage_mt": 65.8468, "grades": {"Ni %": 1.2863, "Cu %": 1.0498, "Co %": 0.0599, "PGE g/t": 1.0876, "S %": 14.1137}, "depth_m": 1505, "blind": true, "strike_deg": 108, "dip_deg": 37, "length_m": 3616, "width_m": 151.5, "shape": "lens", "host": "intercrater_plains", "chance": 0.15, "seen_by": {"gravity": false, "magnetics": false, "em": false, "geochemistry": false}, "water_depth_m": 0, "crater_id": "TRB1-IMP-00927"}}, {"type": "Feature", "geometry": {"type": "Point", "coordinates": [-37.45061, 48.3646]}, "properties": {"id": "TRB1-INI-001260A-01", "district_id": "TRB1-INI-001260A", "belt_id": null, "kind": "impact_melt_nickel", "name": "impact melt-sheet nickel\u2013copper\u2013PGE (Sudbury type)", "tonnage_mt": 21.1873, "grades": {"Ni %": 2.4159, "Cu %": 0.9954, "Co %": 0.0436, "PGE g/t": 0.8987, "S %": 10.746}, "depth_m": 1429, "blind": true, "strike_deg": 94, "dip_deg": 45, "length_m": 2657, "width_m": 265.5, "shape": "lens", "host": "primary_crust", "chance": 0.15, "seen_by": {"gravity": false, "magnetics": false, "em": false, "geochemistry": false}, "water_depth_m": 0, "crater_id": "TRB1-IMP-01260"}}, {"type": "Feature", "geometry": {"type": "Point", "coordinates": [-37.33065, 48.65003]}, "properties": {"id": "TRB1-INI-001260A-02", "district_id": "TRB1-INI-001260A", "belt_id": null, "kind": "impact_melt_nickel", "name": "impact melt-sheet nickel\u2013copper\u2013PGE (Sudbury type)", "tonnage_mt": 132.2636, "grades": {"Ni %": 2.0647, "Cu %": 1.0768, "Co %": 0.0542, "PGE g/t": 1.2182, "S %": 13.5698}, "depth_m": 1227, "blind": true, "strike_deg": 36, "dip_deg": 56, "length_m": 2490, "width_m": 131.2, "shape": "lens", "host": "primary_crust", "chance": 0.15, "seen_by": {"gravity": false, "magnetics": false, "em": false, "geochemistry": false}, "water_depth_m": 0, "crater_id": "TRB1-IMP-01260"}}, {"type": "Feature", "geometry": {"type": "Point", "coordinates": [-37.40712, 48.58561]}, "properties": {"id": "TRB1-INI-001260A-03", "district_id": "TRB1-INI-001260A", "belt_id": null, "kind": "impact_melt_nickel", "name": "impact melt-sheet nickel\u2013copper\u2013PGE (Sudbury type)", "tonnage_mt": 77.0915, "grades": {"Ni %": 1.1806, "Cu %": 0.8362, "Co %": 0.0541, "PGE g/t": 1.8257, "S %": 9.2393}, "depth_m": 1372, "blind": true, "strike_deg": 50, "dip_deg": 51, "length_m": 2667, "width_m": 136.0, "shape": "lens", "host": "primary_crust", "chance": 0.15, "seen_by": {"gravity": false, "magnetics": false, "em": false, "geochemistry": false}, "water_depth_m": 0, "crater_id": "TRB1-IMP-01260"}}, {"type": "Feature", "geometry": {"type": "Point", "coordinates": [-36.78355, 48.14785]}, "properties": {"id": "TRB1-INI-001260A-04", "district_id": "TRB1-INI-001260A", "belt_id": null, "kind": "impact_melt_nickel", "name": "impact melt-sheet nickel\u2013copper\u2013PGE (Sudbury type)", "tonnage_mt": 114.3664, "grades": {"Ni %": 1.4014, "Cu %": 1.6849, "Co %": 0.079, "PGE g/t": 1.7829, "S %": 10.0657}, "depth_m": 1084, "blind": true, "strike_deg": 36, "dip_deg": 35, "length_m": 3284, "width_m": 334.6, "shape": "lens", "host": "primary_crust", "chance": 0.15, "seen_by": {"gravity": false, "magnetics": false, "em": false, "geochemistry": false}, "water_depth_m": 0, "crater_id": "TRB1-IMP-01260"}}, {"type": "Feature", "geometry": {"type": "Point", "coordinates": [-37.20152, 48.08884]}, "properties": {"id": "TRB1-INI-001260A-05", "district_id": "TRB1-INI-001260A", "belt_id": null, "kind": "impact_melt_nickel", "name": "impact melt-sheet nickel\u2013copper\u2013PGE (Sudbury type)", "tonnage_mt": 52.1566, "grades": {"Ni %": 3.6013, "Cu %": 0.6819, "Co %": 0.0371, "PGE g/t": 1.0392, "S %": 5.3243}, "depth_m": 1217, "blind": true, "strike_deg": 160, "dip_deg": 41, "length_m": 6553, "width_m": 326.6, "shape": "lens", "host": "primary_crust", "chance": 0.15, "seen_by": {"gravity": false, "magnetics": false, "em": false, "geochemistry": false}, "water_depth_m": 0, "crater_id": "TRB1-IMP-01260"}}, {"type": "Feature", "geometry": {"type": "Point", "coordinates": [-37.5156, 48.368]}, "properties": {"id": "TRB1-INI-001260A-06", "district_id": "TRB1-INI-001260A", "belt_id": null, "kind": "impact_melt_nickel", "name": "impact melt-sheet nickel\u2013copper\u2013PGE (Sudbury type)", "tonnage_mt": 7.2182, "grades": {"Ni %": 1.2233, "Cu %": 1.0559, "Co %": 0.0258, "PGE g/t": 1.5675, "S %": 14.2055}, "depth_m": 1523, "blind": true, "strike_deg": 93, "dip_deg": 41, "length_m": 1815, "width_m": 103.1, "shape": "lens", "host": "primary_crust", "chance": 0.15, "seen_by": {"gravity": false, "magnetics": false, "em": false, "geochemistry": false}, "water_depth_m": 0, "crater_id": "TRB1-IMP-01260"}}, {"type": "Feature", "geometry": {"type": "Point", "coordinates": [-36.84748, 48.5798]}, "properties": {"id": "TRB1-INI-001260A-07", "district_id": "TRB1-INI-001260A", "belt_id": null, "kind": "impact_melt_nickel", "name": "impact melt-sheet nickel\u2013copper\u2013PGE (Sudbury type)", "tonnage_mt": 7.28, "grades": {"Ni %": 1.484, "Cu %": 1.0989, "Co %": 0.0421, "PGE g/t": 1.2119, "S %": 13.5684}, "depth_m": 1574, "blind": true, "strike_deg": 146, "dip_deg": 63, "length_m": 3576, "width_m": 192.2, "shape": "lens", "host": "primary_crust", "chance": 0.15, "seen_by": {"gravity": false, "magnetics": false, "em": false, "geochemistry": false}, "water_depth_m": 0, "crater_id": "TRB1-IMP-01260"}}, {"type": "Feature", "geometry": {"type": "Point", "coordinates": [-37.07019, 48.06966]}, "properties": {"id": "TRB1-INI-001260A-08", "district_id": "TRB1-INI-001260A", "belt_id": null, "kind": "impact_melt_nickel", "name": "impact melt-sheet nickel\u2013copper\u2013PGE (Sudbury type)", "tonnage_mt": 281.9054, "grades": {"Ni %": 1.1823, "Cu %": 1.6351, "Co %": 0.0217, "PGE g/t": 1.4909, "S %": 16.0578}, "depth_m": 1256, "blind": true, "strike_deg": 177, "dip_deg": 36, "length_m": 4688, "width_m": 212.0, "shape": "lens", "host": "primary_crust", "chance": 0.15, "seen_by": {"gravity": false, "magnetics": false, "em": false, "geochemistry": false}, "water_depth_m": 0, "crater_id": "TRB1-IMP-01260"}}, {"type": "Feature", "geometry": {"type": "Point", "coordinates": [-37.43455, 48.31489]}, "properties": {"id": "TRB1-INI-001260A-09", "district_id": "TRB1-INI-001260A", "belt_id": null, "kind": "impact_melt_nickel", "name": "impact melt-sheet nickel\u2013copper\u2013PGE (Sudbury type)", "tonnage_mt": 120.0597, "grades": {"Ni %": 2.5703, "Cu %": 0.7119, "Co %": 0.0339, "PGE g/t": 0.8716, "S %": 11.0982}, "depth_m": 1163, "blind": true, "strike_deg": 105, "dip_deg": 65, "length_m": 2515, "width_m": 190.3, "shape": "lens", "host": "primary_crust", "chance": 0.15, "seen_by": {"gravity": false, "magnetics": false, "em": false, "geochemistry": false}, "water_depth_m": 0, "crater_id": "TRB1-IMP-01260"}}, {"type": "Feature", "geometry": {"type": "Point", "coordinates": [-37.00085, 48.14039]}, "properties": {"id": "TRB1-INI-001260A-10", "district_id": "TRB1-INI-001260A", "belt_id": null, "kind": "impact_melt_nickel", "name": "impact melt-sheet nickel\u2013copper\u2013PGE (Sudbury type)", "tonnage_mt": 167.3707, "grades": {"Ni %": 1.8942, "Cu %": 1.3848, "Co %": 0.0289, "PGE g/t": 1.05, "S %": 12.0355}, "depth_m": 976, "blind": true, "strike_deg": 7, "dip_deg": 55, "length_m": 4268, "width_m": 281.4, "shape": "lens", "host": "primary_crust", "chance": 0.15, "seen_by": {"gravity": false, "magnetics": false, "em": false, "geochemistry": false}, "water_depth_m": 0, "crater_id": "TRB1-IMP-01260"}}, {"type": "Feature", "geometry": {"type": "Point", "coordinates": [-37.16622, 48.66529]}, "properties": {"id": "TRB1-INI-001260A-11", "district_id": "TRB1-INI-001260A", "belt_id": null, "kind": "impact_melt_nickel", "name": "impact melt-sheet nickel\u2013copper\u2013PGE (Sudbury type)", "tonnage_mt": 117.5929, "grades": {"Ni %": 1.7801, "Cu %": 0.9206, "Co %": 0.0487, "PGE g/t": 1.3621, "S %": 16.559}, "depth_m": 1457, "blind": true, "strike_deg": 16, "dip_deg": 46, "length_m": 4336, "width_m": 364.8, "shape": "lens", "host": "primary_crust", "chance": 0.15, "seen_by": {"gravity": false, "magnetics": false, "em": false, "geochemistry": false}, "water_depth_m": 0, "crater_id": "TRB1-IMP-01260"}}, {"type": "Feature", "geometry": {"type": "Point", "coordinates": [-37.21683, 48.67673]}, "properties": {"id": "TRB1-INI-001260A-12", "district_id": "TRB1-INI-001260A", "belt_id": null, "kind": "impact_melt_nickel", "name": "impact melt-sheet nickel\u2013copper\u2013PGE (Sudbury type)", "tonnage_mt": 36.0147, "grades": {"Ni %": 2.7153, "Cu %": 1.9305, "Co %": 0.0316, "PGE g/t": 1.9335, "S %": 9.6472}, "depth_m": 1214, "blind": true, "strike_deg": 21, "dip_deg": 63, "length_m": 2370, "width_m": 196.5, "shape": "lens", "host": "primary_crust", "chance": 0.15, "seen_by": {"gravity": false, "magnetics": false, "em": false, "geochemistry": false}, "water_depth_m": 0, "crater_id": "TRB1-IMP-01260"}}, {"type": "Feature", "geometry": {"type": "Point", "coordinates": [-36.663, 48.23749]}, "properties": {"id": "TRB1-INI-001260A-13", "district_id": "TRB1-INI-001260A", "belt_id": null, "kind": "impact_melt_nickel", "name": "impact melt-sheet nickel\u2013copper\u2013PGE (Sudbury type)", "tonnage_mt": 178.8217, "grades": {"Ni %": 0.9913, "Cu %": 0.7653, "Co %": 0.0385, "PGE g/t": 2.1388, "S %": 10.2144}, "depth_m": 1219, "blind": true, "strike_deg": 60, "dip_deg": 34, "length_m": 4111, "width_m": 383.5, "shape": "lens", "host": "primary_crust", "chance": 0.15, "seen_by": {"gravity": false, "magnetics": false, "em": false, "geochemistry": false}, "water_depth_m": 0, "crater_id": "TRB1-IMP-01260"}}, {"type": "Feature", "geometry": {"type": "Point", "coordinates": [97.20672, -40.15266]}, "properties": {"id": "TRB1-INI-001295A-01", "district_id": "TRB1-INI-001295A", "belt_id": null, "kind": "impact_melt_nickel", "name": "impact melt-sheet nickel\u2013copper\u2013PGE (Sudbury type)", "tonnage_mt": 108.7974, "grades": {"Ni %": 1.3944, "Cu %": 1.0234, "Co %": 0.1154, "PGE g/t": 2.0713, "S %": 12.2173}, "depth_m": 1215, "blind": true, "strike_deg": 135, "dip_deg": 60, "length_m": 2357, "width_m": 126.3, "shape": "lens", "host": "primary_crust", "chance": 0.15, "seen_by": {"gravity": false, "magnetics": false, "em": false, "geochemistry": false}, "water_depth_m": 0, "crater_id": "TRB1-IMP-01295"}}, {"type": "Feature", "geometry": {"type": "Point", "coordinates": [97.08195, -39.93185]}, "properties": {"id": "TRB1-INI-001295A-02", "district_id": "TRB1-INI-001295A", "belt_id": null, "kind": "impact_melt_nickel", "name": "impact melt-sheet nickel\u2013copper\u2013PGE (Sudbury type)", "tonnage_mt": 20.8615, "grades": {"Ni %": 1.823, "Cu %": 0.6853, "Co %": 0.0238, "PGE g/t": 2.1944, "S %": 8.6081}, "depth_m": 1412, "blind": true, "strike_deg": 90, "dip_deg": 60, "length_m": 4275, "width_m": 290.1, "shape": "lens", "host": "primary_crust", "chance": 0.15, "seen_by": {"gravity": false, "magnetics": false, "em": false, "geochemistry": false}, "water_depth_m": 0, "crater_id": "TRB1-IMP-01295"}}, {"type": "Feature", "geometry": {"type": "Point", "coordinates": [97.68714, -40.13761]}, "properties": {"id": "TRB1-INI-001295A-03", "district_id": "TRB1-INI-001295A", "belt_id": null, "kind": "impact_melt_nickel", "name": "impact melt-sheet nickel\u2013copper\u2013PGE (Sudbury type)", "tonnage_mt": 30.094, "grades": {"Ni %": 1.3448, "Cu %": 1.3852, "Co %": 0.0556, "PGE g/t": 2.4761, "S %": 11.7291}, "depth_m": 1358, "blind": true, "strike_deg": 34, "dip_deg": 73, "length_m": 2037, "width_m": 89.2, "shape": "lens", "host": "primary_crust", "chance": 0.15, "seen_by": {"gravity": false, "magnetics": false, "em": false, "geochemistry": false}, "water_depth_m": 0, "crater_id": "TRB1-IMP-01295"}}, {"type": "Feature", "geometry": {"type": "Point", "coordinates": [97.14986, -39.99715]}, "properties": {"id": "TRB1-INI-001295A-04", "district_id": "TRB1-INI-001295A", "belt_id": null, "kind": "impact_melt_nickel", "name": "impact melt-sheet nickel\u2013copper\u2013PGE (Sudbury type)", "tonnage_mt": 38.9126, "grades": {"Ni %": 1.8162, "Cu %": 0.9364, "Co %": 0.0379, "PGE g/t": 1.1362, "S %": 22.5263}, "depth_m": 1201, "blind": true, "strike_deg": 104, "dip_deg": 72, "length_m": 3971, "width_m": 773.6, "shape": "lens", "host": "primary_crust", "chance": 0.15, "seen_by": {"gravity": false, "magnetics": false, "em": false, "geochemistry": false}, "water_depth_m": 0, "crater_id": "TRB1-IMP-01295"}}, {"type": "Feature", "geometry": {"type": "Point", "coordinates": [97.25036, -40.16929]}, "properties": {"id": "TRB1-INI-001295A-05", "district_id": "TRB1-INI-001295A", "belt_id": null, "kind": "impact_melt_nickel", "name": "impact melt-sheet nickel\u2013copper\u2013PGE (Sudbury type)", "tonnage_mt": 105.215, "grades": {"Ni %": 0.8579, "Cu %": 0.8122, "Co %": 0.019, "PGE g/t": 3.277, "S %": 19.1413}, "depth_m": 1293, "blind": true, "strike_deg": 141, "dip_deg": 34, "length_m": 1521, "width_m": 105.1, "shape": "lens", "host": "primary_crust", "chance": 0.15, "seen_by": {"gravity": false, "magnetics": false, "em": false, "geochemistry": false}, "water_depth_m": 0, "crater_id": "TRB1-IMP-01295"}}, {"type": "Feature", "geometry": {"type": "Point", "coordinates": [97.09412, -39.97182]}, "properties": {"id": "TRB1-INI-001295A-06", "district_id": "TRB1-INI-001295A", "belt_id": null, "kind": "impact_melt_nickel", "name": "impact melt-sheet nickel\u2013copper\u2013PGE (Sudbury type)", "tonnage_mt": 27.3264, "grades": {"Ni %": 1.7658, "Cu %": 1.0189, "Co %": 0.0463, "PGE g/t": 1.4746, "S %": 10.858}, "depth_m": 1368, "blind": true, "strike_deg": 98, "dip_deg": 69, "length_m": 2352, "width_m": 385.7, "shape": "lens", "host": "primary_crust", "chance": 0.15, "seen_by": {"gravity": false, "magnetics": false, "em": false, "geochemistry": false}, "water_depth_m": 0, "crater_id": "TRB1-IMP-01295"}}, {"type": "Feature", "geometry": {"type": "Point", "coordinates": [97.76451, -40.10827]}, "properties": {"id": "TRB1-INI-001295A-07", "district_id": "TRB1-INI-001295A", "belt_id": null, "kind": "impact_melt_nickel", "name": "impact melt-sheet nickel\u2013copper\u2013PGE (Sudbury type)", "tonnage_mt": 162.1716, "grades": {"Ni %": 0.9659, "Cu %": 0.6689, "Co %": 0.0456, "PGE g/t": 1.6803, "S %": 4.718}, "depth_m": 1179, "blind": true, "strike_deg": 49, "dip_deg": 55, "length_m": 1804, "width_m": 229.0, "shape": "lens", "host": "primary_crust", "chance": 0.15, "seen_by": {"gravity": false, "magnetics": false, "em": false, "geochemistry": false}, "water_depth_m": 0, "crater_id": "TRB1-IMP-01295"}}, {"type": "Feature", "geometry": {"type": "Point", "coordinates": [97.8263, -39.80475]}, "properties": {"id": "TRB1-INI-001295A-08", "district_id": "TRB1-INI-001295A", "belt_id": null, "kind": "impact_melt_nickel", "name": "impact melt-sheet nickel\u2013copper\u2013PGE (Sudbury type)", "tonnage_mt": 342.0516, "grades": {"Ni %": 2.2746, "Cu %": 0.9392, "Co %": 0.0378, "PGE g/t": 1.2675, "S %": 11.63}, "depth_m": 1516, "blind": true, "strike_deg": 117, "dip_deg": 55, "length_m": 3363, "width_m": 214.6, "shape": "lens", "host": "primary_crust", "chance": 0.15, "seen_by": {"gravity": false, "magnetics": false, "em": false, "geochemistry": false}, "water_depth_m": 0, "crater_id": "TRB1-IMP-01295"}}, {"type": "Feature", "geometry": {"type": "Point", "coordinates": [97.69186, -39.66139]}, "properties": {"id": "TRB1-INI-001295A-09", "district_id": "TRB1-INI-001295A", "belt_id": null, "kind": "impact_melt_nickel", "name": "impact melt-sheet nickel\u2013copper\u2013PGE (Sudbury type)", "tonnage_mt": 125.2159, "grades": {"Ni %": 1.6303, "Cu %": 0.8219, "Co %": 0.0234, "PGE g/t": 1.5394, "S %": 10.4123}, "depth_m": 1031, "blind": true, "strike_deg": 151, "dip_deg": 49, "length_m": 2472, "width_m": 247.6, "shape": "lens", "host": "primary_crust", "chance": 0.15, "seen_by": {"gravity": false, "magnetics": false, "em": false, "geochemistry": false}, "water_depth_m": 0, "crater_id": "TRB1-IMP-01295"}}, {"type": "Feature", "geometry": {"type": "Point", "coordinates": [74.45532, 36.12123]}, "properties": {"id": "TRB1-INI-001380A-01", "district_id": "TRB1-INI-001380A", "belt_id": null, "kind": "impact_melt_nickel", "name": "impact melt-sheet nickel\u2013copper\u2013PGE (Sudbury type)", "tonnage_mt": 94.3611, "grades": {"Ni %": 0.8405, "Cu %": 0.7902, "Co %": 0.0379, "PGE g/t": 1.396, "S %": 7.9773}, "depth_m": 1205, "blind": true, "strike_deg": 135, "dip_deg": 57, "length_m": 1684, "width_m": 97.9, "shape": "lens", "host": "intercrater_plains", "chance": 0.15, "seen_by": {"gravity": false, "magnetics": false, "em": false, "geochemistry": false}, "water_depth_m": 0, "crater_id": "TRB1-IMP-01380"}}, {"type": "Feature", "geometry": {"type": "Point", "coordinates": [73.89827, 36.06342]}, "properties": {"id": "TRB1-INI-001380A-02", "district_id": "TRB1-INI-001380A", "belt_id": null, "kind": "impact_melt_nickel", "name": "impact melt-sheet nickel\u2013copper\u2013PGE (Sudbury type)", "tonnage_mt": 14.5533, "grades": {"Ni %": 1.1665, "Cu %": 1.4309, "Co %": 0.0175, "PGE g/t": 1.5919, "S %": 10.7419}, "depth_m": 1341, "blind": true, "strike_deg": 56, "dip_deg": 58, "length_m": 2636, "width_m": 190.4, "shape": "lens", "host": "intercrater_plains", "chance": 0.15, "seen_by": {"gravity": false, "magnetics": false, "em": false, "geochemistry": false}, "water_depth_m": 0, "crater_id": "TRB1-IMP-01380"}}, {"type": "Feature", "geometry": {"type": "Point", "coordinates": [73.89749, 36.09869]}, "properties": {"id": "TRB1-INI-001380A-03", "district_id": "TRB1-INI-001380A", "belt_id": null, "kind": "impact_melt_nickel", "name": "impact melt-sheet nickel\u2013copper\u2013PGE (Sudbury type)", "tonnage_mt": 81.3912, "grades": {"Ni %": 0.8936, "Cu %": 0.5656, "Co %": 0.0516, "PGE g/t": 2.0055, "S %": 12.0232}, "depth_m": 1327, "blind": true, "strike_deg": 51, "dip_deg": 35, "length_m": 5510, "width_m": 335.3, "shape": "lens", "host": "intercrater_plains", "chance": 0.15, "seen_by": {"gravity": false, "magnetics": false, "em": false, "geochemistry": false}, "water_depth_m": 0, "crater_id": "TRB1-IMP-01380"}}, {"type": "Feature", "geometry": {"type": "Point", "coordinates": [73.91119, 35.68937]}, "properties": {"id": "TRB1-INI-001380A-04", "district_id": "TRB1-INI-001380A", "belt_id": null, "kind": "impact_melt_nickel", "name": "impact melt-sheet nickel\u2013copper\u2013PGE (Sudbury type)", "tonnage_mt": 28.6362, "grades": {"Ni %": 0.8957, "Cu %": 1.7646, "Co %": 0.0233, "PGE g/t": 2.1799, "S %": 9.1419}, "depth_m": 1237, "blind": true, "strike_deg": 134, "dip_deg": 38, "length_m": 5809, "width_m": 116.7, "shape": "lens", "host": "intercrater_plains", "chance": 0.15, "seen_by": {"gravity": false, "magnetics": false, "em": false, "geochemistry": false}, "water_depth_m": 0, "crater_id": "TRB1-IMP-01380"}}, {"type": "Feature", "geometry": {"type": "Point", "coordinates": [73.85836, 36.03179]}, "properties": {"id": "TRB1-INI-001380A-05", "district_id": "TRB1-INI-001380A", "belt_id": null, "kind": "impact_melt_nickel", "name": "impact melt-sheet nickel\u2013copper\u2013PGE (Sudbury type)", "tonnage_mt": 47.0291, "grades": {"Ni %": 1.1966, "Cu %": 0.304, "Co %": 0.0292, "PGE g/t": 2.2602, "S %": 19.6081}, "depth_m": 1253, "blind": true, "strike_deg": 65, "dip_deg": 37, "length_m": 3715, "width_m": 89.0, "shape": "lens", "host": "intercrater_plains", "chance": 0.15, "seen_by": {"gravity": false, "magnetics": false, "em": false, "geochemistry": false}, "water_depth_m": 0, "crater_id": "TRB1-IMP-01380"}}, {"type": "Feature", "geometry": {"type": "Point", "coordinates": [74.41457, 36.04987]}, "properties": {"id": "TRB1-INI-001380A-06", "district_id": "TRB1-INI-001380A", "belt_id": null, "kind": "impact_melt_nickel", "name": "impact melt-sheet nickel\u2013copper\u2013PGE (Sudbury type)", "tonnage_mt": 198.1357, "grades": {"Ni %": 0.7591, "Cu %": 0.731, "Co %": 0.0276, "PGE g/t": 1.2896, "S %": 12.9693}, "depth_m": 1349, "blind": true, "strike_deg": 128, "dip_deg": 36, "length_m": 2585, "width_m": 254.4, "shape": "lens", "host": "intercrater_plains", "chance": 0.15, "seen_by": {"gravity": false, "magnetics": false, "em": false, "geochemistry": false}, "water_depth_m": 0, "crater_id": "TRB1-IMP-01380"}}, {"type": "Feature", "geometry": {"type": "Point", "coordinates": [74.46467, 36.07661]}, "properties": {"id": "TRB1-INI-001380A-07", "district_id": "TRB1-INI-001380A", "belt_id": null, "kind": "impact_melt_nickel", "name": "impact melt-sheet nickel\u2013copper\u2013PGE (Sudbury type)", "tonnage_mt": 46.1193, "grades": {"Ni %": 2.6206, "Cu %": 1.5262, "Co %": 0.0749, "PGE g/t": 1.0668, "S %": 6.0796}, "depth_m": 1429, "blind": true, "strike_deg": 128, "dip_deg": 54, "length_m": 3559, "width_m": 282.5, "shape": "lens", "host": "intercrater_plains", "chance": 0.15, "seen_by": {"gravity": false, "magnetics": false, "em": false, "geochemistry": false}, "water_depth_m": 0, "crater_id": "TRB1-IMP-01380"}}, {"type": "Feature", "geometry": {"type": "Point", "coordinates": [74.52542, 36.04091]}, "properties": {"id": "TRB1-INI-001380A-08", "district_id": "TRB1-INI-001380A", "belt_id": null, "kind": "impact_melt_nickel", "name": "impact melt-sheet nickel\u2013copper\u2013PGE (Sudbury type)", "tonnage_mt": 5.308, "grades": {"Ni %": 0.7263, "Cu %": 1.5801, "Co %": 0.0391, "PGE g/t": 1.9338, "S %": 19.2514}, "depth_m": 1522, "blind": true, "strike_deg": 116, "dip_deg": 53, "length_m": 2442, "width_m": 192.1, "shape": "lens", "host": "intercrater_plains", "chance": 0.15, "seen_by": {"gravity": false, "magnetics": false, "em": false, "geochemistry": false}, "water_depth_m": 0, "crater_id": "TRB1-IMP-01380"}}, {"type": "Feature", "geometry": {"type": "Point", "coordinates": [-4.39663, 77.50793]}, "properties": {"id": "TRB1-INI-001516A-01", "district_id": "TRB1-INI-001516A", "belt_id": null, "kind": "impact_melt_nickel", "name": "impact melt-sheet nickel\u2013copper\u2013PGE (Sudbury type)", "tonnage_mt": 103.4162, "grades": {"Ni %": 1.3036, "Cu %": 1.0034, "Co %": 0.0246, "PGE g/t": 2.1584, "S %": 14.87}, "depth_m": 1113, "blind": true, "strike_deg": 63, "dip_deg": 52, "length_m": 4371, "width_m": 208.1, "shape": "lens", "host": "primary_crust", "chance": 0.15, "seen_by": {"gravity": false, "magnetics": false, "em": false, "geochemistry": false}, "water_depth_m": 0, "crater_id": "TRB1-IMP-01516"}}, {"type": "Feature", "geometry": {"type": "Point", "coordinates": [-5.37492, 77.5168]}, "properties": {"id": "TRB1-INI-001516A-02", "district_id": "TRB1-INI-001516A", "belt_id": null, "kind": "impact_melt_nickel", "name": "impact melt-sheet nickel\u2013copper\u2013PGE (Sudbury type)", "tonnage_mt": 38.6613, "grades": {"Ni %": 0.7474, "Cu %": 0.8719, "Co %": 0.0322, "PGE g/t": 1.4261, "S %": 11.7137}, "depth_m": 1369, "blind": true, "strike_deg": 117, "dip_deg": 78, "length_m": 2866, "width_m": 365.2, "shape": "lens", "host": "primary_crust", "chance": 0.15, "seen_by": {"gravity": false, "magnetics": false, "em": false, "geochemistry": false}, "water_depth_m": 0, "crater_id": "TRB1-IMP-01516"}}, {"type": "Feature", "geometry": {"type": "Point", "coordinates": [-6.07907, 77.33695]}, "properties": {"id": "TRB1-INI-001516A-03", "district_id": "TRB1-INI-001516A", "belt_id": null, "kind": "impact_melt_nickel", "name": "impact melt-sheet nickel\u2013copper\u2013PGE (Sudbury type)", "tonnage_mt": 398.2336, "grades": {"Ni %": 1.1342, "Cu %": 1.6094, "Co %": 0.0359, "PGE g/t": 1.676, "S %": 12.5659}, "depth_m": 1306, "blind": true, "strike_deg": 169, "dip_deg": 45, "length_m": 1880, "width_m": 353.7, "shape": "lens", "host": "primary_crust", "chance": 0.15, "seen_by": {"gravity": false, "magnetics": false, "em": false, "geochemistry": false}, "water_depth_m": 0, "crater_id": "TRB1-IMP-01516"}}, {"type": "Feature", "geometry": {"type": "Point", "coordinates": [-3.72624, 77.13973]}, "properties": {"id": "TRB1-INI-001516A-04", "district_id": "TRB1-INI-001516A", "belt_id": null, "kind": "impact_melt_nickel", "name": "impact melt-sheet nickel\u2013copper\u2013PGE (Sudbury type)", "tonnage_mt": 79.9343, "grades": {"Ni %": 0.7302, "Cu %": 1.0575, "Co %": 0.02, "PGE g/t": 2.7796, "S %": 16.5695}, "depth_m": 1240, "blind": true, "strike_deg": 140, "dip_deg": 73, "length_m": 3862, "width_m": 119.6, "shape": "lens", "host": "primary_crust", "chance": 0.15, "seen_by": {"gravity": false, "magnetics": false, "em": false, "geochemistry": false}, "water_depth_m": 0, "crater_id": "TRB1-IMP-01516"}}, {"type": "Feature", "geometry": {"type": "Point", "coordinates": [-4.41486, 77.56982]}, "properties": {"id": "TRB1-INI-001516A-05", "district_id": "TRB1-INI-001516A", "belt_id": null, "kind": "impact_melt_nickel", "name": "impact melt-sheet nickel\u2013copper\u2013PGE (Sudbury type)", "tonnage_mt": 56.7216, "grades": {"Ni %": 1.0753, "Cu %": 0.5892, "Co %": 0.0332, "PGE g/t": 1.2027, "S %": 11.7533}, "depth_m": 1096, "blind": true, "strike_deg": 69, "dip_deg": 52, "length_m": 3052, "width_m": 257.8, "shape": "lens", "host": "primary_crust", "chance": 0.15, "seen_by": {"gravity": false, "magnetics": false, "em": false, "geochemistry": false}, "water_depth_m": 0, "crater_id": "TRB1-IMP-01516"}}, {"type": "Feature", "geometry": {"type": "Point", "coordinates": [-5.79785, 77.2955]}, "properties": {"id": "TRB1-INI-001516A-06", "district_id": "TRB1-INI-001516A", "belt_id": null, "kind": "impact_melt_nickel", "name": "impact melt-sheet nickel\u2013copper\u2013PGE (Sudbury type)", "tonnage_mt": 422.8466, "grades": {"Ni %": 1.1196, "Cu %": 1.1607, "Co %": 0.04, "PGE g/t": 1.4556, "S %": 8.7116}, "depth_m": 1381, "blind": true, "strike_deg": 178, "dip_deg": 79, "length_m": 1495, "width_m": 111.4, "shape": "lens", "host": "primary_crust", "chance": 0.15, "seen_by": {"gravity": false, "magnetics": false, "em": false, "geochemistry": false}, "water_depth_m": 0, "crater_id": "TRB1-IMP-01516"}}, {"type": "Feature", "geometry": {"type": "Point", "coordinates": [-5.68425, 77.19897]}, "properties": {"id": "TRB1-INI-001516A-07", "district_id": "TRB1-INI-001516A", "belt_id": null, "kind": "impact_melt_nickel", "name": "impact melt-sheet nickel\u2013copper\u2013PGE (Sudbury type)", "tonnage_mt": 48.7423, "grades": {"Ni %": 1.1535, "Cu %": 1.1889, "Co %": 0.0131, "PGE g/t": 2.1228, "S %": 5.0548}, "depth_m": 1286, "blind": true, "strike_deg": 23, "dip_deg": 73, "length_m": 3203, "width_m": 241.0, "shape": "lens", "host": "primary_crust", "chance": 0.15, "seen_by": {"gravity": false, "magnetics": false, "em": false, "geochemistry": false}, "water_depth_m": 0, "crater_id": "TRB1-IMP-01516"}}, {"type": "Feature", "geometry": {"type": "Point", "coordinates": [-3.79573, 77.39438]}, "properties": {"id": "TRB1-INI-001516A-08", "district_id": "TRB1-INI-001516A", "belt_id": null, "kind": "impact_melt_nickel", "name": "impact melt-sheet nickel\u2013copper\u2013PGE (Sudbury type)", "tonnage_mt": 50.4999, "grades": {"Ni %": 1.5067, "Cu %": 1.147, "Co %": 0.0321, "PGE g/t": 1.5723, "S %": 14.2382}, "depth_m": 971, "blind": true, "strike_deg": 18, "dip_deg": 35, "length_m": 2823, "width_m": 109.4, "shape": "lens", "host": "primary_crust", "chance": 0.15, "seen_by": {"gravity": false, "magnetics": false, "em": false, "geochemistry": false}, "water_depth_m": 0, "crater_id": "TRB1-IMP-01516"}}, {"type": "Feature", "geometry": {"type": "Point", "coordinates": [-4.73406, 77.01171]}, "properties": {"id": "TRB1-INI-001516A-09", "district_id": "TRB1-INI-001516A", "belt_id": null, "kind": "impact_melt_nickel", "name": "impact melt-sheet nickel\u2013copper\u2013PGE (Sudbury type)", "tonnage_mt": 58.7294, "grades": {"Ni %": 1.0185, "Cu %": 1.4121, "Co %": 0.0451, "PGE g/t": 1.1052, "S %": 14.1983}, "depth_m": 1230, "blind": true, "strike_deg": 87, "dip_deg": 74, "length_m": 3094, "width_m": 168.2, "shape": "lens", "host": "primary_crust", "chance": 0.15, "seen_by": {"gravity": false, "magnetics": false, "em": false, "geochemistry": false}, "water_depth_m": 0, "crater_id": "TRB1-IMP-01516"}}, {"type": "Feature", "geometry": {"type": "Point", "coordinates": [-3.8009, 77.25218]}, "properties": {"id": "TRB1-INI-001516A-10", "district_id": "TRB1-INI-001516A", "belt_id": null, "kind": "impact_melt_nickel", "name": "impact melt-sheet nickel\u2013copper\u2013PGE (Sudbury type)", "tonnage_mt": 174.3662, "grades": {"Ni %": 0.8026, "Cu %": 0.6579, "Co %": 0.0401, "PGE g/t": 0.9094, "S %": 8.0109}, "depth_m": 1194, "blind": true, "strike_deg": 161, "dip_deg": 76, "length_m": 3029, "width_m": 157.2, "shape": "lens", "host": "primary_crust", "chance": 0.15, "seen_by": {"gravity": false, "magnetics": false, "em": false, "geochemistry": false}, "water_depth_m": 0, "crater_id": "TRB1-IMP-01516"}}, {"type": "Feature", "geometry": {"type": "Point", "coordinates": [-3.75543, 77.31742]}, "properties": {"id": "TRB1-INI-001516A-11", "district_id": "TRB1-INI-001516A", "belt_id": null, "kind": "impact_melt_nickel", "name": "impact melt-sheet nickel\u2013copper\u2013PGE (Sudbury type)", "tonnage_mt": 7.8831, "grades": {"Ni %": 1.6433, "Cu %": 0.8759, "Co %": 0.0585, "PGE g/t": 1.0997, "S %": 8.9929}, "depth_m": 1237, "blind": true, "strike_deg": 178, "dip_deg": 67, "length_m": 4656, "width_m": 217.4, "shape": "lens", "host": "primary_crust", "chance": 0.15, "seen_by": {"gravity": false, "magnetics": false, "em": false, "geochemistry": false}, "water_depth_m": 0, "crater_id": "TRB1-IMP-01516"}}, {"type": "Feature", "geometry": {"type": "Point", "coordinates": [-4.26119, 77.09791]}, "properties": {"id": "TRB1-INI-001516A-12", "district_id": "TRB1-INI-001516A", "belt_id": null, "kind": "impact_melt_nickel", "name": "impact melt-sheet nickel\u2013copper\u2013PGE (Sudbury type)", "tonnage_mt": 70.8741, "grades": {"Ni %": 1.6017, "Cu %": 1.4138, "Co %": 0.0502, "PGE g/t": 1.4923, "S %": 9.5857}, "depth_m": 1075, "blind": true, "strike_deg": 114, "dip_deg": 58, "length_m": 3670, "width_m": 135.5, "shape": "lens", "host": "primary_crust", "chance": 0.15, "seen_by": {"gravity": false, "magnetics": false, "em": false, "geochemistry": false}, "water_depth_m": 0, "crater_id": "TRB1-IMP-01516"}}]}