{"type": "FeatureCollection", "features": [{"type": "Feature", "geometry": {"type": "Point", "coordinates": [-32.82388, 80.96643]}, "properties": {"id": "TRE2-PCU-000113A-01", "district_id": "TRE2-PCU-000113A", "belt_id": "TRE2-PCU-B0001", "kind": "porphyry", "name": "porphyry copper\u2013molybdenum\u2013gold", "tonnage_mt": 117.8466, "grades": {"Cu %": 0.3753, "Mo %": 0.0071, "Au g/t": 0.0776, "S %": 1.2949}, "depth_m": 437, "blind": true, "strike_deg": 13, "dip_deg": 90, "length_m": 3664, "width_m": 2418.2, "shape": "stock", "host": "arc_volcanic", "chance": 0.662, "seen_by": {"geochemistry": false, "ip": true, "magnetics": true}, "water_depth_m": 0}}, {"type": "Feature", "geometry": {"type": "Point", "coordinates": [-34.19699, 80.67567]}, "properties": {"id": "TRE2-PCU-000113A-02", "district_id": "TRE2-PCU-000113A", "belt_id": "TRE2-PCU-B0001", "kind": "porphyry", "name": "porphyry copper\u2013molybdenum\u2013gold", "tonnage_mt": 4.8417, "grades": {"Cu %": 0.4425, "Mo %": 0.0097, "Au g/t": 0.0791, "S %": 1.1315}, "depth_m": 576, "blind": true, "strike_deg": 22, "dip_deg": 90, "length_m": 3694, "width_m": 3515.3, "shape": "stock", "host": "arc_volcanic", "chance": 0.662, "seen_by": {"geochemistry": false, "ip": false, "magnetics": true}, "water_depth_m": 0}}, {"type": "Feature", "geometry": {"type": "Point", "coordinates": [-33.59294, 80.89821]}, "properties": {"id": "TRE2-PCU-000113A-03", "district_id": "TRE2-PCU-000113A", "belt_id": "TRE2-PCU-B0001", "kind": "porphyry", "name": "porphyry copper\u2013molybdenum\u2013gold", "tonnage_mt": 264.7161, "grades": {"Cu %": 0.5202, "Mo %": 0.0255, "Au g/t": 0.2127, "S %": 1.0578}, "depth_m": 443, "blind": true, "strike_deg": 24, "dip_deg": 90, "length_m": 4967, "width_m": 1306.3, "shape": "stock", "host": "arc_volcanic", "chance": 0.662, "seen_by": {"geochemistry": false, "ip": true, "magnetics": true}, "water_depth_m": 0}}, {"type": "Feature", "geometry": {"type": "Point", "coordinates": [-33.69576, 80.84435]}, "properties": {"id": "TRE2-PCU-000113A-04", "district_id": "TRE2-PCU-000113A", "belt_id": "TRE2-PCU-B0001", "kind": "porphyry", "name": "porphyry copper\u2013molybdenum\u2013gold", "tonnage_mt": 409.892, "grades": {"Cu %": 0.6556, "Mo %": 0.0115, "Au g/t": 0.0844, "S %": 1.627}, "depth_m": 403, "blind": true, "strike_deg": 34, "dip_deg": 90, "length_m": 1150, "width_m": 1530.1, "shape": "stock", "host": "arc_volcanic", "chance": 0.662, "seen_by": {"geochemistry": false, "ip": true, "magnetics": true}, "water_depth_m": 0}}, {"type": "Feature", "geometry": {"type": "Point", "coordinates": [-34.66419, 80.77618]}, "properties": {"id": "TRE2-PCU-000113A-05", "district_id": "TRE2-PCU-000113A", "belt_id": "TRE2-PCU-B0001", "kind": "porphyry", "name": "porphyry copper\u2013molybdenum\u2013gold", "tonnage_mt": 2169.7406, "grades": {"Cu %": 0.3497, "Mo %": 0.0178, "Au g/t": 0.0923, "S %": 3.0743}, "depth_m": 269, "blind": false, "strike_deg": 19, "dip_deg": 90, "length_m": 6780, "width_m": 2298.7, "shape": "stock", "host": "arc_volcanic", "chance": 0.662, "seen_by": {"geochemistry": false, "ip": true, "magnetics": true}, "water_depth_m": 0}}, {"type": "Feature", "geometry": {"type": "Point", "coordinates": [-34.27911, 80.51559]}, "properties": {"id": "TRE2-PCU-000113A-06", "district_id": "TRE2-PCU-000113A", "belt_id": "TRE2-PCU-B0001", "kind": "porphyry", "name": "porphyry copper\u2013molybdenum\u2013gold", "tonnage_mt": 3220.5327, "grades": {"Cu %": 0.5064, "Mo %": 0.0089, "Au g/t": 0.1966, "S %": 1.1404}, "depth_m": 226, "blind": false, "strike_deg": 15, "dip_deg": 90, "length_m": 2689, "width_m": 1239.4, "shape": "stock", "host": "arc_volcanic", "chance": 0.662, "seen_by": {"geochemistry": false, "ip": true, "magnetics": true}, "water_depth_m": 0}}, {"type": "Feature", "geometry": {"type": "Point", "coordinates": [-70.23663, 79.97814]}, "properties": {"id": "TRE2-PCU-000163A-01", "district_id": "TRE2-PCU-000163A", "belt_id": null, "kind": "porphyry", "name": "porphyry copper\u2013molybdenum\u2013gold", "tonnage_mt": 102.0762, "grades": {"Cu %": 0.3444, "Mo %": 0.0213, "Au g/t": 0.085, "S %": 0.9214}, "depth_m": 0, "blind": false, "strike_deg": 158, "dip_deg": 90, "length_m": 2416, "width_m": 2713.0, "shape": "stock", "host": "clastic", "chance": 0.19, "seen_by": {"geochemistry": true, "ip": true, "magnetics": true}, "water_depth_m": 0}}, {"type": "Feature", "geometry": {"type": "Point", "coordinates": [-70.25581, 79.96672]}, "properties": {"id": "TRE2-PCU-000163A-02", "district_id": "TRE2-PCU-000163A", "belt_id": null, "kind": "porphyry", "name": "porphyry copper\u2013molybdenum\u2013gold", "tonnage_mt": 3.1529, "grades": {"Cu %": 0.3604, "Mo %": 0.0166, "Au g/t": 0.1201, "S %": 1.1746}, "depth_m": 0, "blind": false, "strike_deg": 172, "dip_deg": 90, "length_m": 2119, "width_m": 1592.6, "shape": "stock", "host": "clastic", "chance": 0.19, "seen_by": {"geochemistry": true, "ip": true, "magnetics": true}, "water_depth_m": 0}}, {"type": "Feature", "geometry": {"type": "Point", "coordinates": [-69.22265, 79.91407]}, "properties": {"id": "TRE2-PCU-000163A-03", "district_id": "TRE2-PCU-000163A", "belt_id": null, "kind": "porphyry", "name": "porphyry copper\u2013molybdenum\u2013gold", "tonnage_mt": 147.8654, "grades": {"Cu %": 0.9211, "Mo %": 0.0073, "Au g/t": 0.1267, "S %": 2.9103}, "depth_m": 0, "blind": false, "strike_deg": 156, "dip_deg": 90, "length_m": 2000, "width_m": 1250.3, "shape": "stock", "host": "clastic", "chance": 0.19, "seen_by": {"geochemistry": true, "ip": true, "magnetics": true}, "water_depth_m": 0}}, {"type": "Feature", "geometry": {"type": "Point", "coordinates": [-69.04614, 80.11116]}, "properties": {"id": "TRE2-PCU-000163A-04", "district_id": "TRE2-PCU-000163A", "belt_id": null, "kind": "porphyry", "name": "porphyry copper\u2013molybdenum\u2013gold", "tonnage_mt": 182.3088, "grades": {"Cu %": 0.338, "Mo %": 0.0159, "Au g/t": 0.2044, "S %": 2.2198}, "depth_m": 0, "blind": false, "strike_deg": 149, "dip_deg": 90, "length_m": 2260, "width_m": 3233.7, "shape": "stock", "host": "clastic", "chance": 0.19, "seen_by": {"geochemistry": true, "ip": true, "magnetics": true}, "water_depth_m": 0}}, {"type": "Feature", "geometry": {"type": "Point", "coordinates": [-69.84824, 80.25891]}, "properties": {"id": "TRE2-PCU-000163A-05", "district_id": "TRE2-PCU-000163A", "belt_id": null, "kind": "porphyry", "name": "porphyry copper\u2013molybdenum\u2013gold", "tonnage_mt": 34.3565, "grades": {"Cu %": 0.4065, "Mo %": 0.01, "Au g/t": 0.0845, "S %": 0.6185}, "depth_m": 0, "blind": false, "strike_deg": 2, "dip_deg": 90, "length_m": 3729, "width_m": 1064.8, "shape": "stock", "host": "clastic", "chance": 0.19, "seen_by": {"geochemistry": true, "ip": true, "magnetics": true}, "water_depth_m": 0}}, {"type": "Feature", "geometry": {"type": "Point", "coordinates": [-50.03861, 65.77406]}, "properties": {"id": "TRE2-PCU-000854A-01", "district_id": "TRE2-PCU-000854A", "belt_id": "TRE2-PCU-B0003", "kind": "porphyry", "name": "porphyry copper\u2013molybdenum\u2013gold", "tonnage_mt": 386.3521, "grades": {"Cu %": 0.5264, "Mo %": 0.0159, "Au g/t": 0.0809, "S %": 2.2892}, "depth_m": 0, "blind": false, "strike_deg": 68, "dip_deg": 90, "length_m": 2371, "width_m": 1747.8, "shape": "stock", "host": "arc_plutonic", "chance": 0.713, "seen_by": {"geochemistry": true, "ip": true, "magnetics": true}, "water_depth_m": 0}}, {"type": "Feature", "geometry": {"type": "Point", "coordinates": [-49.97798, 65.79575]}, "properties": {"id": "TRE2-PCU-000854A-02", "district_id": "TRE2-PCU-000854A", "belt_id": "TRE2-PCU-B0003", "kind": "porphyry", "name": "porphyry copper\u2013molybdenum\u2013gold", "tonnage_mt": 700.3277, "grades": {"Cu %": 0.5496, "Mo %": 0.0208, "Au g/t": 0.0585, "S %": 1.1661}, "depth_m": 0, "blind": false, "strike_deg": 72, "dip_deg": 90, "length_m": 2733, "width_m": 1534.1, "shape": "stock", "host": "arc_plutonic", "chance": 0.713, "seen_by": {"geochemistry": true, "ip": true, "magnetics": true}, "water_depth_m": 0}}, {"type": "Feature", "geometry": {"type": "Point", "coordinates": [-51.05327, 65.72489]}, "properties": {"id": "TRE2-PCU-000854A-03", "district_id": "TRE2-PCU-000854A", "belt_id": "TRE2-PCU-B0003", "kind": "porphyry", "name": "porphyry copper\u2013molybdenum\u2013gold", "tonnage_mt": 147.6766, "grades": {"Cu %": 0.6345, "Mo %": 0.0204, "Au g/t": 0.1483, "S %": 1.3479}, "depth_m": 0, "blind": false, "strike_deg": 67, "dip_deg": 90, "length_m": 2235, "width_m": 1482.5, "shape": "stock", "host": "arc_plutonic", "chance": 0.713, "seen_by": {"geochemistry": true, "ip": true, "magnetics": true}, "water_depth_m": 0}}, {"type": "Feature", "geometry": {"type": "Point", "coordinates": [163.85366, 66.01257]}, "properties": {"id": "TRE2-PCU-000876A-01", "district_id": "TRE2-PCU-000876A", "belt_id": "TRE2-PCU-B0006", "kind": "porphyry", "name": "porphyry copper\u2013molybdenum\u2013gold", "tonnage_mt": 15.4274, "grades": {"Cu %": 0.3039, "Mo %": 0.0178, "Au g/t": 0.0988, "S %": 0.9156}, "depth_m": 0, "blind": false, "strike_deg": 167, "dip_deg": 90, "length_m": 3769, "width_m": 735.8, "shape": "stock", "host": "granite", "chance": 0.797, "seen_by": {"geochemistry": true, "ip": true, "magnetics": true}, "water_depth_m": 0}}, {"type": "Feature", "geometry": {"type": "Point", "coordinates": [163.97759, 65.92612]}, "properties": {"id": "TRE2-PCU-000876A-02", "district_id": "TRE2-PCU-000876A", "belt_id": "TRE2-PCU-B0006", "kind": "porphyry", "name": "porphyry copper\u2013molybdenum\u2013gold", "tonnage_mt": 5.4556, "grades": {"Cu %": 0.4041, "Mo %": 0.0206, "Au g/t": 0.2117, "S %": 3.0498}, "depth_m": 0, "blind": false, "strike_deg": 155, "dip_deg": 90, "length_m": 2982, "width_m": 1306.8, "shape": "stock", "host": "granite", "chance": 0.797, "seen_by": {"geochemistry": true, "ip": true, "magnetics": true}, "water_depth_m": 0}}, {"type": "Feature", "geometry": {"type": "Point", "coordinates": [163.4881, 66.28217]}, "properties": {"id": "TRE2-PCU-000876A-03", "district_id": "TRE2-PCU-000876A", "belt_id": "TRE2-PCU-B0006", "kind": "porphyry", "name": "porphyry copper\u2013molybdenum\u2013gold", "tonnage_mt": 1.8608, "grades": {"Cu %": 0.5641, "Mo %": 0.0062, "Au g/t": 0.126, "S %": 2.9077}, "depth_m": 0, "blind": false, "strike_deg": 2, "dip_deg": 90, "length_m": 2916, "width_m": 1473.3, "shape": "stock", "host": "granite", "chance": 0.797, "seen_by": {"geochemistry": true, "ip": true, "magnetics": true}, "water_depth_m": 0}}, {"type": "Feature", "geometry": {"type": "Point", "coordinates": [-96.55501, 65.8938]}, "properties": {"id": "TRE2-PCU-000891A-01", "district_id": "TRE2-PCU-000891A", "belt_id": null, "kind": "porphyry", "name": "porphyry copper\u2013molybdenum\u2013gold", "tonnage_mt": 142.0303, "grades": {"Cu %": 0.3126, "Mo %": 0.046, "Au g/t": 0.1618, "S %": 0.9255}, "depth_m": 0, "blind": false, "strike_deg": 55, "dip_deg": 90, "length_m": 2324, "width_m": 2698.7, "shape": "stock", "host": "granite", "chance": 0.093, "seen_by": {"geochemistry": true, "ip": true, "magnetics": true}, "water_depth_m": 0}}, {"type": "Feature", "geometry": {"type": "Point", "coordinates": [-96.33702, 65.85368]}, "properties": {"id": "TRE2-PCU-000891A-02", "district_id": "TRE2-PCU-000891A", "belt_id": null, "kind": "porphyry", "name": "porphyry copper\u2013molybdenum\u2013gold", "tonnage_mt": 226.9535, "grades": {"Cu %": 0.4694, "Mo %": 0.0099, "Au g/t": 0.168, "S %": 1.9718}, "depth_m": 0, "blind": false, "strike_deg": 45, "dip_deg": 90, "length_m": 1264, "width_m": 707.2, "shape": "stock", "host": "granite", "chance": 0.093, "seen_by": {"geochemistry": true, "ip": true, "magnetics": true}, "water_depth_m": 0}}, {"type": "Feature", "geometry": {"type": "Point", "coordinates": [-95.57194, 66.08898]}, "properties": {"id": "TRE2-PCU-000891A-03", "district_id": "TRE2-PCU-000891A", "belt_id": null, "kind": "porphyry", "name": "porphyry copper\u2013molybdenum\u2013gold", "tonnage_mt": 75.8598, "grades": {"Cu %": 0.864, "Mo %": 0.014, "Au g/t": 0.09, "S %": 1.1208}, "depth_m": 0, "blind": false, "strike_deg": 48, "dip_deg": 90, "length_m": 3607, "width_m": 1305.4, "shape": "stock", "host": "granite", "chance": 0.093, "seen_by": {"geochemistry": true, "ip": true, "magnetics": true}, "water_depth_m": 0}}, {"type": "Feature", "geometry": {"type": "Point", "coordinates": [-96.5792, 65.54761]}, "properties": {"id": "TRE2-PCU-000891A-04", "district_id": "TRE2-PCU-000891A", "belt_id": null, "kind": "porphyry", "name": "porphyry copper\u2013molybdenum\u2013gold", "tonnage_mt": 217.1815, "grades": {"Cu %": 0.3469, "Mo %": 0.0128, "Au g/t": 0.1554, "S %": 1.9905}, "depth_m": 150, "blind": false, "strike_deg": 50, "dip_deg": 90, "length_m": 1569, "width_m": 2458.2, "shape": "stock", "host": "granite", "chance": 0.093, "seen_by": {"geochemistry": false, "ip": true, "magnetics": true}, "water_depth_m": 0}}, {"type": "Feature", "geometry": {"type": "Point", "coordinates": [-118.54688, 63.37762]}, "properties": {"id": "TRE2-PCU-001043A-01", "district_id": "TRE2-PCU-001043A", "belt_id": "TRE2-PCU-B0010", "kind": "porphyry", "name": "porphyry copper\u2013molybdenum\u2013gold", "tonnage_mt": 71.9524, "grades": {"Cu %": 0.3819, "Mo %": 0.0072, "Au g/t": 0.0472, "S %": 1.6976}, "depth_m": 0, "blind": false, "strike_deg": 136, "dip_deg": 90, "length_m": 2125, "width_m": 1781.4, "shape": "stock", "host": "clastic", "chance": 1.0, "seen_by": {"geochemistry": true, "ip": true, "magnetics": true}, "water_depth_m": 96}}, {"type": "Feature", "geometry": {"type": "Point", "coordinates": [-118.53667, 63.39849]}, "properties": {"id": "TRE2-PCU-001043A-02", "district_id": "TRE2-PCU-001043A", "belt_id": "TRE2-PCU-B0010", "kind": "porphyry", "name": "porphyry copper\u2013molybdenum\u2013gold", "tonnage_mt": 308.7501, "grades": {"Cu %": 0.4482, "Mo %": 0.0143, "Au g/t": 0.1579, "S %": 1.4494}, "depth_m": 0, "blind": false, "strike_deg": 154, "dip_deg": 90, "length_m": 2844, "width_m": 3930.8, "shape": "stock", "host": "clastic", "chance": 1.0, "seen_by": {"geochemistry": true, "ip": true, "magnetics": true}, "water_depth_m": 96}}, {"type": "Feature", "geometry": {"type": "Point", "coordinates": [-118.60877, 63.31794]}, "properties": {"id": "TRE2-PCU-001043A-03", "district_id": "TRE2-PCU-001043A", "belt_id": "TRE2-PCU-B0010", "kind": "porphyry", "name": "porphyry copper\u2013molybdenum\u2013gold", "tonnage_mt": 195.8411, "grades": {"Cu %": 0.6026, "Mo %": 0.0289, "Au g/t": 0.2519, "S %": 1.5406}, "depth_m": 0, "blind": false, "strike_deg": 165, "dip_deg": 90, "length_m": 3888, "width_m": 1387.9, "shape": "stock", "host": "clastic", "chance": 1.0, "seen_by": {"geochemistry": true, "ip": true, "magnetics": true}, "water_depth_m": 96}}, {"type": "Feature", "geometry": {"type": "Point", "coordinates": [-41.29948, 61.86412]}, "properties": {"id": "TRE2-PCU-001155A-01", "district_id": "TRE2-PCU-001155A", "belt_id": "TRE2-PCU-B0009", "kind": "porphyry", "name": "porphyry copper\u2013molybdenum\u2013gold", "tonnage_mt": 1851.3725, "grades": {"Cu %": 0.2653, "Mo %": 0.015, "Au g/t": 0.0735, "S %": 3.089}, "depth_m": 73, "blind": false, "strike_deg": 94, "dip_deg": 90, "length_m": 2474, "width_m": 1254.1, "shape": "stock", "host": "arc_plutonic", "chance": 0.356, "seen_by": {"geochemistry": false, "ip": true, "magnetics": true}, "water_depth_m": 0}}, {"type": "Feature", "geometry": {"type": "Point", "coordinates": [-41.63096, 61.80886]}, "properties": {"id": "TRE2-PCU-001155A-02", "district_id": "TRE2-PCU-001155A", "belt_id": "TRE2-PCU-B0009", "kind": "porphyry", "name": "porphyry copper\u2013molybdenum\u2013gold", "tonnage_mt": 403.2455, "grades": {"Cu %": 0.4772, "Mo %": 0.0152, "Au g/t": 0.1017, "S %": 1.444}, "depth_m": 0, "blind": false, "strike_deg": 104, "dip_deg": 90, "length_m": 2475, "width_m": 2167.1, "shape": "stock", "host": "arc_plutonic", "chance": 0.356, "seen_by": {"geochemistry": true, "ip": true, "magnetics": true}, "water_depth_m": 0}}, {"type": "Feature", "geometry": {"type": "Point", "coordinates": [-42.04251, 61.95361]}, "properties": {"id": "TRE2-PCU-001155A-03", "district_id": "TRE2-PCU-001155A", "belt_id": "TRE2-PCU-B0009", "kind": "porphyry", "name": "porphyry copper\u2013molybdenum\u2013gold", "tonnage_mt": 118.486, "grades": {"Cu %": 0.3749, "Mo %": 0.0135, "Au g/t": 0.1364, "S %": 1.8183}, "depth_m": 126, "blind": false, "strike_deg": 88, "dip_deg": 90, "length_m": 3484, "width_m": 1681.9, "shape": "stock", "host": "arc_plutonic", "chance": 0.356, "seen_by": {"geochemistry": false, "ip": true, "magnetics": true}, "water_depth_m": 0}}, {"type": "Feature", "geometry": {"type": "Point", "coordinates": [-41.17183, 61.82609]}, "properties": {"id": "TRE2-PCU-001155A-04", "district_id": "TRE2-PCU-001155A", "belt_id": "TRE2-PCU-B0009", "kind": "porphyry", "name": "porphyry copper\u2013molybdenum\u2013gold", "tonnage_mt": 73.551, "grades": {"Cu %": 0.2651, "Mo %": 0.0139, "Au g/t": 0.1684, "S %": 2.5108}, "depth_m": 0, "blind": false, "strike_deg": 82, "dip_deg": 90, "length_m": 1635, "width_m": 2630.9, "shape": "stock", "host": "arc_plutonic", "chance": 0.356, "seen_by": {"geochemistry": true, "ip": true, "magnetics": true}, "water_depth_m": 0}}, {"type": "Feature", "geometry": {"type": "Point", "coordinates": [-54.6557, 52.64992]}, "properties": {"id": "TRE2-PCU-002040A-01", "district_id": "TRE2-PCU-002040A", "belt_id": "TRE2-PCU-B0017", "kind": "porphyry", "name": "porphyry copper\u2013molybdenum\u2013gold", "tonnage_mt": 227.3306, "grades": {"Cu %": 0.4019, "Mo %": 0.0135, "Au g/t": 0.0791, "S %": 1.1432}, "depth_m": 1702, "blind": true, "strike_deg": 86, "dip_deg": 90, "length_m": 2912, "width_m": 2271.7, "shape": "stock", "host": "clastic", "chance": 0.996, "seen_by": {"geochemistry": false, "ip": false, "magnetics": false}, "water_depth_m": 0}}, {"type": "Feature", "geometry": {"type": "Point", "coordinates": [-54.8916, 52.65331]}, "properties": {"id": "TRE2-PCU-002040A-02", "district_id": "TRE2-PCU-002040A", "belt_id": "TRE2-PCU-B0017", "kind": "porphyry", "name": "porphyry copper\u2013molybdenum\u2013gold", "tonnage_mt": 214.9289, "grades": {"Cu %": 0.2143, "Mo %": 0.0174, "Au g/t": 0.0508, "S %": 1.1156}, "depth_m": 1835, "blind": true, "strike_deg": 90, "dip_deg": 90, "length_m": 1588, "width_m": 1698.7, "shape": "stock", "host": "clastic", "chance": 0.996, "seen_by": {"geochemistry": false, "ip": false, "magnetics": false}, "water_depth_m": 0}}, {"type": "Feature", "geometry": {"type": "Point", "coordinates": [-54.3938, 52.55848]}, "properties": {"id": "TRE2-PCU-002040A-03", "district_id": "TRE2-PCU-002040A", "belt_id": "TRE2-PCU-B0017", "kind": "porphyry", "name": "porphyry copper\u2013molybdenum\u2013gold", "tonnage_mt": 793.5298, "grades": {"Cu %": 0.1823, "Mo %": 0.0084, "Au g/t": 0.11, "S %": 2.0673}, "depth_m": 1669, "blind": true, "strike_deg": 73, "dip_deg": 90, "length_m": 3768, "width_m": 1393.6, "shape": "stock", "host": "clastic", "chance": 0.996, "seen_by": {"geochemistry": false, "ip": false, "magnetics": false}, "water_depth_m": 0}}, {"type": "Feature", "geometry": {"type": "Point", "coordinates": [-54.66843, 52.63111]}, "properties": {"id": "TRE2-PCU-002040A-04", "district_id": "TRE2-PCU-002040A", "belt_id": "TRE2-PCU-B0017", "kind": "porphyry", "name": "porphyry copper\u2013molybdenum\u2013gold", "tonnage_mt": 1022.6752, "grades": {"Cu %": 0.3845, "Mo %": 0.0095, "Au g/t": 0.0695, "S %": 1.2125}, "depth_m": 1716, "blind": true, "strike_deg": 70, "dip_deg": 90, "length_m": 2552, "width_m": 2308.9, "shape": "stock", "host": "clastic", "chance": 0.996, "seen_by": {"geochemistry": false, "ip": false, "magnetics": false}, "water_depth_m": 0}}, {"type": "Feature", "geometry": {"type": "Point", "coordinates": [-54.83255, 52.6886]}, "properties": {"id": "TRE2-PCU-002040A-05", "district_id": "TRE2-PCU-002040A", "belt_id": "TRE2-PCU-B0017", "kind": "porphyry", "name": "porphyry copper\u2013molybdenum\u2013gold", "tonnage_mt": 293.4793, "grades": {"Cu %": 0.6485, "Mo %": 0.0142, "Au g/t": 0.089, "S %": 0.7669}, "depth_m": 1788, "blind": true, "strike_deg": 76, "dip_deg": 90, "length_m": 3814, "width_m": 1289.3, "shape": "stock", "host": "clastic", "chance": 0.996, "seen_by": {"geochemistry": false, "ip": false, "magnetics": false}, "water_depth_m": 0}}, {"type": "Feature", "geometry": {"type": "Point", "coordinates": [55.36511, 22.43306]}, "properties": {"id": "TRE2-PCU-006249A-01", "district_id": "TRE2-PCU-006249A", "belt_id": "TRE2-PCU-B0036", "kind": "porphyry", "name": "porphyry copper\u2013molybdenum\u2013gold", "tonnage_mt": 809.7611, "grades": {"Cu %": 0.3769, "Mo %": 0.0145, "Au g/t": 0.0835, "S %": 1.6932}, "depth_m": 1541, "blind": true, "strike_deg": 30, "dip_deg": 90, "length_m": 1434, "width_m": 3279.1, "shape": "stock", "host": "arc_volcanic", "chance": 1.0, "seen_by": {"geochemistry": false, "ip": false, "magnetics": false}, "water_depth_m": 0}}, {"type": "Feature", "geometry": {"type": "Point", "coordinates": [55.38571, 22.14547]}, "properties": {"id": "TRE2-PCU-006249A-02", "district_id": "TRE2-PCU-006249A", "belt_id": "TRE2-PCU-B0036", "kind": "porphyry", "name": "porphyry copper\u2013molybdenum\u2013gold", "tonnage_mt": 304.7948, "grades": {"Cu %": 1.076, "Mo %": 0.0117, "Au g/t": 0.0745, "S %": 1.4768}, "depth_m": 1631, "blind": true, "strike_deg": 16, "dip_deg": 90, "length_m": 1313, "width_m": 2115.8, "shape": "stock", "host": "arc_volcanic", "chance": 1.0, "seen_by": {"geochemistry": false, "ip": false, "magnetics": false}, "water_depth_m": 0}}, {"type": "Feature", "geometry": {"type": "Point", "coordinates": [55.48701, 22.40402]}, "properties": {"id": "TRE2-PCU-006249A-03", "district_id": "TRE2-PCU-006249A", "belt_id": "TRE2-PCU-B0036", "kind": "porphyry", "name": "porphyry copper\u2013molybdenum\u2013gold", "tonnage_mt": 53.4627, "grades": {"Cu %": 0.5532, "Mo %": 0.0142, "Au g/t": 0.1068, "S %": 2.4068}, "depth_m": 1713, "blind": true, "strike_deg": 23, "dip_deg": 90, "length_m": 1317, "width_m": 2249.3, "shape": "stock", "host": "arc_volcanic", "chance": 1.0, "seen_by": {"geochemistry": false, "ip": false, "magnetics": false}, "water_depth_m": 0}}, {"type": "Feature", "geometry": {"type": "Point", "coordinates": [55.46297, 22.17981]}, "properties": {"id": "TRE2-PCU-006249A-04", "district_id": "TRE2-PCU-006249A", "belt_id": "TRE2-PCU-B0036", "kind": "porphyry", "name": "porphyry copper\u2013molybdenum\u2013gold", "tonnage_mt": 252.1886, "grades": {"Cu %": 0.6511, "Mo %": 0.0215, "Au g/t": 0.1721, "S %": 1.0579}, "depth_m": 1390, "blind": true, "strike_deg": 3, "dip_deg": 90, "length_m": 3905, "width_m": 1409.0, "shape": "stock", "host": "arc_volcanic", "chance": 1.0, "seen_by": {"geochemistry": false, "ip": false, "magnetics": false}, "water_depth_m": 0}}, {"type": "Feature", "geometry": {"type": "Point", "coordinates": [55.43052, 22.20893]}, "properties": {"id": "TRE2-PCU-006249A-05", "district_id": "TRE2-PCU-006249A", "belt_id": "TRE2-PCU-B0036", "kind": "porphyry", "name": "porphyry copper\u2013molybdenum\u2013gold", "tonnage_mt": 233.0947, "grades": {"Cu %": 0.4379, "Mo %": 0.007, "Au g/t": 0.0745, "S %": 2.5075}, "depth_m": 1734, "blind": true, "strike_deg": 23, "dip_deg": 90, "length_m": 2296, "width_m": 1190.0, "shape": "stock", "host": "arc_volcanic", "chance": 1.0, "seen_by": {"geochemistry": false, "ip": false, "magnetics": false}, "water_depth_m": 0}}, {"type": "Feature", "geometry": {"type": "Point", "coordinates": [47.33819, 18.90274]}, "properties": {"id": "TRE2-PCU-006647A-01", "district_id": "TRE2-PCU-006647A", "belt_id": "TRE2-PCU-B0036", "kind": "porphyry", "name": "porphyry copper\u2013molybdenum\u2013gold", "tonnage_mt": 78.5306, "grades": {"Cu %": 0.3677, "Mo %": 0.0134, "Au g/t": 0.0658, "S %": 3.1975}, "depth_m": 0, "blind": false, "strike_deg": 35, "dip_deg": 90, "length_m": 3110, "width_m": 1306.6, "shape": "stock", "host": "arc_plutonic", "chance": 1.0, "seen_by": {"geochemistry": true, "ip": true, "magnetics": true}, "water_depth_m": 0}}, {"type": "Feature", "geometry": {"type": "Point", "coordinates": [47.36689, 19.00932]}, "properties": {"id": "TRE2-PCU-006647A-02", "district_id": "TRE2-PCU-006647A", "belt_id": "TRE2-PCU-B0036", "kind": "porphyry", "name": "porphyry copper\u2013molybdenum\u2013gold", "tonnage_mt": 1.7509, "grades": {"Cu %": 0.5401, "Mo %": 0.0108, "Au g/t": 0.0773, "S %": 1.2943}, "depth_m": 0, "blind": false, "strike_deg": 32, "dip_deg": 90, "length_m": 3899, "width_m": 1513.6, "shape": "stock", "host": "arc_plutonic", "chance": 1.0, "seen_by": {"geochemistry": true, "ip": true, "magnetics": true}, "water_depth_m": 0}}, {"type": "Feature", "geometry": {"type": "Point", "coordinates": [47.4225, 19.03869]}, "properties": {"id": "TRE2-PCU-006647A-03", "district_id": "TRE2-PCU-006647A", "belt_id": "TRE2-PCU-B0036", "kind": "porphyry", "name": "porphyry copper\u2013molybdenum\u2013gold", "tonnage_mt": 4.575, "grades": {"Cu %": 0.9809, "Mo %": 0.026, "Au g/t": 0.1347, "S %": 1.5993}, "depth_m": 0, "blind": false, "strike_deg": 21, "dip_deg": 90, "length_m": 3509, "width_m": 2898.6, "shape": "stock", "host": "arc_plutonic", "chance": 1.0, "seen_by": {"geochemistry": true, "ip": true, "magnetics": true}, "water_depth_m": 0}}, {"type": "Feature", "geometry": {"type": "Point", "coordinates": [47.37114, 19.03148]}, "properties": {"id": "TRE2-PCU-006647A-04", "district_id": "TRE2-PCU-006647A", "belt_id": "TRE2-PCU-B0036", "kind": "porphyry", "name": "porphyry copper\u2013molybdenum\u2013gold", "tonnage_mt": 2.2998, "grades": {"Cu %": 0.2751, "Mo %": 0.0117, "Au g/t": 0.1954, "S %": 0.8542}, "depth_m": 0, "blind": false, "strike_deg": 15, "dip_deg": 90, "length_m": 2100, "width_m": 1767.4, "shape": "stock", "host": "arc_plutonic", "chance": 1.0, "seen_by": {"geochemistry": true, "ip": true, "magnetics": true}, "water_depth_m": 0}}, {"type": "Feature", "geometry": {"type": "Point", "coordinates": [-71.49075, 17.08353]}, "properties": {"id": "TRE2-PCU-007017A-01", "district_id": "TRE2-PCU-007017A", "belt_id": "TRE2-PCU-B0034", "kind": "porphyry", "name": "porphyry copper\u2013molybdenum\u2013gold", "tonnage_mt": 63.9014, "grades": {"Cu %": 0.6729, "Mo %": 0.0138, "Au g/t": 0.1769, "S %": 2.1873}, "depth_m": 0, "blind": false, "strike_deg": 123, "dip_deg": 90, "length_m": 2487, "width_m": 2095.4, "shape": "stock", "host": "carbonate", "chance": 0.999, "seen_by": {"geochemistry": true, "ip": true, "magnetics": true}, "water_depth_m": 90}}, {"type": "Feature", "geometry": {"type": "Point", "coordinates": [-71.05688, 16.65779]}, "properties": {"id": "TRE2-PCU-007017A-02", "district_id": "TRE2-PCU-007017A", "belt_id": "TRE2-PCU-B0034", "kind": "porphyry", "name": "porphyry copper\u2013molybdenum\u2013gold", "tonnage_mt": 674.7525, "grades": {"Cu %": 0.4017, "Mo %": 0.0172, "Au g/t": 0.1291, "S %": 1.1853}, "depth_m": 0, "blind": false, "strike_deg": 128, "dip_deg": 90, "length_m": 2008, "width_m": 1163.2, "shape": "stock", "host": "carbonate", "chance": 0.999, "seen_by": {"geochemistry": true, "ip": true, "magnetics": true}, "water_depth_m": 90}}, {"type": "Feature", "geometry": {"type": "Point", "coordinates": [-70.86826, 16.78192]}, "properties": {"id": "TRE2-PCU-007017A-03", "district_id": "TRE2-PCU-007017A", "belt_id": "TRE2-PCU-B0034", "kind": "porphyry", "name": "porphyry copper\u2013molybdenum\u2013gold", "tonnage_mt": 526.7604, "grades": {"Cu %": 0.4705, "Mo %": 0.0099, "Au g/t": 0.0792, "S %": 0.908}, "depth_m": 0, "blind": false, "strike_deg": 128, "dip_deg": 90, "length_m": 1325, "width_m": 1931.7, "shape": "stock", "host": "carbonate", "chance": 0.999, "seen_by": {"geochemistry": true, "ip": true, "magnetics": true}, "water_depth_m": 90}}, {"type": "Feature", "geometry": {"type": "Point", "coordinates": [-71.0047, 16.68886]}, "properties": {"id": "TRE2-PCU-007017A-04", "district_id": "TRE2-PCU-007017A", "belt_id": "TRE2-PCU-B0034", "kind": "porphyry", "name": "porphyry copper\u2013molybdenum\u2013gold", "tonnage_mt": 477.2647, "grades": {"Cu %": 0.94, "Mo %": 0.0124, "Au g/t": 0.0827, "S %": 2.0376}, "depth_m": 0, "blind": false, "strike_deg": 109, "dip_deg": 90, "length_m": 1974, "width_m": 2206.5, "shape": "stock", "host": "carbonate", "chance": 0.999, "seen_by": {"geochemistry": true, "ip": true, "magnetics": true}, "water_depth_m": 90}}, {"type": "Feature", "geometry": {"type": "Point", "coordinates": [-71.23748, 16.87583]}, "properties": {"id": "TRE2-PCU-007017A-05", "district_id": "TRE2-PCU-007017A", "belt_id": "TRE2-PCU-B0034", "kind": "porphyry", "name": "porphyry copper\u2013molybdenum\u2013gold", "tonnage_mt": 2459.0251, "grades": {"Cu %": 0.3284, "Mo %": 0.0245, "Au g/t": 0.2202, "S %": 1.6025}, "depth_m": 0, "blind": false, "strike_deg": 148, "dip_deg": 90, "length_m": 3838, "width_m": 1321.4, "shape": "stock", "host": "carbonate", "chance": 0.999, "seen_by": {"geochemistry": true, "ip": true, "magnetics": true}, "water_depth_m": 90}}, {"type": "Feature", "geometry": {"type": "Point", "coordinates": [43.59099, 16.67643]}, "properties": {"id": "TRE2-PCU-007079A-01", "district_id": "TRE2-PCU-007079A", "belt_id": "TRE2-PCU-B0036", "kind": "porphyry", "name": "porphyry copper\u2013molybdenum\u2013gold", "tonnage_mt": 142.5867, "grades": {"Cu %": 0.4388, "Mo %": 0.0171, "Au g/t": 0.1006, "S %": 1.5568}, "depth_m": 0, "blind": false, "strike_deg": 147, "dip_deg": 90, "length_m": 4530, "width_m": 2025.8, "shape": "stock", "host": "arc_volcanic", "chance": 0.999, "seen_by": {"geochemistry": true, "ip": true, "magnetics": true}, "water_depth_m": 0}}, {"type": "Feature", "geometry": {"type": "Point", "coordinates": [-105.4717, 12.55036]}, "properties": {"id": "TRE2-PCU-007910A-01", "district_id": "TRE2-PCU-007910A", "belt_id": "TRE2-PCU-B0040", "kind": "porphyry", "name": "porphyry copper\u2013molybdenum\u2013gold", "tonnage_mt": 272.0612, "grades": {"Cu %": 0.2955, "Mo %": 0.0125, "Au g/t": 0.0757, "S %": 2.0548}, "depth_m": 625, "blind": true, "strike_deg": 45, "dip_deg": 90, "length_m": 2806, "width_m": 1929.6, "shape": "stock", "host": "carbonate", "chance": 0.982, "seen_by": {"geochemistry": false, "ip": false, "magnetics": true}, "water_depth_m": 0}}, {"type": "Feature", "geometry": {"type": "Point", "coordinates": [-105.92847, 12.34464]}, "properties": {"id": "TRE2-PCU-007910A-02", "district_id": "TRE2-PCU-007910A", "belt_id": "TRE2-PCU-B0040", "kind": "porphyry", "name": "porphyry copper\u2013molybdenum\u2013gold", "tonnage_mt": 1257.6522, "grades": {"Cu %": 0.3277, "Mo %": 0.0258, "Au g/t": 0.0897, "S %": 3.8195}, "depth_m": 309, "blind": true, "strike_deg": 54, "dip_deg": 90, "length_m": 3217, "width_m": 4620.9, "shape": "stock", "host": "carbonate", "chance": 0.982, "seen_by": {"geochemistry": false, "ip": true, "magnetics": true}, "water_depth_m": 0}}, {"type": "Feature", "geometry": {"type": "Point", "coordinates": [-99.13082, 10.67773]}, "properties": {"id": "TRE2-PCU-008033A-01", "district_id": "TRE2-PCU-008033A", "belt_id": "TRE2-PCU-B0040", "kind": "porphyry", "name": "porphyry copper\u2013molybdenum\u2013gold", "tonnage_mt": 103.1235, "grades": {"Cu %": 0.2998, "Mo %": 0.0163, "Au g/t": 0.0513, "S %": 1.9647}, "depth_m": 0, "blind": false, "strike_deg": 169, "dip_deg": 90, "length_m": 1649, "width_m": 3342.0, "shape": "stock", "host": "granite", "chance": 0.706, "seen_by": {"geochemistry": true, "ip": true, "magnetics": true}, "water_depth_m": 0}}, {"type": "Feature", "geometry": {"type": "Point", "coordinates": [-99.0586, 10.65286]}, "properties": {"id": "TRE2-PCU-008033A-02", "district_id": "TRE2-PCU-008033A", "belt_id": "TRE2-PCU-B0040", "kind": "porphyry", "name": "porphyry copper\u2013molybdenum\u2013gold", "tonnage_mt": 3.6337, "grades": {"Cu %": 0.7556, "Mo %": 0.0081, "Au g/t": 0.1132, "S %": 1.4323}, "depth_m": 0, "blind": false, "strike_deg": 165, "dip_deg": 90, "length_m": 1956, "width_m": 1366.2, "shape": "stock", "host": "granite", "chance": 0.706, "seen_by": {"geochemistry": true, "ip": true, "magnetics": true}, "water_depth_m": 0}}, {"type": "Feature", "geometry": {"type": "Point", "coordinates": [-99.11812, 10.89714]}, "properties": {"id": "TRE2-PCU-008033A-03", "district_id": "TRE2-PCU-008033A", "belt_id": "TRE2-PCU-B0040", "kind": "porphyry", "name": "porphyry copper\u2013molybdenum\u2013gold", "tonnage_mt": 173.6794, "grades": {"Cu %": 0.5793, "Mo %": 0.0093, "Au g/t": 0.1032, "S %": 0.9544}, "depth_m": 0, "blind": false, "strike_deg": 172, "dip_deg": 90, "length_m": 2495, "width_m": 3519.4, "shape": "stock", "host": "granite", "chance": 0.706, "seen_by": {"geochemistry": true, "ip": true, "magnetics": true}, "water_depth_m": 0}}, {"type": "Feature", "geometry": {"type": "Point", "coordinates": [-99.20597, 11.35968]}, "properties": {"id": "TRE2-PCU-008033A-04", "district_id": "TRE2-PCU-008033A", "belt_id": "TRE2-PCU-B0040", "kind": "porphyry", "name": "porphyry copper\u2013molybdenum\u2013gold", "tonnage_mt": 220.0421, "grades": {"Cu %": 1.0218, "Mo %": 0.019, "Au g/t": 0.1019, "S %": 1.7593}, "depth_m": 0, "blind": false, "strike_deg": 146, "dip_deg": 90, "length_m": 1595, "width_m": 3522.3, "shape": "stock", "host": "granite", "chance": 0.706, "seen_by": {"geochemistry": true, "ip": true, "magnetics": true}, "water_depth_m": 0}}, {"type": "Feature", "geometry": {"type": "Point", "coordinates": [-82.84183, 4.2938]}, "properties": {"id": "TRE2-PCU-009211A-01", "district_id": "TRE2-PCU-009211A", "belt_id": "TRE2-PCU-B0034", "kind": "porphyry", "name": "porphyry copper\u2013molybdenum\u2013gold", "tonnage_mt": 133.1829, "grades": {"Cu %": 0.5576, "Mo %": 0.0382, "Au g/t": 0.1082, "S %": 3.4148}, "depth_m": 1424, "blind": true, "strike_deg": 64, "dip_deg": 90, "length_m": 2829, "width_m": 1912.0, "shape": "stock", "host": "carbonate", "chance": 0.974, "seen_by": {"geochemistry": false, "ip": false, "magnetics": false}, "water_depth_m": 0}}, {"type": "Feature", "geometry": {"type": "Point", "coordinates": [-82.74536, 4.10933]}, "properties": {"id": "TRE2-PCU-009211A-02", "district_id": "TRE2-PCU-009211A", "belt_id": "TRE2-PCU-B0034", "kind": "porphyry", "name": "porphyry copper\u2013molybdenum\u2013gold", "tonnage_mt": 193.0592, "grades": {"Cu %": 0.9464, "Mo %": 0.0119, "Au g/t": 0.1098, "S %": 2.1432}, "depth_m": 1405, "blind": true, "strike_deg": 68, "dip_deg": 90, "length_m": 2006, "width_m": 2964.6, "shape": "stock", "host": "carbonate", "chance": 0.974, "seen_by": {"geochemistry": false, "ip": false, "magnetics": false}, "water_depth_m": 0}}, {"type": "Feature", "geometry": {"type": "Point", "coordinates": [-82.53559, 4.33094]}, "properties": {"id": "TRE2-PCU-009211A-03", "district_id": "TRE2-PCU-009211A", "belt_id": "TRE2-PCU-B0034", "kind": "porphyry", "name": "porphyry copper\u2013molybdenum\u2013gold", "tonnage_mt": 829.9276, "grades": {"Cu %": 0.426, "Mo %": 0.0143, "Au g/t": 0.1804, "S %": 2.6443}, "depth_m": 1716, "blind": true, "strike_deg": 56, "dip_deg": 90, "length_m": 2366, "width_m": 2350.1, "shape": "stock", "host": "carbonate", "chance": 0.974, "seen_by": {"geochemistry": false, "ip": false, "magnetics": false}, "water_depth_m": 0}}, {"type": "Feature", "geometry": {"type": "Point", "coordinates": [-82.74762, 4.30706]}, "properties": {"id": "TRE2-PCU-009211A-04", "district_id": "TRE2-PCU-009211A", "belt_id": "TRE2-PCU-B0034", "kind": "porphyry", "name": "porphyry copper\u2013molybdenum\u2013gold", "tonnage_mt": 294.0973, "grades": {"Cu %": 0.5058, "Mo %": 0.0129, "Au g/t": 0.078, "S %": 0.6691}, "depth_m": 1343, "blind": true, "strike_deg": 54, "dip_deg": 90, "length_m": 2291, "width_m": 1394.9, "shape": "stock", "host": "carbonate", "chance": 0.974, "seen_by": {"geochemistry": false, "ip": false, "magnetics": false}, "water_depth_m": 0}}, {"type": "Feature", "geometry": {"type": "Point", "coordinates": [-82.85776, 4.07098]}, "properties": {"id": "TRE2-PCU-009211A-05", "district_id": "TRE2-PCU-009211A", "belt_id": "TRE2-PCU-B0034", "kind": "porphyry", "name": "porphyry copper\u2013molybdenum\u2013gold", "tonnage_mt": 201.5421, "grades": {"Cu %": 0.3601, "Mo %": 0.0118, "Au g/t": 0.219, "S %": 0.8468}, "depth_m": 1579, "blind": true, "strike_deg": 62, "dip_deg": 90, "length_m": 1486, "width_m": 1749.4, "shape": "stock", "host": "carbonate", "chance": 0.974, "seen_by": {"geochemistry": false, "ip": false, "magnetics": false}, "water_depth_m": 0}}, {"type": "Feature", "geometry": {"type": "Point", "coordinates": [-82.86094, 4.16567]}, "properties": {"id": "TRE2-PCU-009211A-06", "district_id": "TRE2-PCU-009211A", "belt_id": "TRE2-PCU-B0034", "kind": "porphyry", "name": "porphyry copper\u2013molybdenum\u2013gold", "tonnage_mt": 780.8164, "grades": {"Cu %": 0.167, "Mo %": 0.015, "Au g/t": 0.1644, "S %": 0.938}, "depth_m": 1338, "blind": true, "strike_deg": 62, "dip_deg": 90, "length_m": 3467, "width_m": 2462.8, "shape": "stock", "host": "carbonate", "chance": 0.974, "seen_by": {"geochemistry": false, "ip": false, "magnetics": false}, "water_depth_m": 0}}, {"type": "Feature", "geometry": {"type": "Point", "coordinates": [54.68155, 1.57958]}, "properties": {"id": "TRE2-PCU-009820A-01", "district_id": "TRE2-PCU-009820A", "belt_id": "TRE2-PCU-B0060", "kind": "porphyry", "name": "porphyry copper\u2013molybdenum\u2013gold", "tonnage_mt": 30.4597, "grades": {"Cu %": 0.2287, "Mo %": 0.0189, "Au g/t": 0.1286, "S %": 2.1026}, "depth_m": 853, "blind": true, "strike_deg": 121, "dip_deg": 90, "length_m": 5437, "width_m": 1668.6, "shape": "stock", "host": "schist", "chance": 0.411, "seen_by": {"geochemistry": false, "ip": false, "magnetics": false}, "water_depth_m": 0}}, {"type": "Feature", "geometry": {"type": "Point", "coordinates": [54.71439, 1.69959]}, "properties": {"id": "TRE2-PCU-009820A-02", "district_id": "TRE2-PCU-009820A", "belt_id": "TRE2-PCU-B0060", "kind": "porphyry", "name": "porphyry copper\u2013molybdenum\u2013gold", "tonnage_mt": 620.0151, "grades": {"Cu %": 0.5155, "Mo %": 0.0185, "Au g/t": 0.1285, "S %": 1.8252}, "depth_m": 856, "blind": true, "strike_deg": 130, "dip_deg": 90, "length_m": 2150, "width_m": 1821.2, "shape": "stock", "host": "schist", "chance": 0.411, "seen_by": {"geochemistry": false, "ip": false, "magnetics": false}, "water_depth_m": 0}}, {"type": "Feature", "geometry": {"type": "Point", "coordinates": [54.76528, 1.55517]}, "properties": {"id": "TRE2-PCU-009820A-03", "district_id": "TRE2-PCU-009820A", "belt_id": "TRE2-PCU-B0060", "kind": "porphyry", "name": "porphyry copper\u2013molybdenum\u2013gold", "tonnage_mt": 62.3142, "grades": {"Cu %": 0.3583, "Mo %": 0.0128, "Au g/t": 0.1154, "S %": 1.58}, "depth_m": 785, "blind": true, "strike_deg": 115, "dip_deg": 90, "length_m": 2770, "width_m": 1153.8, "shape": "stock", "host": "schist", "chance": 0.411, "seen_by": {"geochemistry": false, "ip": false, "magnetics": true}, "water_depth_m": 0}}, {"type": "Feature", "geometry": {"type": "Point", "coordinates": [-90.96723, -2.01499]}, "properties": {"id": "TRE2-PCU-010363A-01", "district_id": "TRE2-PCU-010363A", "belt_id": "TRE2-PCU-B0034", "kind": "porphyry", "name": "porphyry copper\u2013molybdenum\u2013gold", "tonnage_mt": 94.9744, "grades": {"Cu %": 0.4518, "Mo %": 0.0112, "Au g/t": 0.0556, "S %": 1.5077}, "depth_m": 391, "blind": true, "strike_deg": 141, "dip_deg": 90, "length_m": 3625, "width_m": 2472.7, "shape": "stock", "host": "arc_volcanic", "chance": 0.999, "seen_by": {"geochemistry": false, "ip": true, "magnetics": true}, "water_depth_m": 0}}, {"type": "Feature", "geometry": {"type": "Point", "coordinates": [-90.96098, -2.37048]}, "properties": {"id": "TRE2-PCU-010363A-02", "district_id": "TRE2-PCU-010363A", "belt_id": "TRE2-PCU-B0034", "kind": "porphyry", "name": "porphyry copper\u2013molybdenum\u2013gold", "tonnage_mt": 21.1237, "grades": {"Cu %": 0.6674, "Mo %": 0.026, "Au g/t": 0.1269, "S %": 0.9697}, "depth_m": 468, "blind": true, "strike_deg": 168, "dip_deg": 90, "length_m": 2383, "width_m": 2379.9, "shape": "stock", "host": "arc_volcanic", "chance": 0.999, "seen_by": {"geochemistry": false, "ip": true, "magnetics": true}, "water_depth_m": 0}}, {"type": "Feature", "geometry": {"type": "Point", "coordinates": [-90.99331, -2.0675]}, "properties": {"id": "TRE2-PCU-010363A-03", "district_id": "TRE2-PCU-010363A", "belt_id": "TRE2-PCU-B0034", "kind": "porphyry", "name": "porphyry copper\u2013molybdenum\u2013gold", "tonnage_mt": 270.2101, "grades": {"Cu %": 0.1712, "Mo %": 0.011, "Au g/t": 0.0682, "S %": 1.0479}, "depth_m": 406, "blind": true, "strike_deg": 164, "dip_deg": 90, "length_m": 2095, "width_m": 2152.3, "shape": "stock", "host": "arc_volcanic", "chance": 0.999, "seen_by": {"geochemistry": false, "ip": true, "magnetics": true}, "water_depth_m": 0}}, {"type": "Feature", "geometry": {"type": "Point", "coordinates": [-90.97466, -2.29471]}, "properties": {"id": "TRE2-PCU-010363A-04", "district_id": "TRE2-PCU-010363A", "belt_id": "TRE2-PCU-B0034", "kind": "porphyry", "name": "porphyry copper\u2013molybdenum\u2013gold", "tonnage_mt": 448.2755, "grades": {"Cu %": 0.7222, "Mo %": 0.0179, "Au g/t": 0.112, "S %": 1.1053}, "depth_m": 479, "blind": true, "strike_deg": 144, "dip_deg": 90, "length_m": 3134, "width_m": 5058.6, "shape": "stock", "host": "arc_volcanic", "chance": 0.999, "seen_by": {"geochemistry": false, "ip": true, "magnetics": true}, "water_depth_m": 0}}, {"type": "Feature", "geometry": {"type": "Point", "coordinates": [-91.10469, -2.1236]}, "properties": {"id": "TRE2-PCU-010363A-05", "district_id": "TRE2-PCU-010363A", "belt_id": "TRE2-PCU-B0034", "kind": "porphyry", "name": "porphyry copper\u2013molybdenum\u2013gold", "tonnage_mt": 279.5775, "grades": {"Cu %": 0.4306, "Mo %": 0.0102, "Au g/t": 0.0896, "S %": 1.3243}, "depth_m": 419, "blind": true, "strike_deg": 133, "dip_deg": 90, "length_m": 2581, "width_m": 2163.6, "shape": "stock", "host": "arc_volcanic", "chance": 0.999, "seen_by": {"geochemistry": false, "ip": true, "magnetics": true}, "water_depth_m": 0}}, {"type": "Feature", "geometry": {"type": "Point", "coordinates": [108.78493, -3.93459]}, "properties": {"id": "TRE2-PCU-010660A-01", "district_id": "TRE2-PCU-010660A", "belt_id": "TRE2-PCU-B0049", "kind": "porphyry", "name": "porphyry copper\u2013molybdenum\u2013gold", "tonnage_mt": 6.8894, "grades": {"Cu %": 0.6423, "Mo %": 0.0186, "Au g/t": 0.1043, "S %": 2.1912}, "depth_m": 848, "blind": true, "strike_deg": 143, "dip_deg": 90, "length_m": 1513, "width_m": 1483.1, "shape": "stock", "host": "arc_volcanic", "chance": 0.569, "seen_by": {"geochemistry": false, "ip": false, "magnetics": false}, "water_depth_m": 0}}, {"type": "Feature", "geometry": {"type": "Point", "coordinates": [108.68593, -4.09464]}, "properties": {"id": "TRE2-PCU-010660A-02", "district_id": "TRE2-PCU-010660A", "belt_id": "TRE2-PCU-B0049", "kind": "porphyry", "name": "porphyry copper\u2013molybdenum\u2013gold", "tonnage_mt": 138.0899, "grades": {"Cu %": 0.5449, "Mo %": 0.0213, "Au g/t": 0.0741, "S %": 1.0258}, "depth_m": 1027, "blind": true, "strike_deg": 140, "dip_deg": 90, "length_m": 5487, "width_m": 3279.7, "shape": "stock", "host": "arc_volcanic", "chance": 0.569, "seen_by": {"geochemistry": false, "ip": false, "magnetics": false}, "water_depth_m": 0}}, {"type": "Feature", "geometry": {"type": "Point", "coordinates": [29.33268, -5.61156]}, "properties": {"id": "TRE2-PCU-010925A-01", "district_id": "TRE2-PCU-010925A", "belt_id": "TRE2-PCU-B0063", "kind": "porphyry", "name": "porphyry copper\u2013molybdenum\u2013gold", "tonnage_mt": 466.1642, "grades": {"Cu %": 0.3719, "Mo %": 0.0071, "Au g/t": 0.1658, "S %": 1.0803}, "depth_m": 0, "blind": false, "strike_deg": 159, "dip_deg": 90, "length_m": 2773, "width_m": 2575.3, "shape": "stock", "host": "carbonate", "chance": 0.979, "seen_by": {"geochemistry": true, "ip": true, "magnetics": true}, "water_depth_m": 0}}, {"type": "Feature", "geometry": {"type": "Point", "coordinates": [29.30554, -5.18745]}, "properties": {"id": "TRE2-PCU-010925A-02", "district_id": "TRE2-PCU-010925A", "belt_id": "TRE2-PCU-B0063", "kind": "porphyry", "name": "porphyry copper\u2013molybdenum\u2013gold", "tonnage_mt": 848.9806, "grades": {"Cu %": 0.351, "Mo %": 0.0185, "Au g/t": 0.1289, "S %": 1.295}, "depth_m": 0, "blind": false, "strike_deg": 5, "dip_deg": 90, "length_m": 1585, "width_m": 1561.7, "shape": "stock", "host": "carbonate", "chance": 0.979, "seen_by": {"geochemistry": true, "ip": true, "magnetics": true}, "water_depth_m": 0}}, {"type": "Feature", "geometry": {"type": "Point", "coordinates": [29.29772, -5.39064]}, "properties": {"id": "TRE2-PCU-010925A-03", "district_id": "TRE2-PCU-010925A", "belt_id": "TRE2-PCU-B0063", "kind": "porphyry", "name": "porphyry copper\u2013molybdenum\u2013gold", "tonnage_mt": 96.9789, "grades": {"Cu %": 0.4218, "Mo %": 0.0305, "Au g/t": 0.0659, "S %": 2.0834}, "depth_m": 0, "blind": false, "strike_deg": 157, "dip_deg": 90, "length_m": 1576, "width_m": 2660.1, "shape": "stock", "host": "carbonate", "chance": 0.979, "seen_by": {"geochemistry": true, "ip": true, "magnetics": true}, "water_depth_m": 0}}, {"type": "Feature", "geometry": {"type": "Point", "coordinates": [63.15057, -6.35486]}, "properties": {"id": "TRE2-PCU-011019A-01", "district_id": "TRE2-PCU-011019A", "belt_id": "TRE2-PCU-B0071", "kind": "porphyry", "name": "porphyry copper\u2013molybdenum\u2013gold", "tonnage_mt": 249.2075, "grades": {"Cu %": 0.6419, "Mo %": 0.0344, "Au g/t": 0.0735, "S %": 1.4344}, "depth_m": 2141, "blind": true, "strike_deg": 104, "dip_deg": 90, "length_m": 1785, "width_m": 1279.5, "shape": "stock", "host": "carbonate", "chance": 0.965, "seen_by": {"geochemistry": false, "ip": false, "magnetics": false}, "water_depth_m": 103}}, {"type": "Feature", "geometry": {"type": "Point", "coordinates": [63.3062, -6.33702]}, "properties": {"id": "TRE2-PCU-011019A-02", "district_id": "TRE2-PCU-011019A", "belt_id": "TRE2-PCU-B0071", "kind": "porphyry", "name": "porphyry copper\u2013molybdenum\u2013gold", "tonnage_mt": 171.2533, "grades": {"Cu %": 0.6971, "Mo %": 0.0073, "Au g/t": 0.0817, "S %": 0.9416}, "depth_m": 1692, "blind": true, "strike_deg": 102, "dip_deg": 90, "length_m": 2481, "width_m": 1491.1, "shape": "stock", "host": "carbonate", "chance": 0.965, "seen_by": {"geochemistry": false, "ip": false, "magnetics": false}, "water_depth_m": 103}}, {"type": "Feature", "geometry": {"type": "Point", "coordinates": [63.44042, -6.4212]}, "properties": {"id": "TRE2-PCU-011019A-03", "district_id": "TRE2-PCU-011019A", "belt_id": "TRE2-PCU-B0071", "kind": "porphyry", "name": "porphyry copper\u2013molybdenum\u2013gold", "tonnage_mt": 225.2581, "grades": {"Cu %": 0.4055, "Mo %": 0.0104, "Au g/t": 0.0894, "S %": 2.3405}, "depth_m": 1657, "blind": true, "strike_deg": 106, "dip_deg": 90, "length_m": 1518, "width_m": 1695.7, "shape": "stock", "host": "carbonate", "chance": 0.965, "seen_by": {"geochemistry": false, "ip": false, "magnetics": false}, "water_depth_m": 103}}, {"type": "Feature", "geometry": {"type": "Point", "coordinates": [107.35602, -11.86511]}, "properties": {"id": "TRE2-PCU-012024A-01", "district_id": "TRE2-PCU-012024A", "belt_id": "TRE2-PCU-B0080", "kind": "porphyry", "name": "porphyry copper\u2013molybdenum\u2013gold", "tonnage_mt": 481.8584, "grades": {"Cu %": 0.3464, "Mo %": 0.0143, "Au g/t": 0.1953, "S %": 2.992}, "depth_m": 0, "blind": false, "strike_deg": 1, "dip_deg": 90, "length_m": 1806, "width_m": 4264.0, "shape": "stock", "host": "arc_volcanic", "chance": 0.723, "seen_by": {"geochemistry": true, "ip": true, "magnetics": true}, "water_depth_m": 0}}, {"type": "Feature", "geometry": {"type": "Point", "coordinates": [91.03435, -12.82677]}, "properties": {"id": "TRE2-PCU-012210A-01", "district_id": "TRE2-PCU-012210A", "belt_id": "TRE2-PCU-B0081", "kind": "porphyry", "name": "porphyry copper\u2013molybdenum\u2013gold", "tonnage_mt": 951.9906, "grades": {"Cu %": 0.3169, "Mo %": 0.0173, "Au g/t": 0.0978, "S %": 1.3814}, "depth_m": 282, "blind": false, "strike_deg": 148, "dip_deg": 90, "length_m": 2952, "width_m": 1938.2, "shape": "stock", "host": "carbonate", "chance": 0.774, "seen_by": {"geochemistry": false, "ip": true, "magnetics": true}, "water_depth_m": 0}}, {"type": "Feature", "geometry": {"type": "Point", "coordinates": [91.04276, -12.88519]}, "properties": {"id": "TRE2-PCU-012210A-02", "district_id": "TRE2-PCU-012210A", "belt_id": "TRE2-PCU-B0081", "kind": "porphyry", "name": "porphyry copper\u2013molybdenum\u2013gold", "tonnage_mt": 104.7563, "grades": {"Cu %": 0.4843, "Mo %": 0.0197, "Au g/t": 0.1333, "S %": 1.0107}, "depth_m": 565, "blind": true, "strike_deg": 153, "dip_deg": 90, "length_m": 1839, "width_m": 996.3, "shape": "stock", "host": "carbonate", "chance": 0.774, "seen_by": {"geochemistry": false, "ip": false, "magnetics": true}, "water_depth_m": 0}}, {"type": "Feature", "geometry": {"type": "Point", "coordinates": [90.85859, -12.60376]}, "properties": {"id": "TRE2-PCU-012210A-03", "district_id": "TRE2-PCU-012210A", "belt_id": "TRE2-PCU-B0081", "kind": "porphyry", "name": "porphyry copper\u2013molybdenum\u2013gold", "tonnage_mt": 2083.4958, "grades": {"Cu %": 0.4603, "Mo %": 0.0083, "Au g/t": 0.0478, "S %": 1.1051}, "depth_m": 151, "blind": false, "strike_deg": 171, "dip_deg": 90, "length_m": 2286, "width_m": 2119.1, "shape": "stock", "host": "carbonate", "chance": 0.774, "seen_by": {"geochemistry": false, "ip": true, "magnetics": true}, "water_depth_m": 0}}, {"type": "Feature", "geometry": {"type": "Point", "coordinates": [-130.91021, -18.2705]}, "properties": {"id": "TRE2-PCU-013196A-01", "district_id": "TRE2-PCU-013196A", "belt_id": "TRE2-PCU-B0077", "kind": "porphyry", "name": "porphyry copper\u2013molybdenum\u2013gold", "tonnage_mt": 459.3753, "grades": {"Cu %": 0.2826, "Mo %": 0.0175, "Au g/t": 0.0855, "S %": 1.376}, "depth_m": 983, "blind": true, "strike_deg": 111, "dip_deg": 90, "length_m": 2756, "width_m": 1754.4, "shape": "stock", "host": "arc_volcanic", "chance": 0.589, "seen_by": {"geochemistry": false, "ip": false, "magnetics": false}, "water_depth_m": 0}}, {"type": "Feature", "geometry": {"type": "Point", "coordinates": [-130.86681, -18.36091]}, "properties": {"id": "TRE2-PCU-013196A-02", "district_id": "TRE2-PCU-013196A", "belt_id": "TRE2-PCU-B0077", "kind": "porphyry", "name": "porphyry copper\u2013molybdenum\u2013gold", "tonnage_mt": 793.1724, "grades": {"Cu %": 0.5198, "Mo %": 0.0355, "Au g/t": 0.0883, "S %": 2.1255}, "depth_m": 1034, "blind": true, "strike_deg": 97, "dip_deg": 90, "length_m": 2869, "width_m": 2673.2, "shape": "stock", "host": "arc_volcanic", "chance": 0.589, "seen_by": {"geochemistry": false, "ip": false, "magnetics": false}, "water_depth_m": 0}}, {"type": "Feature", "geometry": {"type": "Point", "coordinates": [-131.14437, -18.19871]}, "properties": {"id": "TRE2-PCU-013196A-03", "district_id": "TRE2-PCU-013196A", "belt_id": "TRE2-PCU-B0077", "kind": "porphyry", "name": "porphyry copper\u2013molybdenum\u2013gold", "tonnage_mt": 151.1873, "grades": {"Cu %": 0.5608, "Mo %": 0.0076, "Au g/t": 0.147, "S %": 2.1803}, "depth_m": 897, "blind": true, "strike_deg": 127, "dip_deg": 90, "length_m": 3670, "width_m": 1668.9, "shape": "stock", "host": "arc_volcanic", "chance": 0.589, "seen_by": {"geochemistry": false, "ip": false, "magnetics": false}, "water_depth_m": 0}}, {"type": "Feature", "geometry": {"type": "Point", "coordinates": [43.44123, -21.37103]}, "properties": {"id": "TRE2-PCU-013611A-01", "district_id": "TRE2-PCU-013611A", "belt_id": "TRE2-PCU-B0088", "kind": "porphyry", "name": "porphyry copper\u2013molybdenum\u2013gold", "tonnage_mt": 245.3342, "grades": {"Cu %": 0.3315, "Mo %": 0.0141, "Au g/t": 0.0977, "S %": 1.1702}, "depth_m": 0, "blind": false, "strike_deg": 50, "dip_deg": 90, "length_m": 2567, "width_m": 1203.6, "shape": "stock", "host": "arc_plutonic", "chance": 0.869, "seen_by": {"geochemistry": true, "ip": true, "magnetics": true}, "water_depth_m": 0}}, {"type": "Feature", "geometry": {"type": "Point", "coordinates": [43.27822, -21.46574]}, "properties": {"id": "TRE2-PCU-013611A-02", "district_id": "TRE2-PCU-013611A", "belt_id": "TRE2-PCU-B0088", "kind": "porphyry", "name": "porphyry copper\u2013molybdenum\u2013gold", "tonnage_mt": 102.31, "grades": {"Cu %": 0.8817, "Mo %": 0.0086, "Au g/t": 0.1179, "S %": 0.9726}, "depth_m": 0, "blind": false, "strike_deg": 73, "dip_deg": 90, "length_m": 4805, "width_m": 1328.6, "shape": "stock", "host": "arc_plutonic", "chance": 0.869, "seen_by": {"geochemistry": true, "ip": true, "magnetics": true}, "water_depth_m": 0}}, {"type": "Feature", "geometry": {"type": "Point", "coordinates": [43.28144, -21.57404]}, "properties": {"id": "TRE2-PCU-013611A-03", "district_id": "TRE2-PCU-013611A", "belt_id": "TRE2-PCU-B0088", "kind": "porphyry", "name": "porphyry copper\u2013molybdenum\u2013gold", "tonnage_mt": 76.1786, "grades": {"Cu %": 0.2612, "Mo %": 0.008, "Au g/t": 0.0892, "S %": 3.3188}, "depth_m": 0, "blind": false, "strike_deg": 36, "dip_deg": 90, "length_m": 2578, "width_m": 1456.6, "shape": "stock", "host": "arc_plutonic", "chance": 0.869, "seen_by": {"geochemistry": true, "ip": true, "magnetics": true}, "water_depth_m": 0}}, {"type": "Feature", "geometry": {"type": "Point", "coordinates": [147.78781, -24.63867]}, "properties": {"id": "TRE2-PCU-014215A-01", "district_id": "TRE2-PCU-014215A", "belt_id": "TRE2-PCU-B0087", "kind": "porphyry", "name": "porphyry copper\u2013molybdenum\u2013gold", "tonnage_mt": 243.2449, "grades": {"Cu %": 0.5822, "Mo %": 0.0185, "Au g/t": 0.0647, "S %": 1.547}, "depth_m": 0, "blind": false, "strike_deg": 123, "dip_deg": 90, "length_m": 2817, "width_m": 2625.8, "shape": "stock", "host": "arc_plutonic", "chance": 0.741, "seen_by": {"geochemistry": true, "ip": true, "magnetics": true}, "water_depth_m": 0}}, {"type": "Feature", "geometry": {"type": "Point", "coordinates": [147.77771, -24.33096]}, "properties": {"id": "TRE2-PCU-014215A-02", "district_id": "TRE2-PCU-014215A", "belt_id": "TRE2-PCU-B0087", "kind": "porphyry", "name": "porphyry copper\u2013molybdenum\u2013gold", "tonnage_mt": 3025.1546, "grades": {"Cu %": 0.2214, "Mo %": 0.0134, "Au g/t": 0.0598, "S %": 0.661}, "depth_m": 0, "blind": false, "strike_deg": 129, "dip_deg": 90, "length_m": 2141, "width_m": 3715.2, "shape": "stock", "host": "arc_plutonic", "chance": 0.741, "seen_by": {"geochemistry": true, "ip": true, "magnetics": true}, "water_depth_m": 0}}, {"type": "Feature", "geometry": {"type": "Point", "coordinates": [147.94244, -24.61063]}, "properties": {"id": "TRE2-PCU-014215A-03", "district_id": "TRE2-PCU-014215A", "belt_id": "TRE2-PCU-B0087", "kind": "porphyry", "name": "porphyry copper\u2013molybdenum\u2013gold", "tonnage_mt": 248.5052, "grades": {"Cu %": 0.9397, "Mo %": 0.0097, "Au g/t": 0.0825, "S %": 1.9081}, "depth_m": 0, "blind": false, "strike_deg": 116, "dip_deg": 90, "length_m": 4823, "width_m": 3965.1, "shape": "stock", "host": "arc_plutonic", "chance": 0.741, "seen_by": {"geochemistry": true, "ip": true, "magnetics": true}, "water_depth_m": 0}}, {"type": "Feature", "geometry": {"type": "Point", "coordinates": [-154.27157, -25.37088]}, "properties": {"id": "TRE2-PCU-014246A-01", "district_id": "TRE2-PCU-014246A", "belt_id": "TRE2-PCU-B0097", "kind": "porphyry", "name": "porphyry copper\u2013molybdenum\u2013gold", "tonnage_mt": 1.7933, "grades": {"Cu %": 0.3824, "Mo %": 0.0134, "Au g/t": 0.0697, "S %": 0.9963}, "depth_m": 0, "blind": false, "strike_deg": 33, "dip_deg": 90, "length_m": 3827, "width_m": 1644.6, "shape": "stock", "host": "basement", "chance": 0.948, "seen_by": {"geochemistry": true, "ip": true, "magnetics": true}, "water_depth_m": 0}}, {"type": "Feature", "geometry": {"type": "Point", "coordinates": [-154.25771, -25.1979]}, "properties": {"id": "TRE2-PCU-014246A-02", "district_id": "TRE2-PCU-014246A", "belt_id": "TRE2-PCU-B0097", "kind": "porphyry", "name": "porphyry copper\u2013molybdenum\u2013gold", "tonnage_mt": 37.554, "grades": {"Cu %": 0.4451, "Mo %": 0.0156, "Au g/t": 0.06, "S %": 0.8856}, "depth_m": 0, "blind": false, "strike_deg": 14, "dip_deg": 90, "length_m": 3425, "width_m": 2259.9, "shape": "stock", "host": "basement", "chance": 0.948, "seen_by": {"geochemistry": true, "ip": true, "magnetics": true}, "water_depth_m": 0}}, {"type": "Feature", "geometry": {"type": "Point", "coordinates": [-154.28042, -25.2209]}, "properties": {"id": "TRE2-PCU-014246A-03", "district_id": "TRE2-PCU-014246A", "belt_id": "TRE2-PCU-B0097", "kind": "porphyry", "name": "porphyry copper\u2013molybdenum\u2013gold", "tonnage_mt": 1050.1028, "grades": {"Cu %": 0.5037, "Mo %": 0.0123, "Au g/t": 0.1907, "S %": 0.8626}, "depth_m": 0, "blind": false, "strike_deg": 39, "dip_deg": 90, "length_m": 4357, "width_m": 2035.2, "shape": "stock", "host": "basement", "chance": 0.948, "seen_by": {"geochemistry": true, "ip": true, "magnetics": true}, "water_depth_m": 0}}, {"type": "Feature", "geometry": {"type": "Point", "coordinates": [-154.206, -25.07125]}, "properties": {"id": "TRE2-PCU-014246A-04", "district_id": "TRE2-PCU-014246A", "belt_id": "TRE2-PCU-B0097", "kind": "porphyry", "name": "porphyry copper\u2013molybdenum\u2013gold", "tonnage_mt": 41.6717, "grades": {"Cu %": 0.3561, "Mo %": 0.0205, "Au g/t": 0.0891, "S %": 3.1512}, "depth_m": 0, "blind": false, "strike_deg": 25, "dip_deg": 90, "length_m": 2467, "width_m": 2469.9, "shape": "stock", "host": "basement", "chance": 0.948, "seen_by": {"geochemistry": true, "ip": true, "magnetics": true}, "water_depth_m": 0}}, {"type": "Feature", "geometry": {"type": "Point", "coordinates": [-132.6136, -28.21053]}, "properties": {"id": "TRE2-PCU-014704A-01", "district_id": "TRE2-PCU-014704A", "belt_id": "TRE2-PCU-B0077", "kind": "porphyry", "name": "porphyry copper\u2013molybdenum\u2013gold", "tonnage_mt": 128.18, "grades": {"Cu %": 0.5186, "Mo %": 0.0197, "Au g/t": 0.1325, "S %": 2.3448}, "depth_m": 958, "blind": true, "strike_deg": 103, "dip_deg": 90, "length_m": 2362, "width_m": 2423.6, "shape": "stock", "host": "arc_volcanic", "chance": 0.998, "seen_by": {"geochemistry": false, "ip": false, "magnetics": false}, "water_depth_m": 0}}, {"type": "Feature", "geometry": {"type": "Point", "coordinates": [-132.97497, -27.99371]}, "properties": {"id": "TRE2-PCU-014704A-02", "district_id": "TRE2-PCU-014704A", "belt_id": "TRE2-PCU-B0077", "kind": "porphyry", "name": "porphyry copper\u2013molybdenum\u2013gold", "tonnage_mt": 196.6125, "grades": {"Cu %": 0.3834, "Mo %": 0.0079, "Au g/t": 0.1977, "S %": 1.0099}, "depth_m": 969, "blind": true, "strike_deg": 96, "dip_deg": 90, "length_m": 3214, "width_m": 2624.6, "shape": "stock", "host": "arc_volcanic", "chance": 0.998, "seen_by": {"geochemistry": false, "ip": false, "magnetics": false}, "water_depth_m": 0}}, {"type": "Feature", "geometry": {"type": "Point", "coordinates": [-132.64023, -28.30111]}, "properties": {"id": "TRE2-PCU-014704A-03", "district_id": "TRE2-PCU-014704A", "belt_id": "TRE2-PCU-B0077", "kind": "porphyry", "name": "porphyry copper\u2013molybdenum\u2013gold", "tonnage_mt": 594.5579, "grades": {"Cu %": 0.873, "Mo %": 0.0388, "Au g/t": 0.0571, "S %": 1.3394}, "depth_m": 1091, "blind": true, "strike_deg": 93, "dip_deg": 90, "length_m": 2117, "width_m": 1607.7, "shape": "stock", "host": "arc_volcanic", "chance": 0.998, "seen_by": {"geochemistry": false, "ip": false, "magnetics": false}, "water_depth_m": 0}}, {"type": "Feature", "geometry": {"type": "Point", "coordinates": [-132.83116, -28.18776]}, "properties": {"id": "TRE2-PCU-014704A-04", "district_id": "TRE2-PCU-014704A", "belt_id": "TRE2-PCU-B0077", "kind": "porphyry", "name": "porphyry copper\u2013molybdenum\u2013gold", "tonnage_mt": 343.5234, "grades": {"Cu %": 0.2755, "Mo %": 0.0261, "Au g/t": 0.0949, "S %": 1.5541}, "depth_m": 774, "blind": true, "strike_deg": 89, "dip_deg": 90, "length_m": 2577, "width_m": 1628.9, "shape": "stock", "host": "arc_volcanic", "chance": 0.998, "seen_by": {"geochemistry": false, "ip": false, "magnetics": true}, "water_depth_m": 0}}, {"type": "Feature", "geometry": {"type": "Point", "coordinates": [-133.00017, -30.08132]}, "properties": {"id": "TRE2-PCU-015081A-01", "district_id": "TRE2-PCU-015081A", "belt_id": "TRE2-PCU-B0077", "kind": "porphyry", "name": "porphyry copper\u2013molybdenum\u2013gold", "tonnage_mt": 255.6442, "grades": {"Cu %": 0.4897, "Mo %": 0.0124, "Au g/t": 0.1189, "S %": 1.777}, "depth_m": 1428, "blind": true, "strike_deg": 117, "dip_deg": 90, "length_m": 1380, "width_m": 3769.2, "shape": "stock", "host": "arc_volcanic", "chance": 0.902, "seen_by": {"geochemistry": false, "ip": false, "magnetics": false}, "water_depth_m": 0}}, {"type": "Feature", "geometry": {"type": "Point", "coordinates": [-133.0469, -30.01791]}, "properties": {"id": "TRE2-PCU-015081A-02", "district_id": "TRE2-PCU-015081A", "belt_id": "TRE2-PCU-B0077", "kind": "porphyry", "name": "porphyry copper\u2013molybdenum\u2013gold", "tonnage_mt": 71.0223, "grades": {"Cu %": 0.241, "Mo %": 0.0072, "Au g/t": 0.0845, "S %": 1.007}, "depth_m": 1605, "blind": true, "strike_deg": 98, "dip_deg": 90, "length_m": 1121, "width_m": 1656.1, "shape": "stock", "host": "arc_volcanic", "chance": 0.902, "seen_by": {"geochemistry": false, "ip": false, "magnetics": false}, "water_depth_m": 0}}, {"type": "Feature", "geometry": {"type": "Point", "coordinates": [-133.00788, -30.03011]}, "properties": {"id": "TRE2-PCU-015081A-03", "district_id": "TRE2-PCU-015081A", "belt_id": "TRE2-PCU-B0077", "kind": "porphyry", "name": "porphyry copper\u2013molybdenum\u2013gold", "tonnage_mt": 11137.4761, "grades": {"Cu %": 0.2404, "Mo %": 0.0133, "Au g/t": 0.2749, "S %": 1.1205}, "depth_m": 1576, "blind": true, "strike_deg": 104, "dip_deg": 90, "length_m": 3294, "width_m": 1841.9, "shape": "stock", "host": "arc_volcanic", "chance": 0.902, "seen_by": {"geochemistry": false, "ip": false, "magnetics": false}, "water_depth_m": 0}}, {"type": "Feature", "geometry": {"type": "Point", "coordinates": [-133.0165, -30.02071]}, "properties": {"id": "TRE2-PCU-015081A-04", "district_id": "TRE2-PCU-015081A", "belt_id": "TRE2-PCU-B0077", "kind": "porphyry", "name": "porphyry copper\u2013molybdenum\u2013gold", "tonnage_mt": 228.8785, "grades": {"Cu %": 0.7417, "Mo %": 0.0208, "Au g/t": 0.0987, "S %": 0.8854}, "depth_m": 1322, "blind": true, "strike_deg": 98, "dip_deg": 90, "length_m": 2876, "width_m": 2721.6, "shape": "stock", "host": "arc_volcanic", "chance": 0.902, "seen_by": {"geochemistry": false, "ip": false, "magnetics": false}, "water_depth_m": 0}}, {"type": "Feature", "geometry": {"type": "Point", "coordinates": [-133.02545, -30.04897]}, "properties": {"id": "TRE2-PCU-015081A-05", "district_id": "TRE2-PCU-015081A", "belt_id": "TRE2-PCU-B0077", "kind": "porphyry", "name": "porphyry copper\u2013molybdenum\u2013gold", "tonnage_mt": 509.8298, "grades": {"Cu %": 0.2325, "Mo %": 0.012, "Au g/t": 0.1119, "S %": 1.1541}, "depth_m": 1494, "blind": true, "strike_deg": 95, "dip_deg": 90, "length_m": 1677, "width_m": 2423.8, "shape": "stock", "host": "arc_volcanic", "chance": 0.902, "seen_by": {"geochemistry": false, "ip": false, "magnetics": false}, "water_depth_m": 0}}, {"type": "Feature", "geometry": {"type": "Point", "coordinates": [-134.87347, -31.461]}, "properties": {"id": "TRE2-PCU-015225A-01", "district_id": "TRE2-PCU-015225A", "belt_id": "TRE2-PCU-B0077", "kind": "porphyry", "name": "porphyry copper\u2013molybdenum\u2013gold", "tonnage_mt": 943.2974, "grades": {"Cu %": 0.2514, "Mo %": 0.0139, "Au g/t": 0.1226, "S %": 1.8117}, "depth_m": 1603, "blind": true, "strike_deg": 140, "dip_deg": 90, "length_m": 1123, "width_m": 1525.6, "shape": "stock", "host": "arc_volcanic", "chance": 1.0, "seen_by": {"geochemistry": false, "ip": false, "magnetics": false}, "water_depth_m": 0}}, {"type": "Feature", "geometry": {"type": "Point", "coordinates": [-135.04221, -31.31634]}, "properties": {"id": "TRE2-PCU-015225A-02", "district_id": "TRE2-PCU-015225A", "belt_id": "TRE2-PCU-B0077", "kind": "porphyry", "name": "porphyry copper\u2013molybdenum\u2013gold", "tonnage_mt": 8255.3153, "grades": {"Cu %": 0.2046, "Mo %": 0.0096, "Au g/t": 0.1159, "S %": 0.9018}, "depth_m": 1608, "blind": true, "strike_deg": 142, "dip_deg": 90, "length_m": 3798, "width_m": 4952.7, "shape": "stock", "host": "arc_volcanic", "chance": 1.0, "seen_by": {"geochemistry": false, "ip": false, "magnetics": false}, "water_depth_m": 0}}, {"type": "Feature", "geometry": {"type": "Point", "coordinates": [-135.01989, -31.33333]}, "properties": {"id": "TRE2-PCU-015225A-03", "district_id": "TRE2-PCU-015225A", "belt_id": "TRE2-PCU-B0077", "kind": "porphyry", "name": "porphyry copper\u2013molybdenum\u2013gold", "tonnage_mt": 130.7345, "grades": {"Cu %": 0.2152, "Mo %": 0.0253, "Au g/t": 0.0529, "S %": 2.1487}, "depth_m": 1595, "blind": true, "strike_deg": 148, "dip_deg": 90, "length_m": 1693, "width_m": 1764.3, "shape": "stock", "host": "arc_volcanic", "chance": 1.0, "seen_by": {"geochemistry": false, "ip": false, "magnetics": false}, "water_depth_m": 0}}, {"type": "Feature", "geometry": {"type": "Point", "coordinates": [-134.87358, -31.48402]}, "properties": {"id": "TRE2-PCU-015225A-04", "district_id": "TRE2-PCU-015225A", "belt_id": "TRE2-PCU-B0077", "kind": "porphyry", "name": "porphyry copper\u2013molybdenum\u2013gold", "tonnage_mt": 1294.1158, "grades": {"Cu %": 0.4353, "Mo %": 0.0232, "Au g/t": 0.0944, "S %": 1.8738}, "depth_m": 1492, "blind": true, "strike_deg": 115, "dip_deg": 90, "length_m": 2264, "width_m": 3273.2, "shape": "stock", "host": "arc_volcanic", "chance": 1.0, "seen_by": {"geochemistry": false, "ip": false, "magnetics": false}, "water_depth_m": 0}}, {"type": "Feature", "geometry": {"type": "Point", "coordinates": [-134.9391, -31.22544]}, "properties": {"id": "TRE2-PCU-015225A-05", "district_id": "TRE2-PCU-015225A", "belt_id": "TRE2-PCU-B0077", "kind": "porphyry", "name": "porphyry copper\u2013molybdenum\u2013gold", "tonnage_mt": 9595.0769, "grades": {"Cu %": 0.4476, "Mo %": 0.0114, "Au g/t": 0.2584, "S %": 0.7693}, "depth_m": 1477, "blind": true, "strike_deg": 146, "dip_deg": 90, "length_m": 3689, "width_m": 1152.8, "shape": "stock", "host": "arc_volcanic", "chance": 1.0, "seen_by": {"geochemistry": false, "ip": false, "magnetics": false}, "water_depth_m": 0}}, {"type": "Feature", "geometry": {"type": "Point", "coordinates": [-138.80663, -33.63084]}, "properties": {"id": "TRE2-PCU-015424A-01", "district_id": "TRE2-PCU-015424A", "belt_id": "TRE2-PCU-B0077", "kind": "porphyry", "name": "porphyry copper\u2013molybdenum\u2013gold", "tonnage_mt": 162.2973, "grades": {"Cu %": 0.4389, "Mo %": 0.0157, "Au g/t": 0.058, "S %": 3.1173}, "depth_m": 194, "blind": false, "strike_deg": 1, "dip_deg": 90, "length_m": 3627, "width_m": 3445.8, "shape": "stock", "host": "arc_volcanic", "chance": 1.0, "seen_by": {"geochemistry": false, "ip": true, "magnetics": true}, "water_depth_m": 0}}, {"type": "Feature", "geometry": {"type": "Point", "coordinates": [-138.83535, -33.51969]}, "properties": {"id": "TRE2-PCU-015424A-02", "district_id": "TRE2-PCU-015424A", "belt_id": "TRE2-PCU-B0077", "kind": "porphyry", "name": "porphyry copper\u2013molybdenum\u2013gold", "tonnage_mt": 1764.373, "grades": {"Cu %": 0.2083, "Mo %": 0.0218, "Au g/t": 0.0546, "S %": 1.4758}, "depth_m": 136, "blind": false, "strike_deg": 9, "dip_deg": 90, "length_m": 1596, "width_m": 4612.5, "shape": "stock", "host": "arc_volcanic", "chance": 1.0, "seen_by": {"geochemistry": false, "ip": true, "magnetics": true}, "water_depth_m": 0}}, {"type": "Feature", "geometry": {"type": "Point", "coordinates": [-138.90615, -33.03735]}, "properties": {"id": "TRE2-PCU-015424A-03", "district_id": "TRE2-PCU-015424A", "belt_id": "TRE2-PCU-B0077", "kind": "porphyry", "name": "porphyry copper\u2013molybdenum\u2013gold", "tonnage_mt": 1657.3993, "grades": {"Cu %": 0.5244, "Mo %": 0.0188, "Au g/t": 0.097, "S %": 1.7401}, "depth_m": 61, "blind": false, "strike_deg": 6, "dip_deg": 90, "length_m": 2007, "width_m": 1695.7, "shape": "stock", "host": "arc_volcanic", "chance": 1.0, "seen_by": {"geochemistry": false, "ip": true, "magnetics": true}, "water_depth_m": 0}}, {"type": "Feature", "geometry": {"type": "Point", "coordinates": [-138.85167, -33.43815]}, "properties": {"id": "TRE2-PCU-015424A-04", "district_id": "TRE2-PCU-015424A", "belt_id": "TRE2-PCU-B0077", "kind": "porphyry", "name": "porphyry copper\u2013molybdenum\u2013gold", "tonnage_mt": 33.3829, "grades": {"Cu %": 0.3734, "Mo %": 0.0186, "Au g/t": 0.0789, "S %": 1.0434}, "depth_m": 84, "blind": false, "strike_deg": 12, "dip_deg": 90, "length_m": 1199, "width_m": 1381.7, "shape": "stock", "host": "arc_volcanic", "chance": 1.0, "seen_by": {"geochemistry": false, "ip": true, "magnetics": true}, "water_depth_m": 0}}, {"type": "Feature", "geometry": {"type": "Point", "coordinates": [-138.75761, -33.36517]}, "properties": {"id": "TRE2-PCU-015424A-05", "district_id": "TRE2-PCU-015424A", "belt_id": "TRE2-PCU-B0077", "kind": "porphyry", "name": "porphyry copper\u2013molybdenum\u2013gold", "tonnage_mt": 693.7335, "grades": {"Cu %": 0.5474, "Mo %": 0.0181, "Au g/t": 0.167, "S %": 1.9308}, "depth_m": 21, "blind": false, "strike_deg": 11, "dip_deg": 90, "length_m": 3086, "width_m": 1489.4, "shape": "stock", "host": "arc_volcanic", "chance": 1.0, "seen_by": {"geochemistry": true, "ip": true, "magnetics": true}, "water_depth_m": 0}}, {"type": "Feature", "geometry": {"type": "Point", "coordinates": [-138.91995, -33.42825]}, "properties": {"id": "TRE2-PCU-015424A-06", "district_id": "TRE2-PCU-015424A", "belt_id": "TRE2-PCU-B0077", "kind": "porphyry", "name": "porphyry copper\u2013molybdenum\u2013gold", "tonnage_mt": 107.7161, "grades": {"Cu %": 0.1993, "Mo %": 0.0185, "Au g/t": 0.0911, "S %": 1.016}, "depth_m": 0, "blind": false, "strike_deg": 22, "dip_deg": 90, "length_m": 4373, "width_m": 1350.9, "shape": "stock", "host": "arc_volcanic", "chance": 1.0, "seen_by": {"geochemistry": true, "ip": true, "magnetics": true}, "water_depth_m": 0}}, {"type": "Feature", "geometry": {"type": "Point", "coordinates": [-156.91544, -34.59485]}, "properties": {"id": "TRE2-PCU-015665A-01", "district_id": "TRE2-PCU-015665A", "belt_id": null, "kind": "porphyry", "name": "porphyry copper\u2013molybdenum\u2013gold", "tonnage_mt": 70.3535, "grades": {"Cu %": 0.5824, "Mo %": 0.0137, "Au g/t": 0.1979, "S %": 2.3533}, "depth_m": 640, "blind": true, "strike_deg": 102, "dip_deg": 90, "length_m": 2777, "width_m": 1235.3, "shape": "stock", "host": "basement", "chance": 0.198, "seen_by": {"geochemistry": false, "ip": false, "magnetics": true}, "water_depth_m": 0}}, {"type": "Feature", "geometry": {"type": "Point", "coordinates": [-157.2244, -34.36194]}, "properties": {"id": "TRE2-PCU-015665A-02", "district_id": "TRE2-PCU-015665A", "belt_id": null, "kind": "porphyry", "name": "porphyry copper\u2013molybdenum\u2013gold", "tonnage_mt": 128.5565, "grades": {"Cu %": 0.3944, "Mo %": 0.0261, "Au g/t": 0.0896, "S %": 1.409}, "depth_m": 398, "blind": true, "strike_deg": 136, "dip_deg": 90, "length_m": 2336, "width_m": 1625.4, "shape": "stock", "host": "basement", "chance": 0.198, "seen_by": {"geochemistry": false, "ip": true, "magnetics": true}, "water_depth_m": 0}}, {"type": "Feature", "geometry": {"type": "Point", "coordinates": [-146.69704, -35.28806]}, "properties": {"id": "TRE2-PCU-015822A-01", "district_id": "TRE2-PCU-015822A", "belt_id": "TRE2-PCU-B0077", "kind": "porphyry", "name": "porphyry copper\u2013molybdenum\u2013gold", "tonnage_mt": 674.695, "grades": {"Cu %": 0.4017, "Mo %": 0.0149, "Au g/t": 0.189, "S %": 0.9618}, "depth_m": 532, "blind": true, "strike_deg": 117, "dip_deg": 90, "length_m": 1142, "width_m": 5444.0, "shape": "stock", "host": "arc_volcanic", "chance": 1.0, "seen_by": {"geochemistry": false, "ip": false, "magnetics": true}, "water_depth_m": 0}}, {"type": "Feature", "geometry": {"type": "Point", "coordinates": [-146.49368, -35.31599]}, "properties": {"id": "TRE2-PCU-015822A-02", "district_id": "TRE2-PCU-015822A", "belt_id": "TRE2-PCU-B0077", "kind": "porphyry", "name": "porphyry copper\u2013molybdenum\u2013gold", "tonnage_mt": 180.9047, "grades": {"Cu %": 0.4037, "Mo %": 0.0119, "Au g/t": 0.1081, "S %": 1.3864}, "depth_m": 462, "blind": true, "strike_deg": 112, "dip_deg": 90, "length_m": 2516, "width_m": 2477.6, "shape": "stock", "host": "arc_volcanic", "chance": 1.0, "seen_by": {"geochemistry": false, "ip": true, "magnetics": true}, "water_depth_m": 0}}, {"type": "Feature", "geometry": {"type": "Point", "coordinates": [-146.3899, -35.23767]}, "properties": {"id": "TRE2-PCU-015822A-03", "district_id": "TRE2-PCU-015822A", "belt_id": "TRE2-PCU-B0077", "kind": "porphyry", "name": "porphyry copper\u2013molybdenum\u2013gold", "tonnage_mt": 733.976, "grades": {"Cu %": 0.2805, "Mo %": 0.0182, "Au g/t": 0.0605, "S %": 1.5532}, "depth_m": 559, "blind": true, "strike_deg": 116, "dip_deg": 90, "length_m": 2344, "width_m": 2496.3, "shape": "stock", "host": "arc_volcanic", "chance": 1.0, "seen_by": {"geochemistry": false, "ip": false, "magnetics": true}, "water_depth_m": 0}}, {"type": "Feature", "geometry": {"type": "Point", "coordinates": [-146.18514, -35.31946]}, "properties": {"id": "TRE2-PCU-015822A-04", "district_id": "TRE2-PCU-015822A", "belt_id": "TRE2-PCU-B0077", "kind": "porphyry", "name": "porphyry copper\u2013molybdenum\u2013gold", "tonnage_mt": 155.9777, "grades": {"Cu %": 0.6348, "Mo %": 0.0094, "Au g/t": 0.0589, "S %": 5.3185}, "depth_m": 642, "blind": true, "strike_deg": 102, "dip_deg": 90, "length_m": 2884, "width_m": 1166.5, "shape": "stock", "host": "arc_volcanic", "chance": 1.0, "seen_by": {"geochemistry": false, "ip": false, "magnetics": true}, "water_depth_m": 0}}, {"type": "Feature", "geometry": {"type": "Point", "coordinates": [-146.36871, -35.14776]}, "properties": {"id": "TRE2-PCU-015822A-05", "district_id": "TRE2-PCU-015822A", "belt_id": "TRE2-PCU-B0077", "kind": "porphyry", "name": "porphyry copper\u2013molybdenum\u2013gold", "tonnage_mt": 115.1403, "grades": {"Cu %": 0.3594, "Mo %": 0.016, "Au g/t": 0.065, "S %": 1.0351}, "depth_m": 766, "blind": true, "strike_deg": 103, "dip_deg": 90, "length_m": 1958, "width_m": 2318.4, "shape": "stock", "host": "arc_volcanic", "chance": 1.0, "seen_by": {"geochemistry": false, "ip": false, "magnetics": true}, "water_depth_m": 0}}, {"type": "Feature", "geometry": {"type": "Point", "coordinates": [-161.70664, -42.05697]}, "properties": {"id": "TRE2-PCU-016707A-01", "district_id": "TRE2-PCU-016707A", "belt_id": "TRE2-PCU-B0077", "kind": "porphyry", "name": "porphyry copper\u2013molybdenum\u2013gold", "tonnage_mt": 62.336, "grades": {"Cu %": 0.3043, "Mo %": 0.0145, "Au g/t": 0.1335, "S %": 1.9854}, "depth_m": 1188, "blind": true, "strike_deg": 165, "dip_deg": 90, "length_m": 4011, "width_m": 3085.1, "shape": "stock", "host": "arc_volcanic", "chance": 0.493, "seen_by": {"geochemistry": false, "ip": false, "magnetics": false}, "water_depth_m": 0}}, {"type": "Feature", "geometry": {"type": "Point", "coordinates": [-161.55782, -42.05073]}, "properties": {"id": "TRE2-PCU-016707A-02", "district_id": "TRE2-PCU-016707A", "belt_id": "TRE2-PCU-B0077", "kind": "porphyry", "name": "porphyry copper\u2013molybdenum\u2013gold", "tonnage_mt": 30.0067, "grades": {"Cu %": 0.4244, "Mo %": 0.0152, "Au g/t": 0.0934, "S %": 1.2381}, "depth_m": 992, "blind": true, "strike_deg": 168, "dip_deg": 90, "length_m": 1717, "width_m": 2888.8, "shape": "stock", "host": "arc_volcanic", "chance": 0.493, "seen_by": {"geochemistry": false, "ip": false, "magnetics": false}, "water_depth_m": 0}}, {"type": "Feature", "geometry": {"type": "Point", "coordinates": [126.08516, -51.0535]}, "properties": {"id": "TRE2-PCU-017705A-01", "district_id": "TRE2-PCU-017705A", "belt_id": "TRE2-PCU-B0094", "kind": "porphyry", "name": "porphyry copper\u2013molybdenum\u2013gold", "tonnage_mt": 153.4301, "grades": {"Cu %": 0.3032, "Mo %": 0.013, "Au g/t": 0.0835, "S %": 0.9133}, "depth_m": 0, "blind": false, "strike_deg": 5, "dip_deg": 90, "length_m": 3199, "width_m": 1049.3, "shape": "stock", "host": "arc_plutonic", "chance": 1.0, "seen_by": {"geochemistry": true, "ip": true, "magnetics": true}, "water_depth_m": 0}}, {"type": "Feature", "geometry": {"type": "Point", "coordinates": [-60.70285, -65.10468]}, "properties": {"id": "TRE2-PCU-019107A-01", "district_id": "TRE2-PCU-019107A", "belt_id": "TRE2-PCU-B0125", "kind": "porphyry", "name": "porphyry copper\u2013molybdenum\u2013gold", "tonnage_mt": 257.3894, "grades": {"Cu %": 0.5114, "Mo %": 0.0138, "Au g/t": 0.1635, "S %": 1.3963}, "depth_m": 1167, "blind": true, "strike_deg": 149, "dip_deg": 90, "length_m": 4762, "width_m": 2696.5, "shape": "stock", "host": "clastic", "chance": 0.999, "seen_by": {"geochemistry": false, "ip": false, "magnetics": false}, "water_depth_m": 0}}, {"type": "Feature", "geometry": {"type": "Point", "coordinates": [-60.51369, -65.15516]}, "properties": {"id": "TRE2-PCU-019107A-02", "district_id": "TRE2-PCU-019107A", "belt_id": "TRE2-PCU-B0125", "kind": "porphyry", "name": "porphyry copper\u2013molybdenum\u2013gold", "tonnage_mt": 130.8786, "grades": {"Cu %": 0.7609, "Mo %": 0.0116, "Au g/t": 0.1931, "S %": 0.7264}, "depth_m": 1189, "blind": true, "strike_deg": 161, "dip_deg": 90, "length_m": 2142, "width_m": 1504.2, "shape": "stock", "host": "clastic", "chance": 0.999, "seen_by": {"geochemistry": false, "ip": false, "magnetics": false}, "water_depth_m": 0}}, {"type": "Feature", "geometry": {"type": "Point", "coordinates": [-60.66744, -65.21327]}, "properties": {"id": "TRE2-PCU-019107A-03", "district_id": "TRE2-PCU-019107A", "belt_id": "TRE2-PCU-B0125", "kind": "porphyry", "name": "porphyry copper\u2013molybdenum\u2013gold", "tonnage_mt": 843.3458, "grades": {"Cu %": 0.6729, "Mo %": 0.0162, "Au g/t": 0.1472, "S %": 1.2988}, "depth_m": 1251, "blind": true, "strike_deg": 144, "dip_deg": 90, "length_m": 3775, "width_m": 1645.4, "shape": "stock", "host": "clastic", "chance": 0.999, "seen_by": {"geochemistry": false, "ip": false, "magnetics": false}, "water_depth_m": 0}}, {"type": "Feature", "geometry": {"type": "Point", "coordinates": [-117.69478, -66.81591]}, "properties": {"id": "TRE2-PCU-019220A-01", "district_id": "TRE2-PCU-019220A", "belt_id": "TRE2-PCU-B0125", "kind": "porphyry", "name": "porphyry copper\u2013molybdenum\u2013gold", "tonnage_mt": 262.166, "grades": {"Cu %": 0.8536, "Mo %": 0.0266, "Au g/t": 0.1028, "S %": 1.6684}, "depth_m": 0, "blind": false, "strike_deg": 95, "dip_deg": 90, "length_m": 1822, "width_m": 1970.5, "shape": "stock", "host": "basement", "chance": 0.523, "seen_by": {"geochemistry": true, "ip": true, "magnetics": true}, "water_depth_m": 0}}, {"type": "Feature", "geometry": {"type": "Point", "coordinates": [-117.79029, -66.95455]}, "properties": {"id": "TRE2-PCU-019220A-02", "district_id": "TRE2-PCU-019220A", "belt_id": "TRE2-PCU-B0125", "kind": "porphyry", "name": "porphyry copper\u2013molybdenum\u2013gold", "tonnage_mt": 215.5893, "grades": {"Cu %": 0.5368, "Mo %": 0.0078, "Au g/t": 0.078, "S %": 1.9151}, "depth_m": 0, "blind": false, "strike_deg": 63, "dip_deg": 90, "length_m": 4840, "width_m": 2223.4, "shape": "stock", "host": "basement", "chance": 0.523, "seen_by": {"geochemistry": true, "ip": true, "magnetics": true}, "water_depth_m": 0}}, {"type": "Feature", "geometry": {"type": "Point", "coordinates": [-117.85939, -66.72454]}, "properties": {"id": "TRE2-PCU-019220A-03", "district_id": "TRE2-PCU-019220A", "belt_id": "TRE2-PCU-B0125", "kind": "porphyry", "name": "porphyry copper\u2013molybdenum\u2013gold", "tonnage_mt": 442.0058, "grades": {"Cu %": 0.3848, "Mo %": 0.0103, "Au g/t": 0.0971, "S %": 2.5559}, "depth_m": 0, "blind": false, "strike_deg": 65, "dip_deg": 90, "length_m": 5012, "width_m": 3506.0, "shape": "stock", "host": "basement", "chance": 0.523, "seen_by": {"geochemistry": true, "ip": true, "magnetics": true}, "water_depth_m": 0}}, {"type": "Feature", "geometry": {"type": "Point", "coordinates": [-117.98509, -66.84406]}, "properties": {"id": "TRE2-PCU-019220A-04", "district_id": "TRE2-PCU-019220A", "belt_id": "TRE2-PCU-B0125", "kind": "porphyry", "name": "porphyry copper\u2013molybdenum\u2013gold", "tonnage_mt": 26.039, "grades": {"Cu %": 0.4842, "Mo %": 0.0085, "Au g/t": 0.0871, "S %": 0.9811}, "depth_m": 0, "blind": false, "strike_deg": 72, "dip_deg": 90, "length_m": 2321, "width_m": 1651.5, "shape": "stock", "host": "basement", "chance": 0.523, "seen_by": {"geochemistry": true, "ip": true, "magnetics": true}, "water_depth_m": 0}}, {"type": "Feature", "geometry": {"type": "Point", "coordinates": [8.89072, -72.47043]}, "properties": {"id": "TRE2-PCU-019528A-01", "district_id": "TRE2-PCU-019528A", "belt_id": "TRE2-PCU-B0125", "kind": "porphyry", "name": "porphyry copper\u2013molybdenum\u2013gold", "tonnage_mt": 109.7862, "grades": {"Cu %": 0.5725, "Mo %": 0.0211, "Au g/t": 0.0626, "S %": 1.195}, "depth_m": 398, "blind": true, "strike_deg": 41, "dip_deg": 90, "length_m": 2210, "width_m": 1788.4, "shape": "stock", "host": "clastic", "chance": 0.949, "seen_by": {"geochemistry": false, "ip": true, "magnetics": true}, "water_depth_m": 0}}, {"type": "Feature", "geometry": {"type": "Point", "coordinates": [9.04311, -72.65123]}, "properties": {"id": "TRE2-PCU-019528A-02", "district_id": "TRE2-PCU-019528A", "belt_id": "TRE2-PCU-B0125", "kind": "porphyry", "name": "porphyry copper\u2013molybdenum\u2013gold", "tonnage_mt": 81.0124, "grades": {"Cu %": 0.2964, "Mo %": 0.0145, "Au g/t": 0.1803, "S %": 3.2245}, "depth_m": 148, "blind": false, "strike_deg": 47, "dip_deg": 90, "length_m": 1901, "width_m": 948.4, "shape": "stock", "host": "clastic", "chance": 0.949, "seen_by": {"geochemistry": false, "ip": true, "magnetics": true}, "water_depth_m": 0}}, {"type": "Feature", "geometry": {"type": "Point", "coordinates": [22.12678, -76.22489]}, "properties": {"id": "TRE2-PCU-019685A-01", "district_id": "TRE2-PCU-019685A", "belt_id": "TRE2-PCU-B0125", "kind": "porphyry", "name": "porphyry copper\u2013molybdenum\u2013gold", "tonnage_mt": 15.1813, "grades": {"Cu %": 0.3802, "Mo %": 0.0114, "Au g/t": 0.0693, "S %": 0.6538}, "depth_m": 0, "blind": false, "strike_deg": 148, "dip_deg": 90, "length_m": 4129, "width_m": 1800.6, "shape": "stock", "host": "clastic", "chance": 0.998, "seen_by": {"geochemistry": true, "ip": true, "magnetics": true}, "water_depth_m": 0}}, {"type": "Feature", "geometry": {"type": "Point", "coordinates": [25.90477, -78.84043]}, "properties": {"id": "TRE2-PCU-019808A-01", "district_id": "TRE2-PCU-019808A", "belt_id": "TRE2-PCU-B0125", "kind": "porphyry", "name": "porphyry copper\u2013molybdenum\u2013gold", "tonnage_mt": 690.0896, "grades": {"Cu %": 0.5532, "Mo %": 0.0343, "Au g/t": 0.1007, "S %": 1.0163}, "depth_m": 0, "blind": false, "strike_deg": 55, "dip_deg": 90, "length_m": 2519, "width_m": 1208.7, "shape": "stock", "host": "clastic", "chance": 0.999, "seen_by": {"geochemistry": true, "ip": true, "magnetics": true}, "water_depth_m": 0}}, {"type": "Feature", "geometry": {"type": "Point", "coordinates": [26.50513, -78.62563]}, "properties": {"id": "TRE2-PCU-019808A-02", "district_id": "TRE2-PCU-019808A", "belt_id": "TRE2-PCU-B0125", "kind": "porphyry", "name": "porphyry copper\u2013molybdenum\u2013gold", "tonnage_mt": 232.5192, "grades": {"Cu %": 0.4858, "Mo %": 0.0168, "Au g/t": 0.1047, "S %": 1.9388}, "depth_m": 0, "blind": false, "strike_deg": 60, "dip_deg": 90, "length_m": 2922, "width_m": 3636.1, "shape": "stock", "host": "clastic", "chance": 0.999, "seen_by": {"geochemistry": true, "ip": true, "magnetics": true}, "water_depth_m": 0}}, {"type": "Feature", "geometry": {"type": "Point", "coordinates": [-28.543, 46.68352]}, "properties": {"id": "TRE2-EPI-002765A-01", "district_id": "TRE2-EPI-002765A", "belt_id": "TRE2-EPI-B0012", "kind": "epithermal", "name": "epithermal gold\u2013silver veins", "tonnage_mt": 1.4429, "grades": {"Au g/t": 10.8555, "Ag g/t": 112.4207}, "depth_m": 638, "blind": true, "strike_deg": 152, "dip_deg": 73, "length_m": 2778, "width_m": 8.3, "shape": "veins", "host": "arc_volcanic", "chance": 0.971, "seen_by": {"geochemistry": false, "ip": false}, "water_depth_m": 0}}, {"type": "Feature", "geometry": {"type": "Point", "coordinates": [-28.54031, 46.72271]}, "properties": {"id": "TRE2-EPI-002765A-02", "district_id": "TRE2-EPI-002765A", "belt_id": "TRE2-EPI-B0012", "kind": "epithermal", "name": "epithermal gold\u2013silver veins", "tonnage_mt": 53.8697, "grades": {"Au g/t": 6.7087, "Ag g/t": 123.8087}, "depth_m": 553, "blind": true, "strike_deg": 170, "dip_deg": 79, "length_m": 1633, "width_m": 6.2, "shape": "veins", "host": "arc_volcanic", "chance": 0.971, "seen_by": {"geochemistry": false, "ip": false}, "water_depth_m": 0}}, {"type": "Feature", "geometry": {"type": "Point", "coordinates": [-28.48614, 46.65748]}, "properties": {"id": "TRE2-EPI-002765A-03", "district_id": "TRE2-EPI-002765A", "belt_id": "TRE2-EPI-B0012", "kind": "epithermal", "name": "epithermal gold\u2013silver veins", "tonnage_mt": 13.8493, "grades": {"Au g/t": 14.0289, "Ag g/t": 169.6362}, "depth_m": 896, "blind": true, "strike_deg": 160, "dip_deg": 80, "length_m": 1843, "width_m": 8.1, "shape": "veins", "host": "arc_volcanic", "chance": 0.971, "seen_by": {"geochemistry": false, "ip": false}, "water_depth_m": 0}}, {"type": "Feature", "geometry": {"type": "Point", "coordinates": [-148.86133, 33.38169]}, "properties": {"id": "TRE2-EPI-004554A-01", "district_id": "TRE2-EPI-004554A", "belt_id": "TRE2-EPI-B0017", "kind": "epithermal", "name": "epithermal gold\u2013silver veins", "tonnage_mt": 0.2024, "grades": {"Au g/t": 5.7635, "Ag g/t": 248.1307}, "depth_m": 815, "blind": true, "strike_deg": 153, "dip_deg": 60, "length_m": 3473, "width_m": 13.2, "shape": "veins", "host": "carbonate", "chance": 0.661, "seen_by": {"geochemistry": false, "ip": false}, "water_depth_m": 0}}, {"type": "Feature", "geometry": {"type": "Point", "coordinates": [-149.01374, 33.60487]}, "properties": {"id": "TRE2-EPI-004554A-02", "district_id": "TRE2-EPI-004554A", "belt_id": "TRE2-EPI-B0017", "kind": "epithermal", "name": "epithermal gold\u2013silver veins", "tonnage_mt": 2.1052, "grades": {"Au g/t": 7.8684, "Ag g/t": 201.1712}, "depth_m": 989, "blind": true, "strike_deg": 155, "dip_deg": 80, "length_m": 2108, "width_m": 2.7, "shape": "veins", "host": "carbonate", "chance": 0.661, "seen_by": {"geochemistry": false, "ip": false}, "water_depth_m": 0}}, {"type": "Feature", "geometry": {"type": "Point", "coordinates": [-149.12831, 33.50027]}, "properties": {"id": "TRE2-EPI-004554A-03", "district_id": "TRE2-EPI-004554A", "belt_id": "TRE2-EPI-B0017", "kind": "epithermal", "name": "epithermal gold\u2013silver veins", "tonnage_mt": 0.9175, "grades": {"Au g/t": 16.1453, "Ag g/t": 92.1104}, "depth_m": 888, "blind": true, "strike_deg": 170, "dip_deg": 61, "length_m": 1389, "width_m": 9.0, "shape": "veins", "host": "carbonate", "chance": 0.661, "seen_by": {"geochemistry": false, "ip": false}, "water_depth_m": 0}}, {"type": "Feature", "geometry": {"type": "Point", "coordinates": [40.08927, 29.93504]}, "properties": {"id": "TRE2-EPI-005071A-01", "district_id": "TRE2-EPI-005071A", "belt_id": "TRE2-EPI-B0022", "kind": "epithermal", "name": "epithermal gold\u2013silver veins", "tonnage_mt": 0.0315, "grades": {"Au g/t": 9.988, "Ag g/t": 134.3056}, "depth_m": 1447, "blind": true, "strike_deg": 71, "dip_deg": 72, "length_m": 2921, "width_m": 13.0, "shape": "veins", "host": "clastic", "chance": 1.0, "seen_by": {"geochemistry": false, "ip": false}, "water_depth_m": 0}}, {"type": "Feature", "geometry": {"type": "Point", "coordinates": [39.95171, 29.91746]}, "properties": {"id": "TRE2-EPI-005071A-02", "district_id": "TRE2-EPI-005071A", "belt_id": "TRE2-EPI-B0022", "kind": "epithermal", "name": "epithermal gold\u2013silver veins", "tonnage_mt": 32.4862, "grades": {"Au g/t": 9.1378, "Ag g/t": 86.8267}, "depth_m": 1526, "blind": true, "strike_deg": 49, "dip_deg": 75, "length_m": 1782, "width_m": 5.7, "shape": "veins", "host": "clastic", "chance": 1.0, "seen_by": {"geochemistry": false, "ip": false}, "water_depth_m": 0}}, {"type": "Feature", "geometry": {"type": "Point", "coordinates": [40.09112, 29.96297]}, "properties": {"id": "TRE2-EPI-005071A-03", "district_id": "TRE2-EPI-005071A", "belt_id": "TRE2-EPI-B0022", "kind": "epithermal", "name": "epithermal gold\u2013silver veins", "tonnage_mt": 0.0072, "grades": {"Au g/t": 7.8016, "Ag g/t": 85.4949}, "depth_m": 1765, "blind": true, "strike_deg": 62, "dip_deg": 69, "length_m": 1034, "width_m": 5.9, "shape": "veins", "host": "clastic", "chance": 1.0, "seen_by": {"geochemistry": false, "ip": false}, "water_depth_m": 0}}, {"type": "Feature", "geometry": {"type": "Point", "coordinates": [41.52572, 26.29198]}, "properties": {"id": "TRE2-EPI-005537A-01", "district_id": "TRE2-EPI-005537A", "belt_id": "TRE2-EPI-B0022", "kind": "epithermal", "name": "epithermal gold\u2013silver veins", "tonnage_mt": 1.0632, "grades": {"Au g/t": 5.7754, "Ag g/t": 139.4069}, "depth_m": 580, "blind": true, "strike_deg": 151, "dip_deg": 59, "length_m": 2827, "width_m": 8.8, "shape": "veins", "host": "carbonate", "chance": 0.85, "seen_by": {"geochemistry": false, "ip": false}, "water_depth_m": 0}}, {"type": "Feature", "geometry": {"type": "Point", "coordinates": [41.52487, 26.39318]}, "properties": {"id": "TRE2-EPI-005537A-02", "district_id": "TRE2-EPI-005537A", "belt_id": "TRE2-EPI-B0022", "kind": "epithermal", "name": "epithermal gold\u2013silver veins", "tonnage_mt": 0.2641, "grades": {"Au g/t": 6.4395, "Ag g/t": 75.555}, "depth_m": 552, "blind": true, "strike_deg": 149, "dip_deg": 89, "length_m": 1792, "width_m": 5.9, "shape": "veins", "host": "carbonate", "chance": 0.85, "seen_by": {"geochemistry": false, "ip": false}, "water_depth_m": 0}}, {"type": "Feature", "geometry": {"type": "Point", "coordinates": [41.34744, 26.58915]}, "properties": {"id": "TRE2-EPI-005537A-03", "district_id": "TRE2-EPI-005537A", "belt_id": "TRE2-EPI-B0022", "kind": "epithermal", "name": "epithermal gold\u2013silver veins", "tonnage_mt": 0.8965, "grades": {"Au g/t": 7.3881, "Ag g/t": 75.3431}, "depth_m": 684, "blind": true, "strike_deg": 156, "dip_deg": 60, "length_m": 4766, "width_m": 21.6, "shape": "veins", "host": "carbonate", "chance": 0.85, "seen_by": {"geochemistry": false, "ip": false}, "water_depth_m": 0}}, {"type": "Feature", "geometry": {"type": "Point", "coordinates": [38.4166, 14.38076]}, "properties": {"id": "TRE2-EPI-007422A-01", "district_id": "TRE2-EPI-007422A", "belt_id": "TRE2-EPI-B0030", "kind": "epithermal", "name": "epithermal gold\u2013silver veins", "tonnage_mt": 52.6339, "grades": {"Au g/t": 9.6952, "Ag g/t": 57.366}, "depth_m": 1596, "blind": true, "strike_deg": 43, "dip_deg": 62, "length_m": 3633, "width_m": 5.3, "shape": "veins", "host": "carbonate", "chance": 1.0, "seen_by": {"geochemistry": false, "ip": false}, "water_depth_m": 80}}, {"type": "Feature", "geometry": {"type": "Point", "coordinates": [38.59718, 14.55315]}, "properties": {"id": "TRE2-EPI-007422A-02", "district_id": "TRE2-EPI-007422A", "belt_id": "TRE2-EPI-B0030", "kind": "epithermal", "name": "epithermal gold\u2013silver veins", "tonnage_mt": 0.0778, "grades": {"Au g/t": 6.1366, "Ag g/t": 152.7955}, "depth_m": 2067, "blind": true, "strike_deg": 44, "dip_deg": 86, "length_m": 2032, "width_m": 9.4, "shape": "veins", "host": "carbonate", "chance": 1.0, "seen_by": {"geochemistry": false, "ip": false}, "water_depth_m": 80}}, {"type": "Feature", "geometry": {"type": "Point", "coordinates": [38.37317, 14.36646]}, "properties": {"id": "TRE2-EPI-007422A-03", "district_id": "TRE2-EPI-007422A", "belt_id": "TRE2-EPI-B0030", "kind": "epithermal", "name": "epithermal gold\u2013silver veins", "tonnage_mt": 1.3885, "grades": {"Au g/t": 11.2522, "Ag g/t": 67.7377}, "depth_m": 1706, "blind": true, "strike_deg": 41, "dip_deg": 62, "length_m": 2740, "width_m": 6.1, "shape": "veins", "host": "carbonate", "chance": 1.0, "seen_by": {"geochemistry": false, "ip": false}, "water_depth_m": 80}}, {"type": "Feature", "geometry": {"type": "Point", "coordinates": [38.54374, 14.47298]}, "properties": {"id": "TRE2-EPI-007422A-04", "district_id": "TRE2-EPI-007422A", "belt_id": "TRE2-EPI-B0030", "kind": "epithermal", "name": "epithermal gold\u2013silver veins", "tonnage_mt": 0.1792, "grades": {"Au g/t": 8.2839, "Ag g/t": 158.4654}, "depth_m": 1540, "blind": true, "strike_deg": 49, "dip_deg": 60, "length_m": 1030, "width_m": 3.9, "shape": "veins", "host": "carbonate", "chance": 1.0, "seen_by": {"geochemistry": false, "ip": false}, "water_depth_m": 80}}, {"type": "Feature", "geometry": {"type": "Point", "coordinates": [38.46518, 14.38167]}, "properties": {"id": "TRE2-EPI-007422A-05", "district_id": "TRE2-EPI-007422A", "belt_id": "TRE2-EPI-B0030", "kind": "epithermal", "name": "epithermal gold\u2013silver veins", "tonnage_mt": 0.784, "grades": {"Au g/t": 13.7575, "Ag g/t": 102.7784}, "depth_m": 1528, "blind": true, "strike_deg": 17, "dip_deg": 61, "length_m": 2539, "width_m": 6.4, "shape": "veins", "host": "carbonate", "chance": 1.0, "seen_by": {"geochemistry": false, "ip": false}, "water_depth_m": 80}}, {"type": "Feature", "geometry": {"type": "Point", "coordinates": [38.45931, 14.46332]}, "properties": {"id": "TRE2-EPI-007422A-06", "district_id": "TRE2-EPI-007422A", "belt_id": "TRE2-EPI-B0030", "kind": "epithermal", "name": "epithermal gold\u2013silver veins", "tonnage_mt": 1.0947, "grades": {"Au g/t": 7.1107, "Ag g/t": 307.172}, "depth_m": 1940, "blind": true, "strike_deg": 29, "dip_deg": 80, "length_m": 1567, "width_m": 6.4, "shape": "veins", "host": "carbonate", "chance": 1.0, "seen_by": {"geochemistry": false, "ip": false}, "water_depth_m": 80}}, {"type": "Feature", "geometry": {"type": "Point", "coordinates": [38.33423, 14.39237]}, "properties": {"id": "TRE2-EPI-007422A-07", "district_id": "TRE2-EPI-007422A", "belt_id": "TRE2-EPI-B0030", "kind": "epithermal", "name": "epithermal gold\u2013silver veins", "tonnage_mt": 7.2653, "grades": {"Au g/t": 8.315, "Ag g/t": 75.9957}, "depth_m": 1856, "blind": true, "strike_deg": 27, "dip_deg": 75, "length_m": 2982, "width_m": 5.6, "shape": "veins", "host": "carbonate", "chance": 1.0, "seen_by": {"geochemistry": false, "ip": false}, "water_depth_m": 80}}, {"type": "Feature", "geometry": {"type": "Point", "coordinates": [38.43561, 14.37985]}, "properties": {"id": "TRE2-EPI-007422A-08", "district_id": "TRE2-EPI-007422A", "belt_id": "TRE2-EPI-B0030", "kind": "epithermal", "name": "epithermal gold\u2013silver veins", "tonnage_mt": 0.0173, "grades": {"Au g/t": 7.9805, "Ag g/t": 109.8407}, "depth_m": 1544, "blind": true, "strike_deg": 42, "dip_deg": 67, "length_m": 1642, "width_m": 3.8, "shape": "veins", "host": "carbonate", "chance": 1.0, "seen_by": {"geochemistry": false, "ip": false}, "water_depth_m": 80}}, {"type": "Feature", "geometry": {"type": "Point", "coordinates": [102.72338, 9.0602]}, "properties": {"id": "TRE2-EPI-008419A-01", "district_id": "TRE2-EPI-008419A", "belt_id": "TRE2-EPI-B0034", "kind": "epithermal", "name": "epithermal gold\u2013silver veins", "tonnage_mt": 0.3066, "grades": {"Au g/t": 9.6495, "Ag g/t": 104.8379}, "depth_m": 694, "blind": true, "strike_deg": 152, "dip_deg": 67, "length_m": 4592, "width_m": 10.5, "shape": "veins", "host": "arc_volcanic", "chance": 0.776, "seen_by": {"geochemistry": false, "ip": false}, "water_depth_m": 0}}, {"type": "Feature", "geometry": {"type": "Point", "coordinates": [102.84375, 8.78512]}, "properties": {"id": "TRE2-EPI-008419A-02", "district_id": "TRE2-EPI-008419A", "belt_id": "TRE2-EPI-B0034", "kind": "epithermal", "name": "epithermal gold\u2013silver veins", "tonnage_mt": 0.0233, "grades": {"Au g/t": 4.439, "Ag g/t": 67.6101}, "depth_m": 741, "blind": true, "strike_deg": 139, "dip_deg": 65, "length_m": 3410, "width_m": 10.6, "shape": "veins", "host": "arc_volcanic", "chance": 0.776, "seen_by": {"geochemistry": false, "ip": false}, "water_depth_m": 0}}, {"type": "Feature", "geometry": {"type": "Point", "coordinates": [56.06209, 7.93885]}, "properties": {"id": "TRE2-EPI-008689A-01", "district_id": "TRE2-EPI-008689A", "belt_id": "TRE2-EPI-B0033", "kind": "epithermal", "name": "epithermal gold\u2013silver veins", "tonnage_mt": 0.1709, "grades": {"Au g/t": 5.9814, "Ag g/t": 139.4195}, "depth_m": 363, "blind": true, "strike_deg": 96, "dip_deg": 73, "length_m": 2843, "width_m": 13.6, "shape": "veins", "host": "carbonate", "chance": 0.248, "seen_by": {"geochemistry": false, "ip": true}, "water_depth_m": 0}}, {"type": "Feature", "geometry": {"type": "Point", "coordinates": [56.01685, 7.86597]}, "properties": {"id": "TRE2-EPI-008689A-02", "district_id": "TRE2-EPI-008689A", "belt_id": "TRE2-EPI-B0033", "kind": "epithermal", "name": "epithermal gold\u2013silver veins", "tonnage_mt": 8.1616, "grades": {"Au g/t": 7.2581, "Ag g/t": 126.4682}, "depth_m": 285, "blind": false, "strike_deg": 96, "dip_deg": 75, "length_m": 1814, "width_m": 3.5, "shape": "veins", "host": "carbonate", "chance": 0.248, "seen_by": {"geochemistry": false, "ip": true}, "water_depth_m": 0}}, {"type": "Feature", "geometry": {"type": "Point", "coordinates": [56.05625, 7.84288]}, "properties": {"id": "TRE2-EPI-008689A-03", "district_id": "TRE2-EPI-008689A", "belt_id": "TRE2-EPI-B0033", "kind": "epithermal", "name": "epithermal gold\u2013silver veins", "tonnage_mt": 9.8412, "grades": {"Au g/t": 6.5608, "Ag g/t": 98.8241}, "depth_m": 346, "blind": true, "strike_deg": 77, "dip_deg": 64, "length_m": 3520, "width_m": 8.5, "shape": "veins", "host": "carbonate", "chance": 0.248, "seen_by": {"geochemistry": false, "ip": true}, "water_depth_m": 0}}, {"type": "Feature", "geometry": {"type": "Point", "coordinates": [55.91851, 7.90811]}, "properties": {"id": "TRE2-EPI-008689A-04", "district_id": "TRE2-EPI-008689A", "belt_id": "TRE2-EPI-B0033", "kind": "epithermal", "name": "epithermal gold\u2013silver veins", "tonnage_mt": 0.1847, "grades": {"Au g/t": 8.8809, "Ag g/t": 172.8165}, "depth_m": 703, "blind": true, "strike_deg": 99, "dip_deg": 65, "length_m": 1277, "width_m": 10.7, "shape": "veins", "host": "carbonate", "chance": 0.248, "seen_by": {"geochemistry": false, "ip": false}, "water_depth_m": 0}}, {"type": "Feature", "geometry": {"type": "Point", "coordinates": [56.09814, 7.91752]}, "properties": {"id": "TRE2-EPI-008689A-05", "district_id": "TRE2-EPI-008689A", "belt_id": "TRE2-EPI-B0033", "kind": "epithermal", "name": "epithermal gold\u2013silver veins", "tonnage_mt": 0.3598, "grades": {"Au g/t": 8.1796, "Ag g/t": 157.3136}, "depth_m": 338, "blind": true, "strike_deg": 100, "dip_deg": 57, "length_m": 1179, "width_m": 8.7, "shape": "veins", "host": "carbonate", "chance": 0.248, "seen_by": {"geochemistry": false, "ip": true}, "water_depth_m": 0}}, {"type": "Feature", "geometry": {"type": "Point", "coordinates": [56.0326, 7.98466]}, "properties": {"id": "TRE2-EPI-008689A-06", "district_id": "TRE2-EPI-008689A", "belt_id": "TRE2-EPI-B0033", "kind": "epithermal", "name": "epithermal gold\u2013silver veins", "tonnage_mt": 0.1286, "grades": {"Au g/t": 6.9574, "Ag g/t": 143.0744}, "depth_m": 387, "blind": true, "strike_deg": 80, "dip_deg": 69, "length_m": 2573, "width_m": 11.8, "shape": "veins", "host": "carbonate", "chance": 0.248, "seen_by": {"geochemistry": false, "ip": true}, "water_depth_m": 0}}, {"type": "Feature", "geometry": {"type": "Point", "coordinates": [-10.61914, 4.20336]}, "properties": {"id": "TRE2-EPI-009200A-01", "district_id": "TRE2-EPI-009200A", "belt_id": "TRE2-EPI-B0037", "kind": "epithermal", "name": "epithermal gold\u2013silver veins", "tonnage_mt": 2.0474, "grades": {"Au g/t": 11.0344, "Ag g/t": 198.0851}, "depth_m": 441, "blind": true, "strike_deg": 78, "dip_deg": 78, "length_m": 1440, "width_m": 5.3, "shape": "veins", "host": "carbonate", "chance": 0.673, "seen_by": {"geochemistry": false, "ip": true}, "water_depth_m": 0}}, {"type": "Feature", "geometry": {"type": "Point", "coordinates": [-10.79028, 4.14519]}, "properties": {"id": "TRE2-EPI-009200A-02", "district_id": "TRE2-EPI-009200A", "belt_id": "TRE2-EPI-B0037", "kind": "epithermal", "name": "epithermal gold\u2013silver veins", "tonnage_mt": 3.1517, "grades": {"Au g/t": 9.3023, "Ag g/t": 67.586}, "depth_m": 702, "blind": true, "strike_deg": 66, "dip_deg": 87, "length_m": 2202, "width_m": 7.0, "shape": "veins", "host": "carbonate", "chance": 0.673, "seen_by": {"geochemistry": false, "ip": false}, "water_depth_m": 0}}, {"type": "Feature", "geometry": {"type": "Point", "coordinates": [-10.73943, 4.02518]}, "properties": {"id": "TRE2-EPI-009200A-03", "district_id": "TRE2-EPI-009200A", "belt_id": "TRE2-EPI-B0037", "kind": "epithermal", "name": "epithermal gold\u2013silver veins", "tonnage_mt": 0.636, "grades": {"Au g/t": 5.2163, "Ag g/t": 90.8482}, "depth_m": 610, "blind": true, "strike_deg": 50, "dip_deg": 57, "length_m": 1733, "width_m": 7.4, "shape": "veins", "host": "carbonate", "chance": 0.673, "seen_by": {"geochemistry": false, "ip": false}, "water_depth_m": 0}}, {"type": "Feature", "geometry": {"type": "Point", "coordinates": [104.35114, 1.52572]}, "properties": {"id": "TRE2-EPI-009639A-01", "district_id": "TRE2-EPI-009639A", "belt_id": null, "kind": "epithermal", "name": "epithermal gold\u2013silver veins", "tonnage_mt": 0.0183, "grades": {"Au g/t": 9.2399, "Ag g/t": 83.518}, "depth_m": 0, "blind": false, "strike_deg": 135, "dip_deg": 66, "length_m": 2638, "width_m": 7.3, "shape": "veins", "host": "arc_volcanic", "chance": 0.191, "seen_by": {"geochemistry": true, "ip": true}, "water_depth_m": 0}}, {"type": "Feature", "geometry": {"type": "Point", "coordinates": [104.21757, 1.61243]}, "properties": {"id": "TRE2-EPI-009639A-02", "district_id": "TRE2-EPI-009639A", "belt_id": null, "kind": "epithermal", "name": "epithermal gold\u2013silver veins", "tonnage_mt": 0.0075, "grades": {"Au g/t": 6.5679, "Ag g/t": 106.6746}, "depth_m": 0, "blind": false, "strike_deg": 149, "dip_deg": 68, "length_m": 2102, "width_m": 14.1, "shape": "veins", "host": "arc_volcanic", "chance": 0.191, "seen_by": {"geochemistry": true, "ip": true}, "water_depth_m": 0}}, {"type": "Feature", "geometry": {"type": "Point", "coordinates": [-89.15182, -3.79976]}, "properties": {"id": "TRE2-EPI-010685A-01", "district_id": "TRE2-EPI-010685A", "belt_id": "TRE2-EPI-B0031", "kind": "epithermal", "name": "epithermal gold\u2013silver veins", "tonnage_mt": 1.1942, "grades": {"Au g/t": 19.3424, "Ag g/t": 170.8103}, "depth_m": 0, "blind": false, "strike_deg": 113, "dip_deg": 70, "length_m": 1451, "width_m": 10.4, "shape": "veins", "host": "arc_volcanic", "chance": 0.992, "seen_by": {"geochemistry": true, "ip": true}, "water_depth_m": 0}}, {"type": "Feature", "geometry": {"type": "Point", "coordinates": [-122.24072, -11.45506]}, "properties": {"id": "TRE2-EPI-012044A-01", "district_id": "TRE2-EPI-012044A", "belt_id": "TRE2-EPI-B0053", "kind": "epithermal", "name": "epithermal gold\u2013silver veins", "tonnage_mt": 0.2471, "grades": {"Au g/t": 3.8737, "Ag g/t": 148.1645}, "depth_m": 269, "blind": false, "strike_deg": 52, "dip_deg": 57, "length_m": 2306, "width_m": 8.1, "shape": "veins", "host": "arc_volcanic", "chance": 1.0, "seen_by": {"geochemistry": false, "ip": true}, "water_depth_m": 0}}, {"type": "Feature", "geometry": {"type": "Point", "coordinates": [-122.33909, -11.5453]}, "properties": {"id": "TRE2-EPI-012044A-02", "district_id": "TRE2-EPI-012044A", "belt_id": "TRE2-EPI-B0053", "kind": "epithermal", "name": "epithermal gold\u2013silver veins", "tonnage_mt": 0.2541, "grades": {"Au g/t": 5.6047, "Ag g/t": 86.4213}, "depth_m": 484, "blind": true, "strike_deg": 37, "dip_deg": 55, "length_m": 1600, "width_m": 6.8, "shape": "veins", "host": "arc_volcanic", "chance": 1.0, "seen_by": {"geochemistry": false, "ip": true}, "water_depth_m": 0}}, {"type": "Feature", "geometry": {"type": "Point", "coordinates": [93.57408, -13.96843]}, "properties": {"id": "TRE2-EPI-012532A-01", "district_id": "TRE2-EPI-012532A", "belt_id": "TRE2-EPI-B0057", "kind": "epithermal", "name": "epithermal gold\u2013silver veins", "tonnage_mt": 3.3322, "grades": {"Au g/t": 5.0927, "Ag g/t": 172.6991}, "depth_m": 1771, "blind": true, "strike_deg": 117, "dip_deg": 86, "length_m": 2821, "width_m": 9.2, "shape": "veins", "host": "carbonate", "chance": 0.697, "seen_by": {"geochemistry": false, "ip": false}, "water_depth_m": 0}}, {"type": "Feature", "geometry": {"type": "Point", "coordinates": [93.62559, -13.96822]}, "properties": {"id": "TRE2-EPI-012532A-02", "district_id": "TRE2-EPI-012532A", "belt_id": "TRE2-EPI-B0057", "kind": "epithermal", "name": "epithermal gold\u2013silver veins", "tonnage_mt": 1.5128, "grades": {"Au g/t": 9.8717, "Ag g/t": 99.8196}, "depth_m": 2015, "blind": true, "strike_deg": 102, "dip_deg": 76, "length_m": 2055, "width_m": 8.2, "shape": "veins", "host": "carbonate", "chance": 0.697, "seen_by": {"geochemistry": false, "ip": false}, "water_depth_m": 0}}, {"type": "Feature", "geometry": {"type": "Point", "coordinates": [93.74859, -14.00688]}, "properties": {"id": "TRE2-EPI-012532A-03", "district_id": "TRE2-EPI-012532A", "belt_id": "TRE2-EPI-B0057", "kind": "epithermal", "name": "epithermal gold\u2013silver veins", "tonnage_mt": 0.0622, "grades": {"Au g/t": 6.7248, "Ag g/t": 65.6872}, "depth_m": 2185, "blind": true, "strike_deg": 108, "dip_deg": 78, "length_m": 2465, "width_m": 8.8, "shape": "veins", "host": "carbonate", "chance": 0.697, "seen_by": {"geochemistry": false, "ip": false}, "water_depth_m": 0}}, {"type": "Feature", "geometry": {"type": "Point", "coordinates": [-142.26213, -23.83528]}, "properties": {"id": "TRE2-EPI-014026A-01", "district_id": "TRE2-EPI-014026A", "belt_id": null, "kind": "epithermal", "name": "epithermal gold\u2013silver veins", "tonnage_mt": 1.1089, "grades": {"Au g/t": 11.1152, "Ag g/t": 123.7452}, "depth_m": 0, "blind": false, "strike_deg": 145, "dip_deg": 79, "length_m": 1758, "width_m": 7.9, "shape": "veins", "host": "arc_volcanic", "chance": 0.121, "seen_by": {"geochemistry": true, "ip": true}, "water_depth_m": 0}}, {"type": "Feature", "geometry": {"type": "Point", "coordinates": [-142.36768, -23.76671]}, "properties": {"id": "TRE2-EPI-014026A-02", "district_id": "TRE2-EPI-014026A", "belt_id": null, "kind": "epithermal", "name": "epithermal gold\u2013silver veins", "tonnage_mt": 1.4377, "grades": {"Au g/t": 8.378, "Ag g/t": 86.5764}, "depth_m": 0, "blind": false, "strike_deg": 151, "dip_deg": 74, "length_m": 1540, "width_m": 14.7, "shape": "veins", "host": "arc_volcanic", "chance": 0.121, "seen_by": {"geochemistry": true, "ip": true}, "water_depth_m": 0}}, {"type": "Feature", "geometry": {"type": "Point", "coordinates": [-142.39185, -23.8125]}, "properties": {"id": "TRE2-EPI-014026A-03", "district_id": "TRE2-EPI-014026A", "belt_id": null, "kind": "epithermal", "name": "epithermal gold\u2013silver veins", "tonnage_mt": 0.2425, "grades": {"Au g/t": 8.7741, "Ag g/t": 86.2862}, "depth_m": 115, "blind": false, "strike_deg": 150, "dip_deg": 86, "length_m": 3314, "width_m": 10.2, "shape": "veins", "host": "arc_volcanic", "chance": 0.121, "seen_by": {"geochemistry": false, "ip": true}, "water_depth_m": 0}}, {"type": "Feature", "geometry": {"type": "Point", "coordinates": [120.54861, -28.52936]}, "properties": {"id": "TRE2-EPI-014621A-01", "district_id": "TRE2-EPI-014621A", "belt_id": "TRE2-EPI-B0068", "kind": "epithermal", "name": "epithermal gold\u2013silver veins", "tonnage_mt": 0.0331, "grades": {"Au g/t": 6.1416, "Ag g/t": 175.5241}, "depth_m": 589, "blind": true, "strike_deg": 152, "dip_deg": 75, "length_m": 1522, "width_m": 5.9, "shape": "veins", "host": "carbonate", "chance": 0.947, "seen_by": {"geochemistry": false, "ip": false}, "water_depth_m": 0}}, {"type": "Feature", "geometry": {"type": "Point", "coordinates": [120.3594, -28.16383]}, "properties": {"id": "TRE2-EPI-014621A-02", "district_id": "TRE2-EPI-014621A", "belt_id": "TRE2-EPI-B0068", "kind": "epithermal", "name": "epithermal gold\u2013silver veins", "tonnage_mt": 3.2322, "grades": {"Au g/t": 6.7764, "Ag g/t": 75.6784}, "depth_m": 573, "blind": true, "strike_deg": 151, "dip_deg": 89, "length_m": 1847, "width_m": 12.1, "shape": "veins", "host": "carbonate", "chance": 0.947, "seen_by": {"geochemistry": false, "ip": false}, "water_depth_m": 0}}, {"type": "Feature", "geometry": {"type": "Point", "coordinates": [120.35331, -28.26065]}, "properties": {"id": "TRE2-EPI-014621A-03", "district_id": "TRE2-EPI-014621A", "belt_id": "TRE2-EPI-B0068", "kind": "epithermal", "name": "epithermal gold\u2013silver veins", "tonnage_mt": 2.0911, "grades": {"Au g/t": 8.7322, "Ag g/t": 63.7406}, "depth_m": 867, "blind": true, "strike_deg": 133, "dip_deg": 85, "length_m": 2004, "width_m": 3.7, "shape": "veins", "host": "carbonate", "chance": 0.947, "seen_by": {"geochemistry": false, "ip": false}, "water_depth_m": 0}}, {"type": "Feature", "geometry": {"type": "Point", "coordinates": [120.39178, -28.3372]}, "properties": {"id": "TRE2-EPI-014621A-04", "district_id": "TRE2-EPI-014621A", "belt_id": "TRE2-EPI-B0068", "kind": "epithermal", "name": "epithermal gold\u2013silver veins", "tonnage_mt": 1.034, "grades": {"Au g/t": 7.2071, "Ag g/t": 87.9841}, "depth_m": 458, "blind": true, "strike_deg": 142, "dip_deg": 75, "length_m": 898, "width_m": 6.2, "shape": "veins", "host": "carbonate", "chance": 0.947, "seen_by": {"geochemistry": false, "ip": true}, "water_depth_m": 0}}, {"type": "Feature", "geometry": {"type": "Point", "coordinates": [57.52474, -34.90256]}, "properties": {"id": "TRE2-EPI-015687A-01", "district_id": "TRE2-EPI-015687A", "belt_id": "TRE2-EPI-B0083", "kind": "epithermal", "name": "epithermal gold\u2013silver veins", "tonnage_mt": 11.9914, "grades": {"Au g/t": 6.9921, "Ag g/t": 66.4372}, "depth_m": 184, "blind": false, "strike_deg": 161, "dip_deg": 77, "length_m": 1120, "width_m": 5.6, "shape": "veins", "host": "arc_volcanic", "chance": 0.802, "seen_by": {"geochemistry": false, "ip": true}, "water_depth_m": 0}}, {"type": "Feature", "geometry": {"type": "Point", "coordinates": [57.40594, -34.83569]}, "properties": {"id": "TRE2-EPI-015687A-02", "district_id": "TRE2-EPI-015687A", "belt_id": "TRE2-EPI-B0083", "kind": "epithermal", "name": "epithermal gold\u2013silver veins", "tonnage_mt": 1.5934, "grades": {"Au g/t": 8.1502, "Ag g/t": 160.8006}, "depth_m": 282, "blind": false, "strike_deg": 141, "dip_deg": 59, "length_m": 2957, "width_m": 7.1, "shape": "veins", "host": "arc_volcanic", "chance": 0.802, "seen_by": {"geochemistry": false, "ip": true}, "water_depth_m": 0}}, {"type": "Feature", "geometry": {"type": "Point", "coordinates": [57.46205, -34.97306]}, "properties": {"id": "TRE2-EPI-015687A-03", "district_id": "TRE2-EPI-015687A", "belt_id": "TRE2-EPI-B0083", "kind": "epithermal", "name": "epithermal gold\u2013silver veins", "tonnage_mt": 0.114, "grades": {"Au g/t": 6.1857, "Ag g/t": 132.8132}, "depth_m": 307, "blind": true, "strike_deg": 147, "dip_deg": 83, "length_m": 1937, "width_m": 4.8, "shape": "veins", "host": "arc_volcanic", "chance": 0.802, "seen_by": {"geochemistry": false, "ip": true}, "water_depth_m": 0}}, {"type": "Feature", "geometry": {"type": "Point", "coordinates": [57.46744, -34.95235]}, "properties": {"id": "TRE2-EPI-015687A-04", "district_id": "TRE2-EPI-015687A", "belt_id": "TRE2-EPI-B0083", "kind": "epithermal", "name": "epithermal gold\u2013silver veins", "tonnage_mt": 1.665, "grades": {"Au g/t": 4.8508, "Ag g/t": 115.4946}, "depth_m": 208, "blind": false, "strike_deg": 147, "dip_deg": 60, "length_m": 1732, "width_m": 10.5, "shape": "veins", "host": "arc_volcanic", "chance": 0.802, "seen_by": {"geochemistry": false, "ip": true}, "water_depth_m": 0}}, {"type": "Feature", "geometry": {"type": "Point", "coordinates": [57.30671, -34.74538]}, "properties": {"id": "TRE2-EPI-015687A-05", "district_id": "TRE2-EPI-015687A", "belt_id": "TRE2-EPI-B0083", "kind": "epithermal", "name": "epithermal gold\u2013silver veins", "tonnage_mt": 0.1242, "grades": {"Au g/t": 7.9244, "Ag g/t": 122.1753}, "depth_m": 201, "blind": false, "strike_deg": 150, "dip_deg": 70, "length_m": 2026, "width_m": 6.5, "shape": "veins", "host": "arc_volcanic", "chance": 0.802, "seen_by": {"geochemistry": false, "ip": true}, "water_depth_m": 0}}, {"type": "Feature", "geometry": {"type": "Point", "coordinates": [57.45672, -34.92648]}, "properties": {"id": "TRE2-EPI-015687A-06", "district_id": "TRE2-EPI-015687A", "belt_id": "TRE2-EPI-B0083", "kind": "epithermal", "name": "epithermal gold\u2013silver veins", "tonnage_mt": 0.9127, "grades": {"Au g/t": 4.8205, "Ag g/t": 84.3529}, "depth_m": 0, "blind": false, "strike_deg": 161, "dip_deg": 68, "length_m": 1622, "width_m": 9.0, "shape": "veins", "host": "arc_volcanic", "chance": 0.802, "seen_by": {"geochemistry": true, "ip": true}, "water_depth_m": 0}}, {"type": "Feature", "geometry": {"type": "Point", "coordinates": [57.51961, -34.92575]}, "properties": {"id": "TRE2-EPI-015687A-07", "district_id": "TRE2-EPI-015687A", "belt_id": "TRE2-EPI-B0083", "kind": "epithermal", "name": "epithermal gold\u2013silver veins", "tonnage_mt": 4.5958, "grades": {"Au g/t": 8.6764, "Ag g/t": 112.5302}, "depth_m": 346, "blind": true, "strike_deg": 168, "dip_deg": 85, "length_m": 2108, "width_m": 7.3, "shape": "veins", "host": "arc_volcanic", "chance": 0.802, "seen_by": {"geochemistry": false, "ip": true}, "water_depth_m": 0}}, {"type": "Feature", "geometry": {"type": "Point", "coordinates": [127.70695, -52.26487]}, "properties": {"id": "TRE2-EPI-017938A-01", "district_id": "TRE2-EPI-017938A", "belt_id": "TRE2-EPI-B0097", "kind": "epithermal", "name": "epithermal gold\u2013silver veins", "tonnage_mt": 0.0337, "grades": {"Au g/t": 5.0279, "Ag g/t": 91.4324}, "depth_m": 326, "blind": true, "strike_deg": 4, "dip_deg": 80, "length_m": 1692, "width_m": 8.9, "shape": "veins", "host": "arc_plutonic", "chance": 0.952, "seen_by": {"geochemistry": false, "ip": true}, "water_depth_m": 0}}, {"type": "Feature", "geometry": {"type": "Point", "coordinates": [127.51175, -52.14348]}, "properties": {"id": "TRE2-EPI-017938A-02", "district_id": "TRE2-EPI-017938A", "belt_id": "TRE2-EPI-B0097", "kind": "epithermal", "name": "epithermal gold\u2013silver veins", "tonnage_mt": 7.8486, "grades": {"Au g/t": 9.1433, "Ag g/t": 55.7374}, "depth_m": 158, "blind": false, "strike_deg": 170, "dip_deg": 73, "length_m": 1456, "width_m": 6.4, "shape": "veins", "host": "arc_plutonic", "chance": 0.952, "seen_by": {"geochemistry": false, "ip": true}, "water_depth_m": 0}}, {"type": "Feature", "geometry": {"type": "Point", "coordinates": [127.67426, -52.45753]}, "properties": {"id": "TRE2-EPI-017938A-03", "district_id": "TRE2-EPI-017938A", "belt_id": "TRE2-EPI-B0097", "kind": "epithermal", "name": "epithermal gold\u2013silver veins", "tonnage_mt": 0.2172, "grades": {"Au g/t": 7.5991, "Ag g/t": 190.0994}, "depth_m": 556, "blind": true, "strike_deg": 170, "dip_deg": 72, "length_m": 2040, "width_m": 4.9, "shape": "veins", "host": "arc_plutonic", "chance": 0.952, "seen_by": {"geochemistry": false, "ip": false}, "water_depth_m": 0}}, {"type": "Feature", "geometry": {"type": "Point", "coordinates": [127.5051, -52.30389]}, "properties": {"id": "TRE2-EPI-017938A-04", "district_id": "TRE2-EPI-017938A", "belt_id": "TRE2-EPI-B0097", "kind": "epithermal", "name": "epithermal gold\u2013silver veins", "tonnage_mt": 1.5555, "grades": {"Au g/t": 13.1419, "Ag g/t": 135.6304}, "depth_m": 506, "blind": true, "strike_deg": 154, "dip_deg": 58, "length_m": 1980, "width_m": 8.8, "shape": "veins", "host": "arc_plutonic", "chance": 0.952, "seen_by": {"geochemistry": false, "ip": false}, "water_depth_m": 0}}, {"type": "Feature", "geometry": {"type": "Point", "coordinates": [127.55461, -52.43897]}, "properties": {"id": "TRE2-EPI-017938A-05", "district_id": "TRE2-EPI-017938A", "belt_id": "TRE2-EPI-B0097", "kind": "epithermal", "name": "epithermal gold\u2013silver veins", "tonnage_mt": 0.6202, "grades": {"Au g/t": 10.9302, "Ag g/t": 122.7012}, "depth_m": 300, "blind": true, "strike_deg": 179, "dip_deg": 73, "length_m": 1574, "width_m": 8.7, "shape": "veins", "host": "arc_plutonic", "chance": 0.952, "seen_by": {"geochemistry": false, "ip": true}, "water_depth_m": 0}}, {"type": "Feature", "geometry": {"type": "Point", "coordinates": [109.00173, -53.70656]}, "properties": {"id": "TRE2-EPI-018035A-01", "district_id": "TRE2-EPI-018035A", "belt_id": "TRE2-EPI-B0097", "kind": "epithermal", "name": "epithermal gold\u2013silver veins", "tonnage_mt": 0.126, "grades": {"Au g/t": 12.8465, "Ag g/t": 228.2427}, "depth_m": 0, "blind": false, "strike_deg": 78, "dip_deg": 82, "length_m": 2125, "width_m": 7.6, "shape": "veins", "host": "arc_volcanic", "chance": 0.773, "seen_by": {"geochemistry": true, "ip": true}, "water_depth_m": 0}}, {"type": "Feature", "geometry": {"type": "Point", "coordinates": [109.7181, -53.4262]}, "properties": {"id": "TRE2-EPI-018035A-02", "district_id": "TRE2-EPI-018035A", "belt_id": "TRE2-EPI-B0097", "kind": "epithermal", "name": "epithermal gold\u2013silver veins", "tonnage_mt": 3.6085, "grades": {"Au g/t": 5.3326, "Ag g/t": 80.2756}, "depth_m": 0, "blind": false, "strike_deg": 59, "dip_deg": 57, "length_m": 2274, "width_m": 8.5, "shape": "veins", "host": "arc_volcanic", "chance": 0.773, "seen_by": {"geochemistry": true, "ip": true}, "water_depth_m": 0}}, {"type": "Feature", "geometry": {"type": "Point", "coordinates": [109.7508, -53.45353]}, "properties": {"id": "TRE2-EPI-018035A-03", "district_id": "TRE2-EPI-018035A", "belt_id": "TRE2-EPI-B0097", "kind": "epithermal", "name": "epithermal gold\u2013silver veins", "tonnage_mt": 0.3393, "grades": {"Au g/t": 8.3756, "Ag g/t": 74.9587}, "depth_m": 0, "blind": false, "strike_deg": 61, "dip_deg": 58, "length_m": 2095, "width_m": 4.9, "shape": "veins", "host": "arc_volcanic", "chance": 0.773, "seen_by": {"geochemistry": true, "ip": true}, "water_depth_m": 0}}, {"type": "Feature", "geometry": {"type": "Point", "coordinates": [109.57521, -53.59144]}, "properties": {"id": "TRE2-EPI-018035A-04", "district_id": "TRE2-EPI-018035A", "belt_id": "TRE2-EPI-B0097", "kind": "epithermal", "name": "epithermal gold\u2013silver veins", "tonnage_mt": 0.3314, "grades": {"Au g/t": 10.1956, "Ag g/t": 145.6747}, "depth_m": 33, "blind": false, "strike_deg": 76, "dip_deg": 79, "length_m": 1602, "width_m": 21.2, "shape": "veins", "host": "arc_volcanic", "chance": 0.773, "seen_by": {"geochemistry": true, "ip": true}, "water_depth_m": 0}}, {"type": "Feature", "geometry": {"type": "Point", "coordinates": [109.42116, -53.48237]}, "properties": {"id": "TRE2-EPI-018035A-05", "district_id": "TRE2-EPI-018035A", "belt_id": "TRE2-EPI-B0097", "kind": "epithermal", "name": "epithermal gold\u2013silver veins", "tonnage_mt": 2.1687, "grades": {"Au g/t": 4.8803, "Ag g/t": 104.6925}, "depth_m": 166, "blind": false, "strike_deg": 54, "dip_deg": 78, "length_m": 2337, "width_m": 8.9, "shape": "veins", "host": "arc_volcanic", "chance": 0.773, "seen_by": {"geochemistry": false, "ip": true}, "water_depth_m": 0}}, {"type": "Feature", "geometry": {"type": "Point", "coordinates": [109.28605, -53.5854]}, "properties": {"id": "TRE2-EPI-018035A-06", "district_id": "TRE2-EPI-018035A", "belt_id": "TRE2-EPI-B0097", "kind": "epithermal", "name": "epithermal gold\u2013silver veins", "tonnage_mt": 2.6341, "grades": {"Au g/t": 8.1473, "Ag g/t": 161.7159}, "depth_m": 0, "blind": false, "strike_deg": 57, "dip_deg": 69, "length_m": 1328, "width_m": 7.0, "shape": "veins", "host": "arc_volcanic", "chance": 0.773, "seen_by": {"geochemistry": true, "ip": true}, "water_depth_m": 0}}, {"type": "Feature", "geometry": {"type": "Point", "coordinates": [58.2904, -76.04214]}, "properties": {"id": "TRE2-EPI-019724A-01", "district_id": "TRE2-EPI-019724A", "belt_id": "TRE2-EPI-B0110", "kind": "epithermal", "name": "epithermal gold\u2013silver veins", "tonnage_mt": 0.9287, "grades": {"Au g/t": 10.3615, "Ag g/t": 124.3265}, "depth_m": 1778, "blind": true, "strike_deg": 33, "dip_deg": 72, "length_m": 2169, "width_m": 10.6, "shape": "veins", "host": "clastic", "chance": 1.0, "seen_by": {"geochemistry": false, "ip": false}, "water_depth_m": 124}}, {"type": "Feature", "geometry": {"type": "Point", "coordinates": [58.37656, -75.99434]}, "properties": {"id": "TRE2-EPI-019724A-02", "district_id": "TRE2-EPI-019724A", "belt_id": "TRE2-EPI-B0110", "kind": "epithermal", "name": "epithermal gold\u2013silver veins", "tonnage_mt": 6.857, "grades": {"Au g/t": 8.1678, "Ag g/t": 146.3702}, "depth_m": 1673, "blind": true, "strike_deg": 35, "dip_deg": 88, "length_m": 1430, "width_m": 8.8, "shape": "veins", "host": "clastic", "chance": 1.0, "seen_by": {"geochemistry": false, "ip": false}, "water_depth_m": 124}}, {"type": "Feature", "geometry": {"type": "Point", "coordinates": [58.44091, -76.16514]}, "properties": {"id": "TRE2-EPI-019724A-03", "district_id": "TRE2-EPI-019724A", "belt_id": "TRE2-EPI-B0110", "kind": "epithermal", "name": "epithermal gold\u2013silver veins", "tonnage_mt": 0.2434, "grades": {"Au g/t": 8.9125, "Ag g/t": 97.6714}, "depth_m": 2019, "blind": true, "strike_deg": 35, "dip_deg": 74, "length_m": 1424, "width_m": 11.0, "shape": "veins", "host": "clastic", "chance": 1.0, "seen_by": {"geochemistry": false, "ip": false}, "water_depth_m": 124}}, {"type": "Feature", "geometry": {"type": "Point", "coordinates": [-39.67968, 86.61194]}, "properties": {"id": "TRE2-VMS-000024A-01", "district_id": "TRE2-VMS-000024A", "belt_id": "TRE2-VMS-B0000", "kind": "vms", "name": "volcanogenic massive sulphide", "tonnage_mt": 0.579, "grades": {"Cu %": 1.7785, "Zn %": 1.1863, "Pb %": 0.4486, "Ag g/t": 38.571, "S %": 35.7564}, "depth_m": 864, "blind": true, "strike_deg": 112, "dip_deg": 47, "length_m": 785, "width_m": 347.9, "shape": "lens", "host": "arc_volcanic", "chance": 0.782, "seen_by": {"geochemistry": false, "em": false, "gravity": false}, "water_depth_m": 0}}, {"type": "Feature", "geometry": {"type": "Point", "coordinates": [-38.85727, 86.48669]}, "properties": {"id": "TRE2-VMS-000024A-02", "district_id": "TRE2-VMS-000024A", "belt_id": "TRE2-VMS-B0000", "kind": "vms", "name": "volcanogenic massive sulphide", "tonnage_mt": 0.3253, "grades": {"Cu %": 2.3005, "Zn %": 2.8631, "Pb %": 0.2033, "Ag g/t": 30.456, "S %": 26.4214}, "depth_m": 688, "blind": true, "strike_deg": 100, "dip_deg": 65, "length_m": 409, "width_m": 152.9, "shape": "lens", "host": "arc_volcanic", "chance": 0.782, "seen_by": {"geochemistry": false, "em": false, "gravity": true}, "water_depth_m": 0}}, {"type": "Feature", "geometry": {"type": "Point", "coordinates": [-35.13074, 85.02888]}, "properties": {"id": "TRE2-VMS-000037A-01", "district_id": "TRE2-VMS-000037A", "belt_id": "TRE2-VMS-B0000", "kind": "vms", "name": "volcanogenic massive sulphide", "tonnage_mt": 4.1465, "grades": {"Cu %": 1.3049, "Zn %": 1.7097, "Pb %": 0.1621, "Ag g/t": 37.826, "S %": 13.8219}, "depth_m": 1584, "blind": true, "strike_deg": 86, "dip_deg": 49, "length_m": 907, "width_m": 160.5, "shape": "lens", "host": "arc_volcanic", "chance": 0.782, "seen_by": {"geochemistry": false, "em": false, "gravity": false}, "water_depth_m": 0}}, {"type": "Feature", "geometry": {"type": "Point", "coordinates": [-35.31446, 85.01875]}, "properties": {"id": "TRE2-VMS-000037A-02", "district_id": "TRE2-VMS-000037A", "belt_id": "TRE2-VMS-B0000", "kind": "vms", "name": "volcanogenic massive sulphide", "tonnage_mt": 0.2202, "grades": {"Cu %": 2.0328, "Zn %": 0.9901, "Pb %": 0.2321, "Ag g/t": 17.6565, "S %": 25.445}, "depth_m": 792, "blind": true, "strike_deg": 88, "dip_deg": 74, "length_m": 543, "width_m": 249.2, "shape": "lens", "host": "arc_volcanic", "chance": 0.782, "seen_by": {"geochemistry": false, "em": false, "gravity": true}, "water_depth_m": 0}}, {"type": "Feature", "geometry": {"type": "Point", "coordinates": [-35.11821, 85.02908]}, "properties": {"id": "TRE2-VMS-000037A-03", "district_id": "TRE2-VMS-000037A", "belt_id": "TRE2-VMS-B0000", "kind": "vms", "name": "volcanogenic massive sulphide", "tonnage_mt": 0.1524, "grades": {"Cu %": 0.9716, "Zn %": 1.5721, "Pb %": 0.2129, "Ag g/t": 16.7724, "S %": 26.0176}, "depth_m": 915, "blind": true, "strike_deg": 97, "dip_deg": 76, "length_m": 526, "width_m": 342.4, "shape": "lens", "host": "arc_volcanic", "chance": 0.782, "seen_by": {"geochemistry": false, "em": false, "gravity": false}, "water_depth_m": 0}}, {"type": "Feature", "geometry": {"type": "Point", "coordinates": [-35.37384, 85.05142]}, "properties": {"id": "TRE2-VMS-000037A-04", "district_id": "TRE2-VMS-000037A", "belt_id": "TRE2-VMS-B0000", "kind": "vms", "name": "volcanogenic massive sulphide", "tonnage_mt": 0.0728, "grades": {"Cu %": 1.8583, "Zn %": 1.5866, "Pb %": 0.2069, "Ag g/t": 14.3579, "S %": 21.0274}, "depth_m": 1055, "blind": true, "strike_deg": 89, "dip_deg": 64, "length_m": 659, "width_m": 118.8, "shape": "lens", "host": "arc_volcanic", "chance": 0.782, "seen_by": {"geochemistry": false, "em": false, "gravity": false}, "water_depth_m": 0}}, {"type": "Feature", "geometry": {"type": "Point", "coordinates": [-33.40448, 84.95153]}, "properties": {"id": "TRE2-VMS-000037A-05", "district_id": "TRE2-VMS-000037A", "belt_id": "TRE2-VMS-B0000", "kind": "vms", "name": "volcanogenic massive sulphide", "tonnage_mt": 0.2727, "grades": {"Cu %": 2.3806, "Zn %": 3.1676, "Pb %": 0.4487, "Ag g/t": 17.7344, "S %": 37.4502}, "depth_m": 1069, "blind": true, "strike_deg": 86, "dip_deg": 30, "length_m": 528, "width_m": 188.6, "shape": "lens", "host": "arc_volcanic", "chance": 0.782, "seen_by": {"geochemistry": false, "em": false, "gravity": false}, "water_depth_m": 0}}, {"type": "Feature", "geometry": {"type": "Point", "coordinates": [-35.27876, 85.04686]}, "properties": {"id": "TRE2-VMS-000037A-06", "district_id": "TRE2-VMS-000037A", "belt_id": "TRE2-VMS-B0000", "kind": "vms", "name": "volcanogenic massive sulphide", "tonnage_mt": 0.1373, "grades": {"Cu %": 1.6586, "Zn %": 2.2933, "Pb %": 0.2187, "Ag g/t": 23.557, "S %": 40.9569}, "depth_m": 916, "blind": true, "strike_deg": 81, "dip_deg": 72, "length_m": 953, "width_m": 264.0, "shape": "lens", "host": "arc_volcanic", "chance": 0.782, "seen_by": {"geochemistry": false, "em": false, "gravity": false}, "water_depth_m": 0}}, {"type": "Feature", "geometry": {"type": "Point", "coordinates": [-34.38854, 84.96192]}, "properties": {"id": "TRE2-VMS-000037A-07", "district_id": "TRE2-VMS-000037A", "belt_id": "TRE2-VMS-B0000", "kind": "vms", "name": "volcanogenic massive sulphide", "tonnage_mt": 5.9923, "grades": {"Cu %": 1.5367, "Zn %": 1.4402, "Pb %": 0.1833, "Ag g/t": 42.3372, "S %": 33.1038}, "depth_m": 1209, "blind": true, "strike_deg": 91, "dip_deg": 33, "length_m": 645, "width_m": 199.0, "shape": "lens", "host": "arc_volcanic", "chance": 0.782, "seen_by": {"geochemistry": false, "em": false, "gravity": false}, "water_depth_m": 0}}, {"type": "Feature", "geometry": {"type": "Point", "coordinates": [-34.23704, 85.00647]}, "properties": {"id": "TRE2-VMS-000037A-08", "district_id": "TRE2-VMS-000037A", "belt_id": "TRE2-VMS-B0000", "kind": "vms", "name": "volcanogenic massive sulphide", "tonnage_mt": 2.2988, "grades": {"Cu %": 1.4923, "Zn %": 2.4765, "Pb %": 0.2063, "Ag g/t": 32.1736, "S %": 47.7868}, "depth_m": 1302, "blind": true, "strike_deg": 97, "dip_deg": 74, "length_m": 302, "width_m": 293.0, "shape": "lens", "host": "arc_volcanic", "chance": 0.782, "seen_by": {"geochemistry": false, "em": false, "gravity": false}, "water_depth_m": 0}}, {"type": "Feature", "geometry": {"type": "Point", "coordinates": [-58.09639, 82.99398]}, "properties": {"id": "TRE2-VMS-000066A-01", "district_id": "TRE2-VMS-000066A", "belt_id": "TRE2-VMS-B0000", "kind": "vms", "name": "volcanogenic massive sulphide", "tonnage_mt": 6.1746, "grades": {"Cu %": 1.183, "Zn %": 2.435, "Pb %": 0.4861, "Ag g/t": 34.7375, "S %": 36.8409}, "depth_m": 1086, "blind": true, "strike_deg": 160, "dip_deg": 67, "length_m": 372, "width_m": 212.2, "shape": "lens", "host": "arc_plutonic", "chance": 0.782, "seen_by": {"geochemistry": false, "em": false, "gravity": false}, "water_depth_m": 0}}, {"type": "Feature", "geometry": {"type": "Point", "coordinates": [-57.70267, 82.97801]}, "properties": {"id": "TRE2-VMS-000066A-02", "district_id": "TRE2-VMS-000066A", "belt_id": "TRE2-VMS-B0000", "kind": "vms", "name": "volcanogenic massive sulphide", "tonnage_mt": 1.5465, "grades": {"Cu %": 0.866, "Zn %": 3.1159, "Pb %": 0.1277, "Ag g/t": 35.975, "S %": 33.5705}, "depth_m": 1187, "blind": true, "strike_deg": 167, "dip_deg": 49, "length_m": 1223, "width_m": 314.5, "shape": "lens", "host": "arc_plutonic", "chance": 0.782, "seen_by": {"geochemistry": false, "em": false, "gravity": false}, "water_depth_m": 0}}, {"type": "Feature", "geometry": {"type": "Point", "coordinates": [-57.29651, 82.94883]}, "properties": {"id": "TRE2-VMS-000066A-03", "district_id": "TRE2-VMS-000066A", "belt_id": "TRE2-VMS-B0000", "kind": "vms", "name": "volcanogenic massive sulphide", "tonnage_mt": 0.1724, "grades": {"Cu %": 2.2204, "Zn %": 1.702, "Pb %": 0.2031, "Ag g/t": 22.4473, "S %": 49.2823}, "depth_m": 1103, "blind": true, "strike_deg": 166, "dip_deg": 34, "length_m": 1045, "width_m": 290.4, "shape": "lens", "host": "arc_plutonic", "chance": 0.782, "seen_by": {"geochemistry": false, "em": false, "gravity": false}, "water_depth_m": 0}}, {"type": "Feature", "geometry": {"type": "Point", "coordinates": [-57.30156, 83.11946]}, "properties": {"id": "TRE2-VMS-000066A-04", "district_id": "TRE2-VMS-000066A", "belt_id": "TRE2-VMS-B0000", "kind": "vms", "name": "volcanogenic massive sulphide", "tonnage_mt": 0.6657, "grades": {"Cu %": 1.033, "Zn %": 1.7037, "Pb %": 0.2607, "Ag g/t": 65.8997, "S %": 26.7272}, "depth_m": 1182, "blind": true, "strike_deg": 158, "dip_deg": 36, "length_m": 437, "width_m": 284.3, "shape": "lens", "host": "arc_plutonic", "chance": 0.782, "seen_by": {"geochemistry": false, "em": false, "gravity": false}, "water_depth_m": 0}}, {"type": "Feature", "geometry": {"type": "Point", "coordinates": [-57.6358, 82.98094]}, "properties": {"id": "TRE2-VMS-000066A-05", "district_id": "TRE2-VMS-000066A", "belt_id": "TRE2-VMS-B0000", "kind": "vms", "name": "volcanogenic massive sulphide", "tonnage_mt": 8.5293, "grades": {"Cu %": 1.3585, "Zn %": 3.3782, "Pb %": 0.3137, "Ag g/t": 25.3143, "S %": 37.1817}, "depth_m": 1200, "blind": true, "strike_deg": 166, "dip_deg": 76, "length_m": 339, "width_m": 194.3, "shape": "lens", "host": "arc_plutonic", "chance": 0.782, "seen_by": {"geochemistry": false, "em": false, "gravity": false}, "water_depth_m": 0}}, {"type": "Feature", "geometry": {"type": "Point", "coordinates": [-58.5028, 83.10463]}, "properties": {"id": "TRE2-VMS-000066A-06", "district_id": "TRE2-VMS-000066A", "belt_id": "TRE2-VMS-B0000", "kind": "vms", "name": "volcanogenic massive sulphide", "tonnage_mt": 1.5087, "grades": {"Cu %": 0.8801, "Zn %": 2.3464, "Pb %": 0.4403, "Ag g/t": 21.9528, "S %": 44.1778}, "depth_m": 1238, "blind": true, "strike_deg": 147, "dip_deg": 31, "length_m": 525, "width_m": 274.4, "shape": "lens", "host": "arc_plutonic", "chance": 0.782, "seen_by": {"geochemistry": false, "em": false, "gravity": false}, "water_depth_m": 0}}, {"type": "Feature", "geometry": {"type": "Point", "coordinates": [-50.45266, 83.35308]}, "properties": {"id": "TRE2-VMS-000066B-01", "district_id": "TRE2-VMS-000066B", "belt_id": "TRE2-VMS-B0000", "kind": "vms", "name": "volcanogenic massive sulphide", "tonnage_mt": 3.0825, "grades": {"Cu %": 0.9136, "Zn %": 2.1701, "Pb %": 0.5325, "Ag g/t": 41.4352, "S %": 40.0623}, "depth_m": 1134, "blind": true, "strike_deg": 6, "dip_deg": 33, "length_m": 377, "width_m": 164.5, "shape": "lens", "host": "arc_plutonic", "chance": 0.782, "seen_by": {"geochemistry": false, "em": false, "gravity": false}, "water_depth_m": 0}}, {"type": "Feature", "geometry": {"type": "Point", "coordinates": [-49.35697, 83.24846]}, "properties": {"id": "TRE2-VMS-000066B-02", "district_id": "TRE2-VMS-000066B", "belt_id": "TRE2-VMS-B0000", "kind": "vms", "name": "volcanogenic massive sulphide", "tonnage_mt": 6.5216, "grades": {"Cu %": 1.3841, "Zn %": 2.5988, "Pb %": 0.3261, "Ag g/t": 21.4815, "S %": 23.0419}, "depth_m": 1136, "blind": true, "strike_deg": 179, "dip_deg": 65, "length_m": 793, "width_m": 208.6, "shape": "lens", "host": "arc_plutonic", "chance": 0.782, "seen_by": {"geochemistry": false, "em": false, "gravity": false}, "water_depth_m": 0}}, {"type": "Feature", "geometry": {"type": "Point", "coordinates": [-50.22366, 83.26721]}, "properties": {"id": "TRE2-VMS-000066B-03", "district_id": "TRE2-VMS-000066B", "belt_id": "TRE2-VMS-B0000", "kind": "vms", "name": "volcanogenic massive sulphide", "tonnage_mt": 1.2526, "grades": {"Cu %": 1.2729, "Zn %": 3.4772, "Pb %": 0.2639, "Ag g/t": 28.3293, "S %": 18.5252}, "depth_m": 1228, "blind": true, "strike_deg": 162, "dip_deg": 68, "length_m": 528, "width_m": 162.5, "shape": "lens", "host": "arc_plutonic", "chance": 0.782, "seen_by": {"geochemistry": false, "em": false, "gravity": false}, "water_depth_m": 0}}, {"type": "Feature", "geometry": {"type": "Point", "coordinates": [-50.2769, 83.23247]}, "properties": {"id": "TRE2-VMS-000066B-04", "district_id": "TRE2-VMS-000066B", "belt_id": "TRE2-VMS-B0000", "kind": "vms", "name": "volcanogenic massive sulphide", "tonnage_mt": 12.5968, "grades": {"Cu %": 1.0722, "Zn %": 1.8387, "Pb %": 0.2082, "Ag g/t": 29.4697, "S %": 39.7658}, "depth_m": 1145, "blind": true, "strike_deg": 169, "dip_deg": 44, "length_m": 468, "width_m": 140.7, "shape": "lens", "host": "arc_plutonic", "chance": 0.782, "seen_by": {"geochemistry": false, "em": false, "gravity": false}, "water_depth_m": 0}}, {"type": "Feature", "geometry": {"type": "Point", "coordinates": [-50.2617, 83.17874]}, "properties": {"id": "TRE2-VMS-000066B-05", "district_id": "TRE2-VMS-000066B", "belt_id": "TRE2-VMS-B0000", "kind": "vms", "name": "volcanogenic massive sulphide", "tonnage_mt": 3.8798, "grades": {"Cu %": 0.8445, "Zn %": 2.4497, "Pb %": 0.3511, "Ag g/t": 22.4689, "S %": 27.5409}, "depth_m": 1294, "blind": true, "strike_deg": 158, "dip_deg": 38, "length_m": 612, "width_m": 208.0, "shape": "lens", "host": "arc_plutonic", "chance": 0.782, "seen_by": {"geochemistry": false, "em": false, "gravity": false}, "water_depth_m": 0}}, {"type": "Feature", "geometry": {"type": "Point", "coordinates": [-120.91876, 59.79477]}, "properties": {"id": "TRE2-VMS-001331A-01", "district_id": "TRE2-VMS-001331A", "belt_id": "TRE2-VMS-B0002", "kind": "vms", "name": "volcanogenic massive sulphide", "tonnage_mt": 0.6345, "grades": {"Cu %": 1.4725, "Zn %": 3.2513, "Pb %": 0.251, "Ag g/t": 43.1043, "S %": 33.8749}, "depth_m": 0, "blind": false, "strike_deg": 87, "dip_deg": 48, "length_m": 552, "width_m": 365.3, "shape": "lens", "host": "arc_plutonic", "chance": 0.737, "seen_by": {"geochemistry": true, "em": true, "gravity": true}, "water_depth_m": 0}}, {"type": "Feature", "geometry": {"type": "Point", "coordinates": [-120.7818, 59.67472]}, "properties": {"id": "TRE2-VMS-001331A-02", "district_id": "TRE2-VMS-001331A", "belt_id": "TRE2-VMS-B0002", "kind": "vms", "name": "volcanogenic massive sulphide", "tonnage_mt": 2.9258, "grades": {"Cu %": 2.056, "Zn %": 1.7431, "Pb %": 0.2856, "Ag g/t": 28.3995, "S %": 28.7264}, "depth_m": 238, "blind": false, "strike_deg": 94, "dip_deg": 58, "length_m": 790, "width_m": 210.1, "shape": "lens", "host": "arc_plutonic", "chance": 0.737, "seen_by": {"geochemistry": false, "em": true, "gravity": true}, "water_depth_m": 0}}, {"type": "Feature", "geometry": {"type": "Point", "coordinates": [-120.79749, 59.71243]}, "properties": {"id": "TRE2-VMS-001331A-03", "district_id": "TRE2-VMS-001331A", "belt_id": "TRE2-VMS-B0002", "kind": "vms", "name": "volcanogenic massive sulphide", "tonnage_mt": 7.6575, "grades": {"Cu %": 1.659, "Zn %": 2.0247, "Pb %": 0.2676, "Ag g/t": 25.5707, "S %": 53.6193}, "depth_m": 0, "blind": false, "strike_deg": 82, "dip_deg": 38, "length_m": 354, "width_m": 498.6, "shape": "lens", "host": "arc_plutonic", "chance": 0.737, "seen_by": {"geochemistry": true, "em": true, "gravity": true}, "water_depth_m": 0}}, {"type": "Feature", "geometry": {"type": "Point", "coordinates": [-120.90873, 59.69477]}, "properties": {"id": "TRE2-VMS-001331A-04", "district_id": "TRE2-VMS-001331A", "belt_id": "TRE2-VMS-B0002", "kind": "vms", "name": "volcanogenic massive sulphide", "tonnage_mt": 31.7671, "grades": {"Cu %": 1.8667, "Zn %": 2.8185, "Pb %": 0.4199, "Ag g/t": 42.9307, "S %": 26.1717}, "depth_m": 183, "blind": false, "strike_deg": 88, "dip_deg": 60, "length_m": 619, "width_m": 114.2, "shape": "lens", "host": "arc_plutonic", "chance": 0.737, "seen_by": {"geochemistry": false, "em": true, "gravity": true}, "water_depth_m": 0}}, {"type": "Feature", "geometry": {"type": "Point", "coordinates": [-120.90796, 59.75309]}, "properties": {"id": "TRE2-VMS-001331A-05", "district_id": "TRE2-VMS-001331A", "belt_id": "TRE2-VMS-B0002", "kind": "vms", "name": "volcanogenic massive sulphide", "tonnage_mt": 13.4122, "grades": {"Cu %": 1.1575, "Zn %": 2.1653, "Pb %": 0.3812, "Ag g/t": 51.7388, "S %": 25.9458}, "depth_m": 34, "blind": false, "strike_deg": 98, "dip_deg": 51, "length_m": 1023, "width_m": 225.8, "shape": "lens", "host": "arc_plutonic", "chance": 0.737, "seen_by": {"geochemistry": true, "em": true, "gravity": true}, "water_depth_m": 0}}, {"type": "Feature", "geometry": {"type": "Point", "coordinates": [-120.72851, 59.74991]}, "properties": {"id": "TRE2-VMS-001331A-06", "district_id": "TRE2-VMS-001331A", "belt_id": "TRE2-VMS-B0002", "kind": "vms", "name": "volcanogenic massive sulphide", "tonnage_mt": 8.222, "grades": {"Cu %": 1.3214, "Zn %": 1.6386, "Pb %": 0.1508, "Ag g/t": 50.7939, "S %": 20.1747}, "depth_m": 168, "blind": false, "strike_deg": 85, "dip_deg": 69, "length_m": 572, "width_m": 274.8, "shape": "lens", "host": "arc_plutonic", "chance": 0.737, "seen_by": {"geochemistry": false, "em": true, "gravity": true}, "water_depth_m": 0}}, {"type": "Feature", "geometry": {"type": "Point", "coordinates": [-120.61386, 59.79384]}, "properties": {"id": "TRE2-VMS-001331A-07", "district_id": "TRE2-VMS-001331A", "belt_id": "TRE2-VMS-B0002", "kind": "vms", "name": "volcanogenic massive sulphide", "tonnage_mt": 0.0555, "grades": {"Cu %": 1.4058, "Zn %": 3.8166, "Pb %": 0.413, "Ag g/t": 37.2064, "S %": 36.9916}, "depth_m": 120, "blind": false, "strike_deg": 72, "dip_deg": 69, "length_m": 581, "width_m": 153.7, "shape": "lens", "host": "arc_plutonic", "chance": 0.737, "seen_by": {"geochemistry": false, "em": true, "gravity": true}, "water_depth_m": 0}}, {"type": "Feature", "geometry": {"type": "Point", "coordinates": [-120.97922, 60.69769]}, "properties": {"id": "TRE2-VMS-001331B-01", "district_id": "TRE2-VMS-001331B", "belt_id": "TRE2-VMS-B0002", "kind": "vms", "name": "volcanogenic massive sulphide", "tonnage_mt": 1.1096, "grades": {"Cu %": 1.3476, "Zn %": 2.5131, "Pb %": 0.359, "Ag g/t": 43.6779, "S %": 19.0013}, "depth_m": 142, "blind": false, "strike_deg": 91, "dip_deg": 51, "length_m": 407, "width_m": 300.0, "shape": "lens", "host": "arc_plutonic", "chance": 0.737, "seen_by": {"geochemistry": false, "em": true, "gravity": true}, "water_depth_m": 0}}, {"type": "Feature", "geometry": {"type": "Point", "coordinates": [-120.62452, 60.74769]}, "properties": {"id": "TRE2-VMS-001331B-02", "district_id": "TRE2-VMS-001331B", "belt_id": "TRE2-VMS-B0002", "kind": "vms", "name": "volcanogenic massive sulphide", "tonnage_mt": 0.2864, "grades": {"Cu %": 1.3559, "Zn %": 2.1647, "Pb %": 0.0841, "Ag g/t": 62.3516, "S %": 34.2437}, "depth_m": 46, "blind": false, "strike_deg": 90, "dip_deg": 56, "length_m": 490, "width_m": 190.9, "shape": "lens", "host": "arc_plutonic", "chance": 0.737, "seen_by": {"geochemistry": true, "em": true, "gravity": true}, "water_depth_m": 0}}, {"type": "Feature", "geometry": {"type": "Point", "coordinates": [-120.79511, 60.72375]}, "properties": {"id": "TRE2-VMS-001331B-03", "district_id": "TRE2-VMS-001331B", "belt_id": "TRE2-VMS-B0002", "kind": "vms", "name": "volcanogenic massive sulphide", "tonnage_mt": 0.4533, "grades": {"Cu %": 1.3237, "Zn %": 1.4616, "Pb %": 0.318, "Ag g/t": 23.6283, "S %": 31.7651}, "depth_m": 4, "blind": false, "strike_deg": 80, "dip_deg": 50, "length_m": 243, "width_m": 380.5, "shape": "lens", "host": "arc_plutonic", "chance": 0.737, "seen_by": {"geochemistry": true, "em": true, "gravity": true}, "water_depth_m": 0}}, {"type": "Feature", "geometry": {"type": "Point", "coordinates": [-120.76501, 60.63867]}, "properties": {"id": "TRE2-VMS-001331B-04", "district_id": "TRE2-VMS-001331B", "belt_id": "TRE2-VMS-B0002", "kind": "vms", "name": "volcanogenic massive sulphide", "tonnage_mt": 2.0758, "grades": {"Cu %": 0.9074, "Zn %": 1.7102, "Pb %": 0.2222, "Ag g/t": 15.7536, "S %": 30.9742}, "depth_m": 37, "blind": false, "strike_deg": 78, "dip_deg": 50, "length_m": 534, "width_m": 286.8, "shape": "lens", "host": "arc_plutonic", "chance": 0.737, "seen_by": {"geochemistry": true, "em": true, "gravity": true}, "water_depth_m": 0}}, {"type": "Feature", "geometry": {"type": "Point", "coordinates": [-120.72706, 60.76622]}, "properties": {"id": "TRE2-VMS-001331B-05", "district_id": "TRE2-VMS-001331B", "belt_id": "TRE2-VMS-B0002", "kind": "vms", "name": "volcanogenic massive sulphide", "tonnage_mt": 0.3356, "grades": {"Cu %": 0.6818, "Zn %": 1.3759, "Pb %": 0.2651, "Ag g/t": 27.3537, "S %": 43.4228}, "depth_m": 78, "blind": false, "strike_deg": 85, "dip_deg": 64, "length_m": 562, "width_m": 341.4, "shape": "lens", "host": "arc_plutonic", "chance": 0.737, "seen_by": {"geochemistry": false, "em": true, "gravity": true}, "water_depth_m": 0}}, {"type": "Feature", "geometry": {"type": "Point", "coordinates": [-121.12959, 60.69225]}, "properties": {"id": "TRE2-VMS-001331B-06", "district_id": "TRE2-VMS-001331B", "belt_id": "TRE2-VMS-B0002", "kind": "vms", "name": "volcanogenic massive sulphide", "tonnage_mt": 0.5823, "grades": {"Cu %": 1.1517, "Zn %": 2.3001, "Pb %": 0.6236, "Ag g/t": 36.5497, "S %": 43.3652}, "depth_m": 105, "blind": false, "strike_deg": 91, "dip_deg": 44, "length_m": 1023, "width_m": 143.1, "shape": "lens", "host": "arc_plutonic", "chance": 0.737, "seen_by": {"geochemistry": false, "em": true, "gravity": true}, "water_depth_m": 0}}, {"type": "Feature", "geometry": {"type": "Point", "coordinates": [-121.13238, 60.66242]}, "properties": {"id": "TRE2-VMS-001331B-07", "district_id": "TRE2-VMS-001331B", "belt_id": "TRE2-VMS-B0002", "kind": "vms", "name": "volcanogenic massive sulphide", "tonnage_mt": 0.1856, "grades": {"Cu %": 0.7386, "Zn %": 1.1127, "Pb %": 0.4464, "Ag g/t": 42.3388, "S %": 33.4913}, "depth_m": 324, "blind": true, "strike_deg": 88, "dip_deg": 76, "length_m": 799, "width_m": 354.0, "shape": "lens", "host": "arc_plutonic", "chance": 0.737, "seen_by": {"geochemistry": false, "em": false, "gravity": true}, "water_depth_m": 0}}, {"type": "Feature", "geometry": {"type": "Point", "coordinates": [-121.03473, 60.76282]}, "properties": {"id": "TRE2-VMS-001331B-08", "district_id": "TRE2-VMS-001331B", "belt_id": "TRE2-VMS-B0002", "kind": "vms", "name": "volcanogenic massive sulphide", "tonnage_mt": 0.7418, "grades": {"Cu %": 2.1123, "Zn %": 1.9593, "Pb %": 0.1657, "Ag g/t": 23.5701, "S %": 22.1499}, "depth_m": 314, "blind": true, "strike_deg": 83, "dip_deg": 57, "length_m": 414, "width_m": 171.1, "shape": "lens", "host": "arc_plutonic", "chance": 0.737, "seen_by": {"geochemistry": false, "em": false, "gravity": true}, "water_depth_m": 0}}, {"type": "Feature", "geometry": {"type": "Point", "coordinates": [-37.12649, 48.75972]}, "properties": {"id": "TRE2-VMS-002464A-01", "district_id": "TRE2-VMS-002464A", "belt_id": "TRE2-VMS-B0003", "kind": "vms", "name": "volcanogenic massive sulphide", "tonnage_mt": 3.3102, "grades": {"Cu %": 1.2665, "Zn %": 2.8036, "Pb %": 0.7719, "Ag g/t": 58.6475, "S %": 37.4816}, "depth_m": 940, "blind": true, "strike_deg": 138, "dip_deg": 72, "length_m": 832, "width_m": 246.0, "shape": "lens", "host": "arc_volcanic", "chance": 0.724, "seen_by": {"geochemistry": false, "em": false, "gravity": false}, "water_depth_m": 0}}, {"type": "Feature", "geometry": {"type": "Point", "coordinates": [-37.18707, 48.73086]}, "properties": {"id": "TRE2-VMS-002464A-02", "district_id": "TRE2-VMS-002464A", "belt_id": "TRE2-VMS-B0003", "kind": "vms", "name": "volcanogenic massive sulphide", "tonnage_mt": 0.2284, "grades": {"Cu %": 0.7968, "Zn %": 2.2741, "Pb %": 0.1812, "Ag g/t": 28.5327, "S %": 48.6582}, "depth_m": 1372, "blind": true, "strike_deg": 130, "dip_deg": 55, "length_m": 675, "width_m": 191.6, "shape": "lens", "host": "arc_volcanic", "chance": 0.724, "seen_by": {"geochemistry": false, "em": false, "gravity": false}, "water_depth_m": 0}}, {"type": "Feature", "geometry": {"type": "Point", "coordinates": [-36.96242, 48.64627]}, "properties": {"id": "TRE2-VMS-002464A-03", "district_id": "TRE2-VMS-002464A", "belt_id": "TRE2-VMS-B0003", "kind": "vms", "name": "volcanogenic massive sulphide", "tonnage_mt": 8.9866, "grades": {"Cu %": 0.6742, "Zn %": 1.3006, "Pb %": 0.3177, "Ag g/t": 34.7431, "S %": 20.1622}, "depth_m": 953, "blind": true, "strike_deg": 153, "dip_deg": 37, "length_m": 264, "width_m": 109.0, "shape": "lens", "host": "arc_volcanic", "chance": 0.724, "seen_by": {"geochemistry": false, "em": false, "gravity": false}, "water_depth_m": 0}}, {"type": "Feature", "geometry": {"type": "Point", "coordinates": [-37.04946, 48.68007]}, "properties": {"id": "TRE2-VMS-002464A-04", "district_id": "TRE2-VMS-002464A", "belt_id": "TRE2-VMS-B0003", "kind": "vms", "name": "volcanogenic massive sulphide", "tonnage_mt": 0.0509, "grades": {"Cu %": 1.2929, "Zn %": 2.1303, "Pb %": 0.4024, "Ag g/t": 32.3178, "S %": 23.0951}, "depth_m": 854, "blind": true, "strike_deg": 148, "dip_deg": 73, "length_m": 558, "width_m": 341.5, "shape": "lens", "host": "arc_volcanic", "chance": 0.724, "seen_by": {"geochemistry": false, "em": false, "gravity": false}, "water_depth_m": 0}}, {"type": "Feature", "geometry": {"type": "Point", "coordinates": [-36.91184, 48.60707]}, "properties": {"id": "TRE2-VMS-002464A-05", "district_id": "TRE2-VMS-002464A", "belt_id": "TRE2-VMS-B0003", "kind": "vms", "name": "volcanogenic massive sulphide", "tonnage_mt": 1.2062, "grades": {"Cu %": 1.8894, "Zn %": 2.2227, "Pb %": 0.1501, "Ag g/t": 28.2511, "S %": 30.1156}, "depth_m": 1017, "blind": true, "strike_deg": 143, "dip_deg": 39, "length_m": 413, "width_m": 183.4, "shape": "lens", "host": "arc_volcanic", "chance": 0.724, "seen_by": {"geochemistry": false, "em": false, "gravity": false}, "water_depth_m": 0}}, {"type": "Feature", "geometry": {"type": "Point", "coordinates": [-37.07973, 48.72801]}, "properties": {"id": "TRE2-VMS-002464A-06", "district_id": "TRE2-VMS-002464A", "belt_id": "TRE2-VMS-B0003", "kind": "vms", "name": "volcanogenic massive sulphide", "tonnage_mt": 0.7835, "grades": {"Cu %": 0.8949, "Zn %": 1.608, "Pb %": 0.5578, "Ag g/t": 52.4157, "S %": 16.6182}, "depth_m": 1148, "blind": true, "strike_deg": 130, "dip_deg": 79, "length_m": 907, "width_m": 473.4, "shape": "lens", "host": "arc_volcanic", "chance": 0.724, "seen_by": {"geochemistry": false, "em": false, "gravity": false}, "water_depth_m": 0}}, {"type": "Feature", "geometry": {"type": "Point", "coordinates": [-37.10046, 48.74548]}, "properties": {"id": "TRE2-VMS-002464A-07", "district_id": "TRE2-VMS-002464A", "belt_id": "TRE2-VMS-B0003", "kind": "vms", "name": "volcanogenic massive sulphide", "tonnage_mt": 0.8633, "grades": {"Cu %": 1.7815, "Zn %": 3.6002, "Pb %": 0.3082, "Ag g/t": 34.4224, "S %": 50.8204}, "depth_m": 1047, "blind": true, "strike_deg": 140, "dip_deg": 34, "length_m": 823, "width_m": 322.7, "shape": "lens", "host": "arc_volcanic", "chance": 0.724, "seen_by": {"geochemistry": false, "em": false, "gravity": false}, "water_depth_m": 0}}, {"type": "Feature", "geometry": {"type": "Point", "coordinates": [-36.90426, 48.68967]}, "properties": {"id": "TRE2-VMS-002464A-08", "district_id": "TRE2-VMS-002464A", "belt_id": "TRE2-VMS-B0003", "kind": "vms", "name": "volcanogenic massive sulphide", "tonnage_mt": 5.3644, "grades": {"Cu %": 1.636, "Zn %": 2.15, "Pb %": 0.3079, "Ag g/t": 35.4884, "S %": 57.5753}, "depth_m": 955, "blind": true, "strike_deg": 129, "dip_deg": 31, "length_m": 323, "width_m": 289.9, "shape": "lens", "host": "arc_volcanic", "chance": 0.724, "seen_by": {"geochemistry": false, "em": false, "gravity": false}, "water_depth_m": 0}}, {"type": "Feature", "geometry": {"type": "Point", "coordinates": [-37.01716, 48.75382]}, "properties": {"id": "TRE2-VMS-002464A-09", "district_id": "TRE2-VMS-002464A", "belt_id": "TRE2-VMS-B0003", "kind": "vms", "name": "volcanogenic massive sulphide", "tonnage_mt": 9.7184, "grades": {"Cu %": 0.8596, "Zn %": 2.7074, "Pb %": 0.2549, "Ag g/t": 13.3275, "S %": 50.6276}, "depth_m": 1140, "blind": true, "strike_deg": 137, "dip_deg": 64, "length_m": 545, "width_m": 227.9, "shape": "lens", "host": "arc_volcanic", "chance": 0.724, "seen_by": {"geochemistry": false, "em": false, "gravity": false}, "water_depth_m": 0}}, {"type": "Feature", "geometry": {"type": "Point", "coordinates": [42.10108, 25.34542]}, "properties": {"id": "TRE2-VMS-005770A-01", "district_id": "TRE2-VMS-005770A", "belt_id": "TRE2-VMS-B0005", "kind": "vms", "name": "volcanogenic massive sulphide", "tonnage_mt": 1.0177, "grades": {"Cu %": 1.8579, "Zn %": 1.4033, "Pb %": 0.3169, "Ag g/t": 16.9062, "S %": 22.7767}, "depth_m": 1879, "blind": true, "strike_deg": 112, "dip_deg": 80, "length_m": 928, "width_m": 229.6, "shape": "lens", "host": "carbonate", "chance": 0.746, "seen_by": {"geochemistry": false, "em": false, "gravity": false}, "water_depth_m": 0}}, {"type": "Feature", "geometry": {"type": "Point", "coordinates": [41.90546, 25.29417]}, "properties": {"id": "TRE2-VMS-005770A-02", "district_id": "TRE2-VMS-005770A", "belt_id": "TRE2-VMS-B0005", "kind": "vms", "name": "volcanogenic massive sulphide", "tonnage_mt": 19.7178, "grades": {"Cu %": 1.7512, "Zn %": 1.6378, "Pb %": 0.1654, "Ag g/t": 21.6527, "S %": 23.7025}, "depth_m": 1872, "blind": true, "strike_deg": 81, "dip_deg": 57, "length_m": 517, "width_m": 286.5, "shape": "lens", "host": "carbonate", "chance": 0.746, "seen_by": {"geochemistry": false, "em": false, "gravity": false}, "water_depth_m": 0}}, {"type": "Feature", "geometry": {"type": "Point", "coordinates": [41.94533, 25.39221]}, "properties": {"id": "TRE2-VMS-005770A-03", "district_id": "TRE2-VMS-005770A", "belt_id": "TRE2-VMS-B0005", "kind": "vms", "name": "volcanogenic massive sulphide", "tonnage_mt": 1.4166, "grades": {"Cu %": 0.8542, "Zn %": 1.6312, "Pb %": 0.2504, "Ag g/t": 24.8395, "S %": 52.1098}, "depth_m": 1774, "blind": true, "strike_deg": 93, "dip_deg": 44, "length_m": 281, "width_m": 226.8, "shape": "lens", "host": "carbonate", "chance": 0.746, "seen_by": {"geochemistry": false, "em": false, "gravity": false}, "water_depth_m": 0}}, {"type": "Feature", "geometry": {"type": "Point", "coordinates": [42.03817, 25.38282]}, "properties": {"id": "TRE2-VMS-005770A-04", "district_id": "TRE2-VMS-005770A", "belt_id": "TRE2-VMS-B0005", "kind": "vms", "name": "volcanogenic massive sulphide", "tonnage_mt": 0.798, "grades": {"Cu %": 1.6955, "Zn %": 0.8524, "Pb %": 0.269, "Ag g/t": 32.7255, "S %": 46.932}, "depth_m": 2024, "blind": true, "strike_deg": 103, "dip_deg": 36, "length_m": 868, "width_m": 256.0, "shape": "lens", "host": "carbonate", "chance": 0.746, "seen_by": {"geochemistry": false, "em": false, "gravity": false}, "water_depth_m": 0}}, {"type": "Feature", "geometry": {"type": "Point", "coordinates": [43.50492, 23.19092]}, "properties": {"id": "TRE2-VMS-006092A-01", "district_id": "TRE2-VMS-006092A", "belt_id": "TRE2-VMS-B0006", "kind": "vms", "name": "volcanogenic massive sulphide", "tonnage_mt": 0.2337, "grades": {"Cu %": 1.1947, "Zn %": 2.5767, "Pb %": 0.4279, "Ag g/t": 36.6718, "S %": 31.9025}, "depth_m": 1209, "blind": true, "strike_deg": 149, "dip_deg": 32, "length_m": 936, "width_m": 254.4, "shape": "lens", "host": "arc_volcanic", "chance": 0.78, "seen_by": {"geochemistry": false, "em": false, "gravity": false}, "water_depth_m": 0}}, {"type": "Feature", "geometry": {"type": "Point", "coordinates": [43.42383, 23.27365]}, "properties": {"id": "TRE2-VMS-006092A-02", "district_id": "TRE2-VMS-006092A", "belt_id": "TRE2-VMS-B0006", "kind": "vms", "name": "volcanogenic massive sulphide", "tonnage_mt": 0.4887, "grades": {"Cu %": 1.0272, "Zn %": 1.7269, "Pb %": 0.3779, "Ag g/t": 37.3139, "S %": 23.5919}, "depth_m": 1665, "blind": true, "strike_deg": 125, "dip_deg": 51, "length_m": 689, "width_m": 317.3, "shape": "lens", "host": "arc_volcanic", "chance": 0.78, "seen_by": {"geochemistry": false, "em": false, "gravity": false}, "water_depth_m": 0}}, {"type": "Feature", "geometry": {"type": "Point", "coordinates": [43.49671, 23.09982]}, "properties": {"id": "TRE2-VMS-006092A-03", "district_id": "TRE2-VMS-006092A", "belt_id": "TRE2-VMS-B0006", "kind": "vms", "name": "volcanogenic massive sulphide", "tonnage_mt": 45.6461, "grades": {"Cu %": 0.6718, "Zn %": 2.8814, "Pb %": 0.2554, "Ag g/t": 23.6671, "S %": 32.3841}, "depth_m": 1174, "blind": true, "strike_deg": 113, "dip_deg": 42, "length_m": 593, "width_m": 169.6, "shape": "lens", "host": "arc_volcanic", "chance": 0.78, "seen_by": {"geochemistry": false, "em": false, "gravity": false}, "water_depth_m": 0}}, {"type": "Feature", "geometry": {"type": "Point", "coordinates": [43.47748, 23.12428]}, "properties": {"id": "TRE2-VMS-006092A-04", "district_id": "TRE2-VMS-006092A", "belt_id": "TRE2-VMS-B0006", "kind": "vms", "name": "volcanogenic massive sulphide", "tonnage_mt": 2.8129, "grades": {"Cu %": 1.3107, "Zn %": 3.1485, "Pb %": 0.2429, "Ag g/t": 19.0138, "S %": 46.5807}, "depth_m": 1572, "blind": true, "strike_deg": 131, "dip_deg": 33, "length_m": 621, "width_m": 160.7, "shape": "lens", "host": "arc_volcanic", "chance": 0.78, "seen_by": {"geochemistry": false, "em": false, "gravity": false}, "water_depth_m": 0}}, {"type": "Feature", "geometry": {"type": "Point", "coordinates": [43.40787, 23.23961]}, "properties": {"id": "TRE2-VMS-006092A-05", "district_id": "TRE2-VMS-006092A", "belt_id": "TRE2-VMS-B0006", "kind": "vms", "name": "volcanogenic massive sulphide", "tonnage_mt": 1.8807, "grades": {"Cu %": 0.644, "Zn %": 1.7536, "Pb %": 0.2176, "Ag g/t": 23.6615, "S %": 31.9211}, "depth_m": 1332, "blind": true, "strike_deg": 141, "dip_deg": 61, "length_m": 504, "width_m": 264.3, "shape": "lens", "host": "arc_volcanic", "chance": 0.78, "seen_by": {"geochemistry": false, "em": false, "gravity": false}, "water_depth_m": 0}}, {"type": "Feature", "geometry": {"type": "Point", "coordinates": [43.51062, 23.20735]}, "properties": {"id": "TRE2-VMS-006092A-06", "district_id": "TRE2-VMS-006092A", "belt_id": "TRE2-VMS-B0006", "kind": "vms", "name": "volcanogenic massive sulphide", "tonnage_mt": 0.1919, "grades": {"Cu %": 1.226, "Zn %": 1.4881, "Pb %": 0.7696, "Ag g/t": 33.7567, "S %": 20.7869}, "depth_m": 1681, "blind": true, "strike_deg": 155, "dip_deg": 37, "length_m": 693, "width_m": 106.3, "shape": "lens", "host": "arc_volcanic", "chance": 0.78, "seen_by": {"geochemistry": false, "em": false, "gravity": false}, "water_depth_m": 0}}, {"type": "Feature", "geometry": {"type": "Point", "coordinates": [43.49604, 23.22725]}, "properties": {"id": "TRE2-VMS-006092A-07", "district_id": "TRE2-VMS-006092A", "belt_id": "TRE2-VMS-B0006", "kind": "vms", "name": "volcanogenic massive sulphide", "tonnage_mt": 3.798, "grades": {"Cu %": 1.4566, "Zn %": 2.1618, "Pb %": 0.3543, "Ag g/t": 35.6004, "S %": 36.8967}, "depth_m": 1474, "blind": true, "strike_deg": 127, "dip_deg": 45, "length_m": 529, "width_m": 186.2, "shape": "lens", "host": "arc_volcanic", "chance": 0.78, "seen_by": {"geochemistry": false, "em": false, "gravity": false}, "water_depth_m": 0}}, {"type": "Feature", "geometry": {"type": "Point", "coordinates": [43.36904, 23.30354]}, "properties": {"id": "TRE2-VMS-006092A-08", "district_id": "TRE2-VMS-006092A", "belt_id": "TRE2-VMS-B0006", "kind": "vms", "name": "volcanogenic massive sulphide", "tonnage_mt": 2.0894, "grades": {"Cu %": 1.3185, "Zn %": 2.6071, "Pb %": 0.5017, "Ag g/t": 16.2099, "S %": 35.5923}, "depth_m": 1519, "blind": true, "strike_deg": 140, "dip_deg": 80, "length_m": 290, "width_m": 132.3, "shape": "lens", "host": "arc_volcanic", "chance": 0.78, "seen_by": {"geochemistry": false, "em": false, "gravity": false}, "water_depth_m": 0}}, {"type": "Feature", "geometry": {"type": "Point", "coordinates": [43.38348, 23.23931]}, "properties": {"id": "TRE2-VMS-006092A-09", "district_id": "TRE2-VMS-006092A", "belt_id": "TRE2-VMS-B0006", "kind": "vms", "name": "volcanogenic massive sulphide", "tonnage_mt": 0.7187, "grades": {"Cu %": 1.3171, "Zn %": 2.0733, "Pb %": 0.4176, "Ag g/t": 18.5042, "S %": 34.0525}, "depth_m": 1266, "blind": true, "strike_deg": 142, "dip_deg": 55, "length_m": 446, "width_m": 196.8, "shape": "lens", "host": "arc_volcanic", "chance": 0.78, "seen_by": {"geochemistry": false, "em": false, "gravity": false}, "water_depth_m": 0}}, {"type": "Feature", "geometry": {"type": "Point", "coordinates": [-16.98067, 22.21351]}, "properties": {"id": "TRE2-VMS-006260A-01", "district_id": "TRE2-VMS-006260A", "belt_id": "TRE2-VMS-B0008", "kind": "vms", "name": "volcanogenic massive sulphide", "tonnage_mt": 0.7805, "grades": {"Cu %": 1.4478, "Zn %": 1.9531, "Pb %": 0.3649, "Ag g/t": 29.9715, "S %": 33.4192}, "depth_m": 1758, "blind": true, "strike_deg": 148, "dip_deg": 35, "length_m": 493, "width_m": 158.5, "shape": "lens", "host": "carbonate", "chance": 0.769, "seen_by": {"geochemistry": false, "em": false, "gravity": false}, "water_depth_m": 0}}, {"type": "Feature", "geometry": {"type": "Point", "coordinates": [-16.96673, 22.30142]}, "properties": {"id": "TRE2-VMS-006260A-02", "district_id": "TRE2-VMS-006260A", "belt_id": "TRE2-VMS-B0008", "kind": "vms", "name": "volcanogenic massive sulphide", "tonnage_mt": 1.7555, "grades": {"Cu %": 1.4764, "Zn %": 3.3507, "Pb %": 0.3139, "Ag g/t": 60.5804, "S %": 41.8329}, "depth_m": 1606, "blind": true, "strike_deg": 6, "dip_deg": 41, "length_m": 589, "width_m": 181.2, "shape": "lens", "host": "carbonate", "chance": 0.769, "seen_by": {"geochemistry": false, "em": false, "gravity": false}, "water_depth_m": 0}}, {"type": "Feature", "geometry": {"type": "Point", "coordinates": [-16.89874, 22.13975]}, "properties": {"id": "TRE2-VMS-006260A-03", "district_id": "TRE2-VMS-006260A", "belt_id": "TRE2-VMS-B0008", "kind": "vms", "name": "volcanogenic massive sulphide", "tonnage_mt": 17.3561, "grades": {"Cu %": 1.839, "Zn %": 1.6856, "Pb %": 0.3947, "Ag g/t": 30.7173, "S %": 30.6498}, "depth_m": 1632, "blind": true, "strike_deg": 171, "dip_deg": 33, "length_m": 633, "width_m": 107.6, "shape": "lens", "host": "carbonate", "chance": 0.769, "seen_by": {"geochemistry": false, "em": false, "gravity": false}, "water_depth_m": 0}}, {"type": "Feature", "geometry": {"type": "Point", "coordinates": [-17.06215, 22.21288]}, "properties": {"id": "TRE2-VMS-006260A-04", "district_id": "TRE2-VMS-006260A", "belt_id": "TRE2-VMS-B0008", "kind": "vms", "name": "volcanogenic massive sulphide", "tonnage_mt": 3.5082, "grades": {"Cu %": 3.4544, "Zn %": 1.2866, "Pb %": 0.4746, "Ag g/t": 52.2382, "S %": 20.6677}, "depth_m": 1770, "blind": true, "strike_deg": 175, "dip_deg": 72, "length_m": 460, "width_m": 218.7, "shape": "lens", "host": "carbonate", "chance": 0.769, "seen_by": {"geochemistry": false, "em": false, "gravity": false}, "water_depth_m": 0}}, {"type": "Feature", "geometry": {"type": "Point", "coordinates": [-16.96386, 22.09659]}, "properties": {"id": "TRE2-VMS-006260A-05", "district_id": "TRE2-VMS-006260A", "belt_id": "TRE2-VMS-B0008", "kind": "vms", "name": "volcanogenic massive sulphide", "tonnage_mt": 1.5486, "grades": {"Cu %": 1.9925, "Zn %": 2.6647, "Pb %": 0.4599, "Ag g/t": 42.6789, "S %": 12.3136}, "depth_m": 1751, "blind": true, "strike_deg": 153, "dip_deg": 50, "length_m": 910, "width_m": 189.3, "shape": "lens", "host": "carbonate", "chance": 0.769, "seen_by": {"geochemistry": false, "em": false, "gravity": false}, "water_depth_m": 0}}, {"type": "Feature", "geometry": {"type": "Point", "coordinates": [52.61242, 21.71768]}, "properties": {"id": "TRE2-VMS-006304A-01", "district_id": "TRE2-VMS-006304A", "belt_id": "TRE2-VMS-B0009", "kind": "vms", "name": "volcanogenic massive sulphide", "tonnage_mt": 59.0826, "grades": {"Cu %": 0.8533, "Zn %": 1.2908, "Pb %": 0.6785, "Ag g/t": 15.1608, "S %": 36.6729}, "depth_m": 323, "blind": true, "strike_deg": 61, "dip_deg": 73, "length_m": 389, "width_m": 156.4, "shape": "lens", "host": "arc_volcanic", "chance": 0.789, "seen_by": {"geochemistry": false, "em": false, "gravity": true}, "water_depth_m": 0}}, {"type": "Feature", "geometry": {"type": "Point", "coordinates": [52.7049, 21.70288]}, "properties": {"id": "TRE2-VMS-006304A-02", "district_id": "TRE2-VMS-006304A", "belt_id": "TRE2-VMS-B0009", "kind": "vms", "name": "volcanogenic massive sulphide", "tonnage_mt": 1.4693, "grades": {"Cu %": 1.8092, "Zn %": 2.7235, "Pb %": 0.1864, "Ag g/t": 35.8281, "S %": 42.9146}, "depth_m": 84, "blind": false, "strike_deg": 65, "dip_deg": 62, "length_m": 796, "width_m": 330.0, "shape": "lens", "host": "arc_volcanic", "chance": 0.789, "seen_by": {"geochemistry": false, "em": true, "gravity": true}, "water_depth_m": 0}}, {"type": "Feature", "geometry": {"type": "Point", "coordinates": [52.74837, 21.73851]}, "properties": {"id": "TRE2-VMS-006304A-03", "district_id": "TRE2-VMS-006304A", "belt_id": "TRE2-VMS-B0009", "kind": "vms", "name": "volcanogenic massive sulphide", "tonnage_mt": 0.1007, "grades": {"Cu %": 1.1588, "Zn %": 3.0116, "Pb %": 0.1817, "Ag g/t": 22.7502, "S %": 14.4919}, "depth_m": 444, "blind": true, "strike_deg": 67, "dip_deg": 33, "length_m": 367, "width_m": 197.2, "shape": "lens", "host": "arc_volcanic", "chance": 0.789, "seen_by": {"geochemistry": false, "em": false, "gravity": true}, "water_depth_m": 0}}, {"type": "Feature", "geometry": {"type": "Point", "coordinates": [52.51179, 21.62282]}, "properties": {"id": "TRE2-VMS-006304A-04", "district_id": "TRE2-VMS-006304A", "belt_id": "TRE2-VMS-B0009", "kind": "vms", "name": "volcanogenic massive sulphide", "tonnage_mt": 0.5432, "grades": {"Cu %": 2.3575, "Zn %": 2.9129, "Pb %": 0.1884, "Ag g/t": 21.1522, "S %": 30.4594}, "depth_m": 0, "blind": false, "strike_deg": 56, "dip_deg": 63, "length_m": 615, "width_m": 335.8, "shape": "lens", "host": "arc_volcanic", "chance": 0.789, "seen_by": {"geochemistry": true, "em": true, "gravity": true}, "water_depth_m": 0}}, {"type": "Feature", "geometry": {"type": "Point", "coordinates": [56.06495, 20.60762]}, "properties": {"id": "TRE2-VMS-006482A-01", "district_id": "TRE2-VMS-006482A", "belt_id": "TRE2-VMS-B0010", "kind": "vms", "name": "volcanogenic massive sulphide", "tonnage_mt": 17.4893, "grades": {"Cu %": 1.4907, "Zn %": 3.2971, "Pb %": 0.3247, "Ag g/t": 50.3886, "S %": 21.5041}, "depth_m": 2028, "blind": true, "strike_deg": 19, "dip_deg": 76, "length_m": 655, "width_m": 194.3, "shape": "lens", "host": "arc_volcanic", "chance": 0.752, "seen_by": {"geochemistry": false, "em": false, "gravity": false}, "water_depth_m": 0}}, {"type": "Feature", "geometry": {"type": "Point", "coordinates": [56.04721, 20.53992]}, "properties": {"id": "TRE2-VMS-006482A-02", "district_id": "TRE2-VMS-006482A", "belt_id": "TRE2-VMS-B0010", "kind": "vms", "name": "volcanogenic massive sulphide", "tonnage_mt": 0.5389, "grades": {"Cu %": 1.9694, "Zn %": 1.7893, "Pb %": 0.3913, "Ag g/t": 42.0207, "S %": 53.6271}, "depth_m": 1982, "blind": true, "strike_deg": 6, "dip_deg": 79, "length_m": 288, "width_m": 169.7, "shape": "lens", "host": "arc_volcanic", "chance": 0.752, "seen_by": {"geochemistry": false, "em": false, "gravity": false}, "water_depth_m": 0}}, {"type": "Feature", "geometry": {"type": "Point", "coordinates": [56.01313, 20.33381]}, "properties": {"id": "TRE2-VMS-006482A-03", "district_id": "TRE2-VMS-006482A", "belt_id": "TRE2-VMS-B0010", "kind": "vms", "name": "volcanogenic massive sulphide", "tonnage_mt": 15.5513, "grades": {"Cu %": 1.8186, "Zn %": 3.1174, "Pb %": 0.4133, "Ag g/t": 40.5925, "S %": 35.8996}, "depth_m": 2011, "blind": true, "strike_deg": 12, "dip_deg": 71, "length_m": 500, "width_m": 128.9, "shape": "lens", "host": "arc_volcanic", "chance": 0.752, "seen_by": {"geochemistry": false, "em": false, "gravity": false}, "water_depth_m": 0}}, {"type": "Feature", "geometry": {"type": "Point", "coordinates": [56.06286, 20.45154]}, "properties": {"id": "TRE2-VMS-006482A-04", "district_id": "TRE2-VMS-006482A", "belt_id": "TRE2-VMS-B0010", "kind": "vms", "name": "volcanogenic massive sulphide", "tonnage_mt": 4.0044, "grades": {"Cu %": 1.6382, "Zn %": 0.8806, "Pb %": 0.3793, "Ag g/t": 13.3934, "S %": 19.448}, "depth_m": 1740, "blind": true, "strike_deg": 13, "dip_deg": 31, "length_m": 480, "width_m": 225.7, "shape": "lens", "host": "arc_volcanic", "chance": 0.752, "seen_by": {"geochemistry": false, "em": false, "gravity": false}, "water_depth_m": 0}}, {"type": "Feature", "geometry": {"type": "Point", "coordinates": [56.04544, 20.53978]}, "properties": {"id": "TRE2-VMS-006482A-05", "district_id": "TRE2-VMS-006482A", "belt_id": "TRE2-VMS-B0010", "kind": "vms", "name": "volcanogenic massive sulphide", "tonnage_mt": 41.4044, "grades": {"Cu %": 1.1685, "Zn %": 1.9325, "Pb %": 0.3605, "Ag g/t": 16.8386, "S %": 39.7221}, "depth_m": 1878, "blind": true, "strike_deg": 5, "dip_deg": 61, "length_m": 1138, "width_m": 247.1, "shape": "lens", "host": "arc_volcanic", "chance": 0.752, "seen_by": {"geochemistry": false, "em": false, "gravity": false}, "water_depth_m": 0}}, {"type": "Feature", "geometry": {"type": "Point", "coordinates": [56.09031, 20.4351]}, "properties": {"id": "TRE2-VMS-006482A-06", "district_id": "TRE2-VMS-006482A", "belt_id": "TRE2-VMS-B0010", "kind": "vms", "name": "volcanogenic massive sulphide", "tonnage_mt": 1.1393, "grades": {"Cu %": 3.2974, "Zn %": 3.4377, "Pb %": 0.2812, "Ag g/t": 32.279, "S %": 21.4371}, "depth_m": 1845, "blind": true, "strike_deg": 11, "dip_deg": 40, "length_m": 903, "width_m": 128.0, "shape": "lens", "host": "arc_volcanic", "chance": 0.752, "seen_by": {"geochemistry": false, "em": false, "gravity": false}, "water_depth_m": 0}}, {"type": "Feature", "geometry": {"type": "Point", "coordinates": [55.32852, 19.14245]}, "properties": {"id": "TRE2-VMS-006859A-01", "district_id": "TRE2-VMS-006859A", "belt_id": "TRE2-VMS-B0012", "kind": "vms", "name": "volcanogenic massive sulphide", "tonnage_mt": 11.7591, "grades": {"Cu %": 0.8509, "Zn %": 1.5326, "Pb %": 0.6045, "Ag g/t": 18.2979, "S %": 40.6229}, "depth_m": 0, "blind": false, "strike_deg": 159, "dip_deg": 78, "length_m": 978, "width_m": 170.9, "shape": "lens", "host": "arc_volcanic", "chance": 0.482, "seen_by": {"geochemistry": true, "em": true, "gravity": true}, "water_depth_m": 0}}, {"type": "Feature", "geometry": {"type": "Point", "coordinates": [55.34035, 19.00866]}, "properties": {"id": "TRE2-VMS-006859A-02", "district_id": "TRE2-VMS-006859A", "belt_id": "TRE2-VMS-B0012", "kind": "vms", "name": "volcanogenic massive sulphide", "tonnage_mt": 0.099, "grades": {"Cu %": 1.3489, "Zn %": 1.8324, "Pb %": 0.3057, "Ag g/t": 55.8698, "S %": 30.1421}, "depth_m": 0, "blind": false, "strike_deg": 148, "dip_deg": 79, "length_m": 731, "width_m": 257.5, "shape": "lens", "host": "arc_volcanic", "chance": 0.482, "seen_by": {"geochemistry": true, "em": true, "gravity": true}, "water_depth_m": 0}}, {"type": "Feature", "geometry": {"type": "Point", "coordinates": [55.32086, 19.0752]}, "properties": {"id": "TRE2-VMS-006859A-03", "district_id": "TRE2-VMS-006859A", "belt_id": "TRE2-VMS-B0012", "kind": "vms", "name": "volcanogenic massive sulphide", "tonnage_mt": 0.4894, "grades": {"Cu %": 4.0071, "Zn %": 1.2856, "Pb %": 0.2342, "Ag g/t": 35.0084, "S %": 62.1327}, "depth_m": 0, "blind": false, "strike_deg": 137, "dip_deg": 68, "length_m": 1031, "width_m": 224.0, "shape": "lens", "host": "arc_volcanic", "chance": 0.482, "seen_by": {"geochemistry": true, "em": true, "gravity": true}, "water_depth_m": 0}}, {"type": "Feature", "geometry": {"type": "Point", "coordinates": [-146.5082, -0.36169]}, "properties": {"id": "TRE2-VMS-010044A-01", "district_id": "TRE2-VMS-010044A", "belt_id": "TRE2-VMS-B0016", "kind": "vms", "name": "volcanogenic massive sulphide", "tonnage_mt": 1.0771, "grades": {"Cu %": 1.4924, "Zn %": 1.266, "Pb %": 0.2987, "Ag g/t": 12.3411, "S %": 32.6175}, "depth_m": 1995, "blind": true, "strike_deg": 96, "dip_deg": 64, "length_m": 790, "width_m": 249.8, "shape": "lens", "host": "carbonate", "chance": 0.753, "seen_by": {"geochemistry": false, "em": false, "gravity": false}, "water_depth_m": 0}}, {"type": "Feature", "geometry": {"type": "Point", "coordinates": [-146.62143, -0.35516]}, "properties": {"id": "TRE2-VMS-010044A-02", "district_id": "TRE2-VMS-010044A", "belt_id": "TRE2-VMS-B0016", "kind": "vms", "name": "volcanogenic massive sulphide", "tonnage_mt": 0.0425, "grades": {"Cu %": 1.1794, "Zn %": 2.3875, "Pb %": 0.2114, "Ag g/t": 33.0207, "S %": 27.932}, "depth_m": 1824, "blind": true, "strike_deg": 96, "dip_deg": 37, "length_m": 266, "width_m": 222.8, "shape": "lens", "host": "carbonate", "chance": 0.753, "seen_by": {"geochemistry": false, "em": false, "gravity": false}, "water_depth_m": 0}}, {"type": "Feature", "geometry": {"type": "Point", "coordinates": [-146.74802, -0.42208]}, "properties": {"id": "TRE2-VMS-010044A-03", "district_id": "TRE2-VMS-010044A", "belt_id": "TRE2-VMS-B0016", "kind": "vms", "name": "volcanogenic massive sulphide", "tonnage_mt": 0.6318, "grades": {"Cu %": 1.3054, "Zn %": 2.8159, "Pb %": 0.2768, "Ag g/t": 43.676, "S %": 23.5731}, "depth_m": 1718, "blind": true, "strike_deg": 111, "dip_deg": 51, "length_m": 804, "width_m": 153.1, "shape": "lens", "host": "carbonate", "chance": 0.753, "seen_by": {"geochemistry": false, "em": false, "gravity": false}, "water_depth_m": 0}}, {"type": "Feature", "geometry": {"type": "Point", "coordinates": [-146.54345, -0.38513]}, "properties": {"id": "TRE2-VMS-010044A-04", "district_id": "TRE2-VMS-010044A", "belt_id": "TRE2-VMS-B0016", "kind": "vms", "name": "volcanogenic massive sulphide", "tonnage_mt": 3.5822, "grades": {"Cu %": 0.7488, "Zn %": 2.5508, "Pb %": 0.104, "Ag g/t": 16.5886, "S %": 12.8632}, "depth_m": 1909, "blind": true, "strike_deg": 105, "dip_deg": 53, "length_m": 189, "width_m": 498.3, "shape": "lens", "host": "carbonate", "chance": 0.753, "seen_by": {"geochemistry": false, "em": false, "gravity": false}, "water_depth_m": 0}}, {"type": "Feature", "geometry": {"type": "Point", "coordinates": [-146.67217, -0.41243]}, "properties": {"id": "TRE2-VMS-010044A-05", "district_id": "TRE2-VMS-010044A", "belt_id": "TRE2-VMS-B0016", "kind": "vms", "name": "volcanogenic massive sulphide", "tonnage_mt": 0.1032, "grades": {"Cu %": 1.1777, "Zn %": 1.9793, "Pb %": 0.234, "Ag g/t": 29.3676, "S %": 31.6245}, "depth_m": 1884, "blind": true, "strike_deg": 100, "dip_deg": 51, "length_m": 532, "width_m": 185.2, "shape": "lens", "host": "carbonate", "chance": 0.753, "seen_by": {"geochemistry": false, "em": false, "gravity": false}, "water_depth_m": 0}}, {"type": "Feature", "geometry": {"type": "Point", "coordinates": [-151.46435, -2.59228]}, "properties": {"id": "TRE2-VMS-010387A-01", "district_id": "TRE2-VMS-010387A", "belt_id": "TRE2-VMS-B0018", "kind": "vms", "name": "volcanogenic massive sulphide", "tonnage_mt": 4.9313, "grades": {"Cu %": 1.0668, "Zn %": 2.7562, "Pb %": 0.1705, "Ag g/t": 14.9403, "S %": 14.9156}, "depth_m": 1660, "blind": true, "strike_deg": 89, "dip_deg": 34, "length_m": 591, "width_m": 422.0, "shape": "lens", "host": "carbonate", "chance": 0.767, "seen_by": {"geochemistry": false, "em": false, "gravity": false}, "water_depth_m": 0}}, {"type": "Feature", "geometry": {"type": "Point", "coordinates": [-151.43651, -2.5768]}, "properties": {"id": "TRE2-VMS-010387A-02", "district_id": "TRE2-VMS-010387A", "belt_id": "TRE2-VMS-B0018", "kind": "vms", "name": "volcanogenic massive sulphide", "tonnage_mt": 1.2376, "grades": {"Cu %": 1.8847, "Zn %": 2.4869, "Pb %": 0.274, "Ag g/t": 28.3679, "S %": 39.5289}, "depth_m": 1302, "blind": true, "strike_deg": 91, "dip_deg": 41, "length_m": 405, "width_m": 268.1, "shape": "lens", "host": "carbonate", "chance": 0.767, "seen_by": {"geochemistry": false, "em": false, "gravity": false}, "water_depth_m": 0}}, {"type": "Feature", "geometry": {"type": "Point", "coordinates": [-151.32543, -2.57869]}, "properties": {"id": "TRE2-VMS-010387A-03", "district_id": "TRE2-VMS-010387A", "belt_id": "TRE2-VMS-B0018", "kind": "vms", "name": "volcanogenic massive sulphide", "tonnage_mt": 0.4536, "grades": {"Cu %": 1.123, "Zn %": 1.2447, "Pb %": 0.2188, "Ag g/t": 35.6913, "S %": 54.1446}, "depth_m": 1421, "blind": true, "strike_deg": 85, "dip_deg": 48, "length_m": 732, "width_m": 234.0, "shape": "lens", "host": "carbonate", "chance": 0.767, "seen_by": {"geochemistry": false, "em": false, "gravity": false}, "water_depth_m": 0}}, {"type": "Feature", "geometry": {"type": "Point", "coordinates": [30.91223, -3.07894]}, "properties": {"id": "TRE2-VMS-010404A-01", "district_id": "TRE2-VMS-010404A", "belt_id": "TRE2-VMS-B0019", "kind": "vms", "name": "volcanogenic massive sulphide", "tonnage_mt": 7.1765, "grades": {"Cu %": 0.5617, "Zn %": 2.273, "Pb %": 0.2095, "Ag g/t": 25.1425, "S %": 46.7461}, "depth_m": 1843, "blind": true, "strike_deg": 128, "dip_deg": 66, "length_m": 498, "width_m": 245.3, "shape": "lens", "host": "carbonate", "chance": 0.638, "seen_by": {"geochemistry": false, "em": false, "gravity": false}, "water_depth_m": 9}}, {"type": "Feature", "geometry": {"type": "Point", "coordinates": [40.41496, -2.12602]}, "properties": {"id": "TRE2-VMS-010472A-01", "district_id": "TRE2-VMS-010472A", "belt_id": "TRE2-VMS-B0020", "kind": "vms", "name": "volcanogenic massive sulphide", "tonnage_mt": 1.5539, "grades": {"Cu %": 0.9237, "Zn %": 2.836, "Pb %": 0.1673, "Ag g/t": 20.6725, "S %": 34.9789}, "depth_m": 1750, "blind": true, "strike_deg": 28, "dip_deg": 56, "length_m": 864, "width_m": 225.3, "shape": "lens", "host": "arc_plutonic", "chance": 0.757, "seen_by": {"geochemistry": false, "em": false, "gravity": false}, "water_depth_m": 0}}, {"type": "Feature", "geometry": {"type": "Point", "coordinates": [40.27321, -2.2825]}, "properties": {"id": "TRE2-VMS-010472A-02", "district_id": "TRE2-VMS-010472A", "belt_id": "TRE2-VMS-B0020", "kind": "vms", "name": "volcanogenic massive sulphide", "tonnage_mt": 6.3703, "grades": {"Cu %": 2.4176, "Zn %": 1.9411, "Pb %": 0.3435, "Ag g/t": 69.7923, "S %": 24.1757}, "depth_m": 1771, "blind": true, "strike_deg": 28, "dip_deg": 32, "length_m": 473, "width_m": 108.2, "shape": "lens", "host": "arc_plutonic", "chance": 0.757, "seen_by": {"geochemistry": false, "em": false, "gravity": false}, "water_depth_m": 0}}, {"type": "Feature", "geometry": {"type": "Point", "coordinates": [40.31087, -2.3203]}, "properties": {"id": "TRE2-VMS-010472A-03", "district_id": "TRE2-VMS-010472A", "belt_id": "TRE2-VMS-B0020", "kind": "vms", "name": "volcanogenic massive sulphide", "tonnage_mt": 0.2725, "grades": {"Cu %": 0.9044, "Zn %": 2.2866, "Pb %": 0.1701, "Ag g/t": 36.831, "S %": 56.4022}, "depth_m": 1560, "blind": true, "strike_deg": 38, "dip_deg": 55, "length_m": 569, "width_m": 214.9, "shape": "lens", "host": "arc_plutonic", "chance": 0.757, "seen_by": {"geochemistry": false, "em": false, "gravity": false}, "water_depth_m": 0}}, {"type": "Feature", "geometry": {"type": "Point", "coordinates": [-12.78308, -2.14855]}, "properties": {"id": "TRE2-VMS-010475A-01", "district_id": "TRE2-VMS-010475A", "belt_id": "TRE2-VMS-B0021", "kind": "vms", "name": "volcanogenic massive sulphide", "tonnage_mt": 0.7844, "grades": {"Cu %": 1.3051, "Zn %": 1.5488, "Pb %": 0.214, "Ag g/t": 39.5528, "S %": 28.0287}, "depth_m": 314, "blind": true, "strike_deg": 19, "dip_deg": 48, "length_m": 1249, "width_m": 124.6, "shape": "lens", "host": "carbonate", "chance": 0.781, "seen_by": {"geochemistry": false, "em": false, "gravity": true}, "water_depth_m": 0}}, {"type": "Feature", "geometry": {"type": "Point", "coordinates": [-12.66358, -2.02078]}, "properties": {"id": "TRE2-VMS-010475A-02", "district_id": "TRE2-VMS-010475A", "belt_id": "TRE2-VMS-B0021", "kind": "vms", "name": "volcanogenic massive sulphide", "tonnage_mt": 9.3426, "grades": {"Cu %": 1.7724, "Zn %": 2.55, "Pb %": 0.3112, "Ag g/t": 34.6392, "S %": 27.6897}, "depth_m": 331, "blind": true, "strike_deg": 28, "dip_deg": 68, "length_m": 635, "width_m": 325.3, "shape": "lens", "host": "carbonate", "chance": 0.781, "seen_by": {"geochemistry": false, "em": false, "gravity": true}, "water_depth_m": 0}}, {"type": "Feature", "geometry": {"type": "Point", "coordinates": [-12.60638, -2.19358]}, "properties": {"id": "TRE2-VMS-010475A-03", "district_id": "TRE2-VMS-010475A", "belt_id": "TRE2-VMS-B0021", "kind": "vms", "name": "volcanogenic massive sulphide", "tonnage_mt": 29.3369, "grades": {"Cu %": 1.2482, "Zn %": 1.4801, "Pb %": 0.1332, "Ag g/t": 47.0372, "S %": 31.0087}, "depth_m": 216, "blind": false, "strike_deg": 20, "dip_deg": 35, "length_m": 1058, "width_m": 175.7, "shape": "lens", "host": "carbonate", "chance": 0.781, "seen_by": {"geochemistry": false, "em": true, "gravity": true}, "water_depth_m": 0}}, {"type": "Feature", "geometry": {"type": "Point", "coordinates": [-12.57006, -2.06422]}, "properties": {"id": "TRE2-VMS-010475A-04", "district_id": "TRE2-VMS-010475A", "belt_id": "TRE2-VMS-B0021", "kind": "vms", "name": "volcanogenic massive sulphide", "tonnage_mt": 4.1553, "grades": {"Cu %": 1.2773, "Zn %": 3.606, "Pb %": 0.2753, "Ag g/t": 31.2604, "S %": 30.6146}, "depth_m": 308, "blind": true, "strike_deg": 48, "dip_deg": 43, "length_m": 781, "width_m": 362.3, "shape": "lens", "host": "carbonate", "chance": 0.781, "seen_by": {"geochemistry": false, "em": false, "gravity": true}, "water_depth_m": 0}}, {"type": "Feature", "geometry": {"type": "Point", "coordinates": [-12.45795, -1.86729]}, "properties": {"id": "TRE2-VMS-010475A-05", "district_id": "TRE2-VMS-010475A", "belt_id": "TRE2-VMS-B0021", "kind": "vms", "name": "volcanogenic massive sulphide", "tonnage_mt": 0.1808, "grades": {"Cu %": 1.8388, "Zn %": 2.3902, "Pb %": 0.2232, "Ag g/t": 45.903, "S %": 32.0818}, "depth_m": 230, "blind": false, "strike_deg": 23, "dip_deg": 51, "length_m": 801, "width_m": 168.5, "shape": "lens", "host": "carbonate", "chance": 0.781, "seen_by": {"geochemistry": false, "em": true, "gravity": true}, "water_depth_m": 0}}, {"type": "Feature", "geometry": {"type": "Point", "coordinates": [29.50289, -2.83763]}, "properties": {"id": "TRE2-VMS-010548A-01", "district_id": "TRE2-VMS-010548A", "belt_id": "TRE2-VMS-B0019", "kind": "vms", "name": "volcanogenic massive sulphide", "tonnage_mt": 4.5495, "grades": {"Cu %": 1.843, "Zn %": 2.527, "Pb %": 0.4323, "Ag g/t": 22.4707, "S %": 31.1302}, "depth_m": 1786, "blind": true, "strike_deg": 102, "dip_deg": 37, "length_m": 709, "width_m": 190.7, "shape": "lens", "host": "carbonate", "chance": 0.775, "seen_by": {"geochemistry": false, "em": false, "gravity": false}, "water_depth_m": 194}}, {"type": "Feature", "geometry": {"type": "Point", "coordinates": [29.5528, -2.82439]}, "properties": {"id": "TRE2-VMS-010548A-02", "district_id": "TRE2-VMS-010548A", "belt_id": "TRE2-VMS-B0019", "kind": "vms", "name": "volcanogenic massive sulphide", "tonnage_mt": 2.5068, "grades": {"Cu %": 0.8046, "Zn %": 2.3183, "Pb %": 0.6077, "Ag g/t": 76.1486, "S %": 33.4824}, "depth_m": 1297, "blind": true, "strike_deg": 90, "dip_deg": 63, "length_m": 552, "width_m": 338.8, "shape": "lens", "host": "carbonate", "chance": 0.775, "seen_by": {"geochemistry": false, "em": false, "gravity": false}, "water_depth_m": 194}}, {"type": "Feature", "geometry": {"type": "Point", "coordinates": [29.71569, -2.851]}, "properties": {"id": "TRE2-VMS-010548A-03", "district_id": "TRE2-VMS-010548A", "belt_id": "TRE2-VMS-B0019", "kind": "vms", "name": "volcanogenic massive sulphide", "tonnage_mt": 7.4148, "grades": {"Cu %": 2.8717, "Zn %": 1.3182, "Pb %": 0.1762, "Ag g/t": 31.0307, "S %": 35.5494}, "depth_m": 1639, "blind": true, "strike_deg": 105, "dip_deg": 54, "length_m": 669, "width_m": 346.5, "shape": "lens", "host": "carbonate", "chance": 0.775, "seen_by": {"geochemistry": false, "em": false, "gravity": false}, "water_depth_m": 194}}, {"type": "Feature", "geometry": {"type": "Point", "coordinates": [6.28433, -2.88033]}, "properties": {"id": "TRE2-VMS-010611A-01", "district_id": "TRE2-VMS-010611A", "belt_id": "TRE2-VMS-B0022", "kind": "vms", "name": "volcanogenic massive sulphide", "tonnage_mt": 4.6635, "grades": {"Cu %": 1.115, "Zn %": 1.9181, "Pb %": 0.5598, "Ag g/t": 41.6916, "S %": 44.8748}, "depth_m": 1874, "blind": true, "strike_deg": 73, "dip_deg": 45, "length_m": 556, "width_m": 233.2, "shape": "lens", "host": "carbonate", "chance": 0.734, "seen_by": {"geochemistry": false, "em": false, "gravity": false}, "water_depth_m": 200}}, {"type": "Feature", "geometry": {"type": "Point", "coordinates": [6.18127, -2.82745]}, "properties": {"id": "TRE2-VMS-010611A-02", "district_id": "TRE2-VMS-010611A", "belt_id": "TRE2-VMS-B0022", "kind": "vms", "name": "volcanogenic massive sulphide", "tonnage_mt": 0.2517, "grades": {"Cu %": 0.7941, "Zn %": 1.5994, "Pb %": 0.1516, "Ag g/t": 45.8284, "S %": 24.6389}, "depth_m": 1765, "blind": true, "strike_deg": 93, "dip_deg": 37, "length_m": 507, "width_m": 115.1, "shape": "lens", "host": "carbonate", "chance": 0.734, "seen_by": {"geochemistry": false, "em": false, "gravity": false}, "water_depth_m": 200}}, {"type": "Feature", "geometry": {"type": "Point", "coordinates": [6.18311, -2.79626]}, "properties": {"id": "TRE2-VMS-010611A-03", "district_id": "TRE2-VMS-010611A", "belt_id": "TRE2-VMS-B0022", "kind": "vms", "name": "volcanogenic massive sulphide", "tonnage_mt": 0.479, "grades": {"Cu %": 0.8344, "Zn %": 2.0881, "Pb %": 0.3279, "Ag g/t": 28.4978, "S %": 15.0399}, "depth_m": 1998, "blind": true, "strike_deg": 97, "dip_deg": 65, "length_m": 417, "width_m": 166.6, "shape": "lens", "host": "carbonate", "chance": 0.734, "seen_by": {"geochemistry": false, "em": false, "gravity": false}, "water_depth_m": 200}}, {"type": "Feature", "geometry": {"type": "Point", "coordinates": [6.88433, -3.32541]}, "properties": {"id": "TRE2-VMS-010611B-01", "district_id": "TRE2-VMS-010611B", "belt_id": "TRE2-VMS-B0022", "kind": "vms", "name": "volcanogenic massive sulphide", "tonnage_mt": 0.0679, "grades": {"Cu %": 2.3477, "Zn %": 0.81, "Pb %": 0.2582, "Ag g/t": 27.3797, "S %": 25.8239}, "depth_m": 2107, "blind": true, "strike_deg": 72, "dip_deg": 62, "length_m": 518, "width_m": 268.8, "shape": "lens", "host": "carbonate", "chance": 0.734, "seen_by": {"geochemistry": false, "em": false, "gravity": false}, "water_depth_m": 200}}, {"type": "Feature", "geometry": {"type": "Point", "coordinates": [7.05203, -3.26669]}, "properties": {"id": "TRE2-VMS-010611B-02", "district_id": "TRE2-VMS-010611B", "belt_id": "TRE2-VMS-B0022", "kind": "vms", "name": "volcanogenic massive sulphide", "tonnage_mt": 30.4449, "grades": {"Cu %": 1.3071, "Zn %": 1.6796, "Pb %": 0.2707, "Ag g/t": 24.3936, "S %": 38.373}, "depth_m": 1767, "blind": true, "strike_deg": 88, "dip_deg": 36, "length_m": 562, "width_m": 151.8, "shape": "lens", "host": "carbonate", "chance": 0.734, "seen_by": {"geochemistry": false, "em": false, "gravity": false}, "water_depth_m": 200}}, {"type": "Feature", "geometry": {"type": "Point", "coordinates": [7.06847, -3.23301]}, "properties": {"id": "TRE2-VMS-010611B-03", "district_id": "TRE2-VMS-010611B", "belt_id": "TRE2-VMS-B0022", "kind": "vms", "name": "volcanogenic massive sulphide", "tonnage_mt": 0.7855, "grades": {"Cu %": 1.4337, "Zn %": 2.3178, "Pb %": 0.5475, "Ag g/t": 18.8568, "S %": 16.3055}, "depth_m": 2119, "blind": true, "strike_deg": 99, "dip_deg": 69, "length_m": 757, "width_m": 246.9, "shape": "lens", "host": "carbonate", "chance": 0.734, "seen_by": {"geochemistry": false, "em": false, "gravity": false}, "water_depth_m": 200}}, {"type": "Feature", "geometry": {"type": "Point", "coordinates": [6.87861, -3.28533]}, "properties": {"id": "TRE2-VMS-010611B-04", "district_id": "TRE2-VMS-010611B", "belt_id": "TRE2-VMS-B0022", "kind": "vms", "name": "volcanogenic massive sulphide", "tonnage_mt": 1.5849, "grades": {"Cu %": 0.8472, "Zn %": 1.4038, "Pb %": 0.1841, "Ag g/t": 29.5943, "S %": 21.1081}, "depth_m": 1927, "blind": true, "strike_deg": 85, "dip_deg": 66, "length_m": 960, "width_m": 228.6, "shape": "lens", "host": "carbonate", "chance": 0.734, "seen_by": {"geochemistry": false, "em": false, "gravity": false}, "water_depth_m": 200}}, {"type": "Feature", "geometry": {"type": "Point", "coordinates": [6.9538, -3.2801]}, "properties": {"id": "TRE2-VMS-010611B-05", "district_id": "TRE2-VMS-010611B", "belt_id": "TRE2-VMS-B0022", "kind": "vms", "name": "volcanogenic massive sulphide", "tonnage_mt": 6.1655, "grades": {"Cu %": 1.845, "Zn %": 2.8013, "Pb %": 0.5177, "Ag g/t": 35.8476, "S %": 20.0495}, "depth_m": 1733, "blind": true, "strike_deg": 89, "dip_deg": 37, "length_m": 593, "width_m": 146.7, "shape": "lens", "host": "carbonate", "chance": 0.734, "seen_by": {"geochemistry": false, "em": false, "gravity": false}, "water_depth_m": 200}}, {"type": "Feature", "geometry": {"type": "Point", "coordinates": [7.09909, -3.65083]}, "properties": {"id": "TRE2-VMS-010611C-01", "district_id": "TRE2-VMS-010611C", "belt_id": "TRE2-VMS-B0022", "kind": "vms", "name": "volcanogenic massive sulphide", "tonnage_mt": 1.0626, "grades": {"Cu %": 2.92, "Zn %": 2.9715, "Pb %": 0.2557, "Ag g/t": 50.0583, "S %": 28.3496}, "depth_m": 1833, "blind": true, "strike_deg": 93, "dip_deg": 44, "length_m": 566, "width_m": 416.8, "shape": "lens", "host": "carbonate", "chance": 0.734, "seen_by": {"geochemistry": false, "em": false, "gravity": false}, "water_depth_m": 200}}, {"type": "Feature", "geometry": {"type": "Point", "coordinates": [7.12367, -3.62812]}, "properties": {"id": "TRE2-VMS-010611C-02", "district_id": "TRE2-VMS-010611C", "belt_id": "TRE2-VMS-B0022", "kind": "vms", "name": "volcanogenic massive sulphide", "tonnage_mt": 1.3094, "grades": {"Cu %": 0.8848, "Zn %": 2.5583, "Pb %": 0.1665, "Ag g/t": 31.3269, "S %": 27.2727}, "depth_m": 2016, "blind": true, "strike_deg": 103, "dip_deg": 40, "length_m": 532, "width_m": 259.3, "shape": "lens", "host": "carbonate", "chance": 0.734, "seen_by": {"geochemistry": false, "em": false, "gravity": false}, "water_depth_m": 200}}, {"type": "Feature", "geometry": {"type": "Point", "coordinates": [7.0213, -3.67566]}, "properties": {"id": "TRE2-VMS-010611C-03", "district_id": "TRE2-VMS-010611C", "belt_id": "TRE2-VMS-B0022", "kind": "vms", "name": "volcanogenic massive sulphide", "tonnage_mt": 0.2716, "grades": {"Cu %": 0.9545, "Zn %": 3.2857, "Pb %": 0.2192, "Ag g/t": 22.1007, "S %": 32.9623}, "depth_m": 2184, "blind": true, "strike_deg": 93, "dip_deg": 41, "length_m": 988, "width_m": 323.8, "shape": "lens", "host": "carbonate", "chance": 0.734, "seen_by": {"geochemistry": false, "em": false, "gravity": false}, "water_depth_m": 200}}, {"type": "Feature", "geometry": {"type": "Point", "coordinates": [6.82909, -3.61098]}, "properties": {"id": "TRE2-VMS-010611C-04", "district_id": "TRE2-VMS-010611C", "belt_id": "TRE2-VMS-B0022", "kind": "vms", "name": "volcanogenic massive sulphide", "tonnage_mt": 13.3192, "grades": {"Cu %": 0.8302, "Zn %": 1.1274, "Pb %": 0.1732, "Ag g/t": 27.8192, "S %": 27.4016}, "depth_m": 1915, "blind": true, "strike_deg": 73, "dip_deg": 72, "length_m": 540, "width_m": 116.3, "shape": "lens", "host": "carbonate", "chance": 0.734, "seen_by": {"geochemistry": false, "em": false, "gravity": false}, "water_depth_m": 200}}, {"type": "Feature", "geometry": {"type": "Point", "coordinates": [6.9992, -3.70322]}, "properties": {"id": "TRE2-VMS-010611C-05", "district_id": "TRE2-VMS-010611C", "belt_id": "TRE2-VMS-B0022", "kind": "vms", "name": "volcanogenic massive sulphide", "tonnage_mt": 0.1786, "grades": {"Cu %": 1.5808, "Zn %": 2.4617, "Pb %": 0.2777, "Ag g/t": 14.2046, "S %": 95.9482}, "depth_m": 1983, "blind": true, "strike_deg": 82, "dip_deg": 79, "length_m": 333, "width_m": 224.3, "shape": "lens", "host": "carbonate", "chance": 0.734, "seen_by": {"geochemistry": false, "em": false, "gravity": false}, "water_depth_m": 200}}, {"type": "Feature", "geometry": {"type": "Point", "coordinates": [-158.21559, -11.03259]}, "properties": {"id": "TRE2-VMS-011861A-01", "district_id": "TRE2-VMS-011861A", "belt_id": "TRE2-VMS-B0027", "kind": "vms", "name": "volcanogenic massive sulphide", "tonnage_mt": 0.2186, "grades": {"Cu %": 1.5977, "Zn %": 2.2259, "Pb %": 0.41, "Ag g/t": 33.4205, "S %": 22.2295}, "depth_m": 16, "blind": false, "strike_deg": 27, "dip_deg": 80, "length_m": 447, "width_m": 224.3, "shape": "lens", "host": "arc_plutonic", "chance": 0.709, "seen_by": {"geochemistry": true, "em": true, "gravity": true}, "water_depth_m": 0}}, {"type": "Feature", "geometry": {"type": "Point", "coordinates": [-158.15389, -11.00724]}, "properties": {"id": "TRE2-VMS-011861A-02", "district_id": "TRE2-VMS-011861A", "belt_id": "TRE2-VMS-B0027", "kind": "vms", "name": "volcanogenic massive sulphide", "tonnage_mt": 0.0344, "grades": {"Cu %": 1.2772, "Zn %": 2.6211, "Pb %": 0.258, "Ag g/t": 22.4744, "S %": 41.0107}, "depth_m": 0, "blind": false, "strike_deg": 25, "dip_deg": 33, "length_m": 1264, "width_m": 263.4, "shape": "lens", "host": "arc_plutonic", "chance": 0.709, "seen_by": {"geochemistry": true, "em": true, "gravity": true}, "water_depth_m": 0}}, {"type": "Feature", "geometry": {"type": "Point", "coordinates": [-158.12495, -10.94076]}, "properties": {"id": "TRE2-VMS-011861A-03", "district_id": "TRE2-VMS-011861A", "belt_id": "TRE2-VMS-B0027", "kind": "vms", "name": "volcanogenic massive sulphide", "tonnage_mt": 1.7229, "grades": {"Cu %": 1.2605, "Zn %": 1.9276, "Pb %": 0.4067, "Ag g/t": 28.4861, "S %": 22.8047}, "depth_m": 0, "blind": false, "strike_deg": 7, "dip_deg": 31, "length_m": 427, "width_m": 185.4, "shape": "lens", "host": "arc_plutonic", "chance": 0.709, "seen_by": {"geochemistry": true, "em": true, "gravity": true}, "water_depth_m": 0}}, {"type": "Feature", "geometry": {"type": "Point", "coordinates": [-158.22528, -11.05064]}, "properties": {"id": "TRE2-VMS-011861A-04", "district_id": "TRE2-VMS-011861A", "belt_id": "TRE2-VMS-B0027", "kind": "vms", "name": "volcanogenic massive sulphide", "tonnage_mt": 0.378, "grades": {"Cu %": 2.4764, "Zn %": 1.5298, "Pb %": 0.5186, "Ag g/t": 24.2102, "S %": 55.885}, "depth_m": 0, "blind": false, "strike_deg": 20, "dip_deg": 78, "length_m": 469, "width_m": 326.2, "shape": "lens", "host": "arc_plutonic", "chance": 0.709, "seen_by": {"geochemistry": true, "em": true, "gravity": true}, "water_depth_m": 0}}, {"type": "Feature", "geometry": {"type": "Point", "coordinates": [-117.59467, -12.51915]}, "properties": {"id": "TRE2-VMS-012078A-01", "district_id": "TRE2-VMS-012078A", "belt_id": "TRE2-VMS-B0029", "kind": "vms", "name": "volcanogenic massive sulphide", "tonnage_mt": 11.5456, "grades": {"Cu %": 1.0486, "Zn %": 3.5964, "Pb %": 0.2455, "Ag g/t": 26.8508, "S %": 30.2187}, "depth_m": 1414, "blind": true, "strike_deg": 82, "dip_deg": 35, "length_m": 1121, "width_m": 196.3, "shape": "lens", "host": "arc_plutonic", "chance": 0.592, "seen_by": {"geochemistry": false, "em": false, "gravity": false}, "water_depth_m": 0}}, {"type": "Feature", "geometry": {"type": "Point", "coordinates": [-117.52989, -12.41283]}, "properties": {"id": "TRE2-VMS-012078A-02", "district_id": "TRE2-VMS-012078A", "belt_id": "TRE2-VMS-B0029", "kind": "vms", "name": "volcanogenic massive sulphide", "tonnage_mt": 4.4931, "grades": {"Cu %": 1.3999, "Zn %": 3.8082, "Pb %": 0.1994, "Ag g/t": 16.6936, "S %": 24.3805}, "depth_m": 1751, "blind": true, "strike_deg": 82, "dip_deg": 58, "length_m": 650, "width_m": 172.5, "shape": "lens", "host": "arc_plutonic", "chance": 0.592, "seen_by": {"geochemistry": false, "em": false, "gravity": false}, "water_depth_m": 0}}, {"type": "Feature", "geometry": {"type": "Point", "coordinates": [-117.47414, -12.47497]}, "properties": {"id": "TRE2-VMS-012078A-03", "district_id": "TRE2-VMS-012078A", "belt_id": "TRE2-VMS-B0029", "kind": "vms", "name": "volcanogenic massive sulphide", "tonnage_mt": 0.739, "grades": {"Cu %": 1.2282, "Zn %": 2.3393, "Pb %": 0.2467, "Ag g/t": 20.7259, "S %": 37.4129}, "depth_m": 1506, "blind": true, "strike_deg": 81, "dip_deg": 33, "length_m": 268, "width_m": 347.8, "shape": "lens", "host": "arc_plutonic", "chance": 0.592, "seen_by": {"geochemistry": false, "em": false, "gravity": false}, "water_depth_m": 0}}, {"type": "Feature", "geometry": {"type": "Point", "coordinates": [40.7538, -13.33776]}, "properties": {"id": "TRE2-VMS-012302A-01", "district_id": "TRE2-VMS-012302A", "belt_id": "TRE2-VMS-B0031", "kind": "vms", "name": "volcanogenic massive sulphide", "tonnage_mt": 7.0211, "grades": {"Cu %": 0.6062, "Zn %": 1.9589, "Pb %": 0.1997, "Ag g/t": 23.0251, "S %": 25.2826}, "depth_m": 1934, "blind": true, "strike_deg": 159, "dip_deg": 46, "length_m": 850, "width_m": 295.9, "shape": "lens", "host": "arc_plutonic", "chance": 0.706, "seen_by": {"geochemistry": false, "em": false, "gravity": false}, "water_depth_m": 0}}, {"type": "Feature", "geometry": {"type": "Point", "coordinates": [40.8489, -13.17312]}, "properties": {"id": "TRE2-VMS-012302A-02", "district_id": "TRE2-VMS-012302A", "belt_id": "TRE2-VMS-B0031", "kind": "vms", "name": "volcanogenic massive sulphide", "tonnage_mt": 10.4077, "grades": {"Cu %": 0.8076, "Zn %": 1.6752, "Pb %": 0.2105, "Ag g/t": 81.4348, "S %": 28.7105}, "depth_m": 2230, "blind": true, "strike_deg": 1, "dip_deg": 71, "length_m": 931, "width_m": 300.8, "shape": "lens", "host": "arc_plutonic", "chance": 0.706, "seen_by": {"geochemistry": false, "em": false, "gravity": false}, "water_depth_m": 0}}, {"type": "Feature", "geometry": {"type": "Point", "coordinates": [40.82278, -13.34288]}, "properties": {"id": "TRE2-VMS-012302A-03", "district_id": "TRE2-VMS-012302A", "belt_id": "TRE2-VMS-B0031", "kind": "vms", "name": "volcanogenic massive sulphide", "tonnage_mt": 1.3167, "grades": {"Cu %": 1.1907, "Zn %": 1.7224, "Pb %": 0.4391, "Ag g/t": 38.1429, "S %": 29.1094}, "depth_m": 1841, "blind": true, "strike_deg": 176, "dip_deg": 70, "length_m": 612, "width_m": 216.1, "shape": "lens", "host": "arc_plutonic", "chance": 0.706, "seen_by": {"geochemistry": false, "em": false, "gravity": false}, "water_depth_m": 0}}, {"type": "Feature", "geometry": {"type": "Point", "coordinates": [40.71235, -13.28445]}, "properties": {"id": "TRE2-VMS-012302A-04", "district_id": "TRE2-VMS-012302A", "belt_id": "TRE2-VMS-B0031", "kind": "vms", "name": "volcanogenic massive sulphide", "tonnage_mt": 12.3186, "grades": {"Cu %": 1.9757, "Zn %": 4.9558, "Pb %": 0.3861, "Ag g/t": 23.4513, "S %": 34.7277}, "depth_m": 1882, "blind": true, "strike_deg": 172, "dip_deg": 60, "length_m": 439, "width_m": 116.2, "shape": "lens", "host": "arc_plutonic", "chance": 0.706, "seen_by": {"geochemistry": false, "em": false, "gravity": false}, "water_depth_m": 0}}, {"type": "Feature", "geometry": {"type": "Point", "coordinates": [40.88184, -13.48271]}, "properties": {"id": "TRE2-VMS-012302A-05", "district_id": "TRE2-VMS-012302A", "belt_id": "TRE2-VMS-B0031", "kind": "vms", "name": "volcanogenic massive sulphide", "tonnage_mt": 17.4644, "grades": {"Cu %": 0.8946, "Zn %": 1.8149, "Pb %": 0.2661, "Ag g/t": 19.8111, "S %": 38.4683}, "depth_m": 1965, "blind": true, "strike_deg": 152, "dip_deg": 62, "length_m": 552, "width_m": 196.1, "shape": "lens", "host": "arc_plutonic", "chance": 0.706, "seen_by": {"geochemistry": false, "em": false, "gravity": false}, "water_depth_m": 0}}, {"type": "Feature", "geometry": {"type": "Point", "coordinates": [40.79459, -13.44199]}, "properties": {"id": "TRE2-VMS-012302A-06", "district_id": "TRE2-VMS-012302A", "belt_id": "TRE2-VMS-B0031", "kind": "vms", "name": "volcanogenic massive sulphide", "tonnage_mt": 0.1352, "grades": {"Cu %": 1.1517, "Zn %": 2.6124, "Pb %": 0.3983, "Ag g/t": 31.8341, "S %": 35.4322}, "depth_m": 1816, "blind": true, "strike_deg": 169, "dip_deg": 73, "length_m": 537, "width_m": 223.4, "shape": "lens", "host": "arc_plutonic", "chance": 0.706, "seen_by": {"geochemistry": false, "em": false, "gravity": false}, "water_depth_m": 0}}, {"type": "Feature", "geometry": {"type": "Point", "coordinates": [40.82539, -13.31676]}, "properties": {"id": "TRE2-VMS-012302A-07", "district_id": "TRE2-VMS-012302A", "belt_id": "TRE2-VMS-B0031", "kind": "vms", "name": "volcanogenic massive sulphide", "tonnage_mt": 3.8648, "grades": {"Cu %": 0.9476, "Zn %": 2.5658, "Pb %": 0.2219, "Ag g/t": 10.1386, "S %": 33.2926}, "depth_m": 1987, "blind": true, "strike_deg": 165, "dip_deg": 49, "length_m": 370, "width_m": 126.5, "shape": "lens", "host": "arc_plutonic", "chance": 0.706, "seen_by": {"geochemistry": false, "em": false, "gravity": false}, "water_depth_m": 0}}, {"type": "Feature", "geometry": {"type": "Point", "coordinates": [41.35443, -13.20581]}, "properties": {"id": "TRE2-VMS-012302B-01", "district_id": "TRE2-VMS-012302B", "belt_id": "TRE2-VMS-B0031", "kind": "vms", "name": "volcanogenic massive sulphide", "tonnage_mt": 0.6566, "grades": {"Cu %": 1.5045, "Zn %": 2.0369, "Pb %": 0.4327, "Ag g/t": 26.9883, "S %": 18.8373}, "depth_m": 1937, "blind": true, "strike_deg": 179, "dip_deg": 68, "length_m": 949, "width_m": 125.4, "shape": "lens", "host": "arc_plutonic", "chance": 0.706, "seen_by": {"geochemistry": false, "em": false, "gravity": false}, "water_depth_m": 0}}, {"type": "Feature", "geometry": {"type": "Point", "coordinates": [41.43154, -13.18741]}, "properties": {"id": "TRE2-VMS-012302B-02", "district_id": "TRE2-VMS-012302B", "belt_id": "TRE2-VMS-B0031", "kind": "vms", "name": "volcanogenic massive sulphide", "tonnage_mt": 0.1118, "grades": {"Cu %": 1.7991, "Zn %": 1.9874, "Pb %": 0.3012, "Ag g/t": 40.9579, "S %": 14.8667}, "depth_m": 2032, "blind": true, "strike_deg": 152, "dip_deg": 63, "length_m": 616, "width_m": 153.9, "shape": "lens", "host": "arc_plutonic", "chance": 0.706, "seen_by": {"geochemistry": false, "em": false, "gravity": false}, "water_depth_m": 0}}, {"type": "Feature", "geometry": {"type": "Point", "coordinates": [41.4677, -13.25028]}, "properties": {"id": "TRE2-VMS-012302B-03", "district_id": "TRE2-VMS-012302B", "belt_id": "TRE2-VMS-B0031", "kind": "vms", "name": "volcanogenic massive sulphide", "tonnage_mt": 2.9783, "grades": {"Cu %": 1.2301, "Zn %": 1.72, "Pb %": 0.1665, "Ag g/t": 22.9345, "S %": 32.0912}, "depth_m": 1948, "blind": true, "strike_deg": 171, "dip_deg": 41, "length_m": 429, "width_m": 266.5, "shape": "lens", "host": "arc_plutonic", "chance": 0.706, "seen_by": {"geochemistry": false, "em": false, "gravity": false}, "water_depth_m": 0}}, {"type": "Feature", "geometry": {"type": "Point", "coordinates": [41.38055, -13.15377]}, "properties": {"id": "TRE2-VMS-012302B-04", "district_id": "TRE2-VMS-012302B", "belt_id": "TRE2-VMS-B0031", "kind": "vms", "name": "volcanogenic massive sulphide", "tonnage_mt": 1.8185, "grades": {"Cu %": 0.9926, "Zn %": 1.9126, "Pb %": 0.3245, "Ag g/t": 20.8071, "S %": 17.7728}, "depth_m": 1836, "blind": true, "strike_deg": 153, "dip_deg": 59, "length_m": 571, "width_m": 245.5, "shape": "lens", "host": "arc_plutonic", "chance": 0.706, "seen_by": {"geochemistry": false, "em": false, "gravity": false}, "water_depth_m": 0}}, {"type": "Feature", "geometry": {"type": "Point", "coordinates": [41.38807, -13.15571]}, "properties": {"id": "TRE2-VMS-012302B-05", "district_id": "TRE2-VMS-012302B", "belt_id": "TRE2-VMS-B0031", "kind": "vms", "name": "volcanogenic massive sulphide", "tonnage_mt": 2.9976, "grades": {"Cu %": 1.8291, "Zn %": 1.0782, "Pb %": 0.1745, "Ag g/t": 29.6484, "S %": 35.9885}, "depth_m": 1938, "blind": true, "strike_deg": 172, "dip_deg": 50, "length_m": 768, "width_m": 166.6, "shape": "lens", "host": "arc_plutonic", "chance": 0.706, "seen_by": {"geochemistry": false, "em": false, "gravity": false}, "water_depth_m": 0}}, {"type": "Feature", "geometry": {"type": "Point", "coordinates": [41.41158, -13.25263]}, "properties": {"id": "TRE2-VMS-012302B-06", "district_id": "TRE2-VMS-012302B", "belt_id": "TRE2-VMS-B0031", "kind": "vms", "name": "volcanogenic massive sulphide", "tonnage_mt": 1.8035, "grades": {"Cu %": 1.5197, "Zn %": 1.4086, "Pb %": 0.4465, "Ag g/t": 32.3453, "S %": 32.823}, "depth_m": 1735, "blind": true, "strike_deg": 156, "dip_deg": 50, "length_m": 848, "width_m": 323.1, "shape": "lens", "host": "arc_plutonic", "chance": 0.706, "seen_by": {"geochemistry": false, "em": false, "gravity": false}, "water_depth_m": 0}}, {"type": "Feature", "geometry": {"type": "Point", "coordinates": [41.42795, -13.24771]}, "properties": {"id": "TRE2-VMS-012302B-07", "district_id": "TRE2-VMS-012302B", "belt_id": "TRE2-VMS-B0031", "kind": "vms", "name": "volcanogenic massive sulphide", "tonnage_mt": 1.0642, "grades": {"Cu %": 1.1141, "Zn %": 1.1696, "Pb %": 0.2038, "Ag g/t": 26.0691, "S %": 25.266}, "depth_m": 1919, "blind": true, "strike_deg": 15, "dip_deg": 37, "length_m": 1143, "width_m": 232.6, "shape": "lens", "host": "arc_plutonic", "chance": 0.706, "seen_by": {"geochemistry": false, "em": false, "gravity": false}, "water_depth_m": 0}}, {"type": "Feature", "geometry": {"type": "Point", "coordinates": [31.92299, -14.55255]}, "properties": {"id": "TRE2-VMS-012467A-01", "district_id": "TRE2-VMS-012467A", "belt_id": "TRE2-VMS-B0032", "kind": "vms", "name": "volcanogenic massive sulphide", "tonnage_mt": 1.8518, "grades": {"Cu %": 2.9502, "Zn %": 1.6732, "Pb %": 0.1278, "Ag g/t": 20.1064, "S %": 27.8731}, "depth_m": 94, "blind": false, "strike_deg": 50, "dip_deg": 32, "length_m": 358, "width_m": 401.6, "shape": "lens", "host": "basement", "chance": 0.706, "seen_by": {"geochemistry": false, "em": true, "gravity": true}, "water_depth_m": 0}}, {"type": "Feature", "geometry": {"type": "Point", "coordinates": [31.90256, -14.68312]}, "properties": {"id": "TRE2-VMS-012467A-02", "district_id": "TRE2-VMS-012467A", "belt_id": "TRE2-VMS-B0032", "kind": "vms", "name": "volcanogenic massive sulphide", "tonnage_mt": 2.6356, "grades": {"Cu %": 1.5697, "Zn %": 1.3675, "Pb %": 0.2123, "Ag g/t": 30.5651, "S %": 27.4747}, "depth_m": 437, "blind": true, "strike_deg": 58, "dip_deg": 68, "length_m": 813, "width_m": 324.3, "shape": "lens", "host": "basement", "chance": 0.706, "seen_by": {"geochemistry": false, "em": false, "gravity": true}, "water_depth_m": 0}}, {"type": "Feature", "geometry": {"type": "Point", "coordinates": [31.86675, -14.64879]}, "properties": {"id": "TRE2-VMS-012467A-03", "district_id": "TRE2-VMS-012467A", "belt_id": "TRE2-VMS-B0032", "kind": "vms", "name": "volcanogenic massive sulphide", "tonnage_mt": 0.5868, "grades": {"Cu %": 0.6041, "Zn %": 2.5031, "Pb %": 0.25, "Ag g/t": 27.3337, "S %": 33.6145}, "depth_m": 276, "blind": false, "strike_deg": 41, "dip_deg": 42, "length_m": 757, "width_m": 267.6, "shape": "lens", "host": "basement", "chance": 0.706, "seen_by": {"geochemistry": false, "em": true, "gravity": true}, "water_depth_m": 0}}, {"type": "Feature", "geometry": {"type": "Point", "coordinates": [31.9851, -14.68738]}, "properties": {"id": "TRE2-VMS-012467A-04", "district_id": "TRE2-VMS-012467A", "belt_id": "TRE2-VMS-B0032", "kind": "vms", "name": "volcanogenic massive sulphide", "tonnage_mt": 0.7159, "grades": {"Cu %": 1.2618, "Zn %": 1.6649, "Pb %": 0.1302, "Ag g/t": 45.7686, "S %": 21.1835}, "depth_m": 107, "blind": false, "strike_deg": 41, "dip_deg": 79, "length_m": 363, "width_m": 424.5, "shape": "lens", "host": "basement", "chance": 0.706, "seen_by": {"geochemistry": false, "em": true, "gravity": true}, "water_depth_m": 0}}, {"type": "Feature", "geometry": {"type": "Point", "coordinates": [31.94126, -14.59031]}, "properties": {"id": "TRE2-VMS-012467A-05", "district_id": "TRE2-VMS-012467A", "belt_id": "TRE2-VMS-B0032", "kind": "vms", "name": "volcanogenic massive sulphide", "tonnage_mt": 1.7562, "grades": {"Cu %": 1.3163, "Zn %": 1.8148, "Pb %": 0.2434, "Ag g/t": 24.3424, "S %": 41.2057}, "depth_m": 444, "blind": true, "strike_deg": 52, "dip_deg": 78, "length_m": 1277, "width_m": 247.5, "shape": "lens", "host": "basement", "chance": 0.706, "seen_by": {"geochemistry": false, "em": false, "gravity": true}, "water_depth_m": 0}}, {"type": "Feature", "geometry": {"type": "Point", "coordinates": [31.96055, -14.55091]}, "properties": {"id": "TRE2-VMS-012467A-06", "district_id": "TRE2-VMS-012467A", "belt_id": "TRE2-VMS-B0032", "kind": "vms", "name": "volcanogenic massive sulphide", "tonnage_mt": 0.846, "grades": {"Cu %": 0.8813, "Zn %": 1.4788, "Pb %": 0.2726, "Ag g/t": 30.1006, "S %": 22.2243}, "depth_m": 217, "blind": false, "strike_deg": 43, "dip_deg": 39, "length_m": 512, "width_m": 108.2, "shape": "lens", "host": "basement", "chance": 0.706, "seen_by": {"geochemistry": false, "em": true, "gravity": true}, "water_depth_m": 0}}, {"type": "Feature", "geometry": {"type": "Point", "coordinates": [31.83563, -14.61606]}, "properties": {"id": "TRE2-VMS-012467A-07", "district_id": "TRE2-VMS-012467A", "belt_id": "TRE2-VMS-B0032", "kind": "vms", "name": "volcanogenic massive sulphide", "tonnage_mt": 0.0852, "grades": {"Cu %": 1.1173, "Zn %": 2.543, "Pb %": 0.1944, "Ag g/t": 18.8961, "S %": 22.0043}, "depth_m": 0, "blind": false, "strike_deg": 65, "dip_deg": 53, "length_m": 395, "width_m": 130.3, "shape": "lens", "host": "basement", "chance": 0.706, "seen_by": {"geochemistry": true, "em": true, "gravity": true}, "water_depth_m": 0}}, {"type": "Feature", "geometry": {"type": "Point", "coordinates": [31.89314, -14.71312]}, "properties": {"id": "TRE2-VMS-012467A-08", "district_id": "TRE2-VMS-012467A", "belt_id": "TRE2-VMS-B0032", "kind": "vms", "name": "volcanogenic massive sulphide", "tonnage_mt": 5.2661, "grades": {"Cu %": 1.3515, "Zn %": 1.823, "Pb %": 0.238, "Ag g/t": 35.9445, "S %": 23.7068}, "depth_m": 320, "blind": true, "strike_deg": 48, "dip_deg": 59, "length_m": 276, "width_m": 222.7, "shape": "lens", "host": "basement", "chance": 0.706, "seen_by": {"geochemistry": false, "em": false, "gravity": true}, "water_depth_m": 0}}, {"type": "Feature", "geometry": {"type": "Point", "coordinates": [-28.89179, -15.09799]}, "properties": {"id": "TRE2-VMS-012635A-01", "district_id": "TRE2-VMS-012635A", "belt_id": "TRE2-VMS-B0033", "kind": "vms", "name": "volcanogenic massive sulphide", "tonnage_mt": 12.1845, "grades": {"Cu %": 0.8425, "Zn %": 2.4585, "Pb %": 0.1256, "Ag g/t": 18.2479, "S %": 37.0139}, "depth_m": 1046, "blind": true, "strike_deg": 21, "dip_deg": 38, "length_m": 621, "width_m": 432.1, "shape": "lens", "host": "arc_plutonic", "chance": 0.75, "seen_by": {"geochemistry": false, "em": false, "gravity": false}, "water_depth_m": 0}}, {"type": "Feature", "geometry": {"type": "Point", "coordinates": [-28.87089, -14.99531]}, "properties": {"id": "TRE2-VMS-012635A-02", "district_id": "TRE2-VMS-012635A", "belt_id": "TRE2-VMS-B0033", "kind": "vms", "name": "volcanogenic massive sulphide", "tonnage_mt": 0.3425, "grades": {"Cu %": 1.185, "Zn %": 3.1046, "Pb %": 0.4136, "Ag g/t": 18.7249, "S %": 31.8923}, "depth_m": 889, "blind": true, "strike_deg": 6, "dip_deg": 73, "length_m": 340, "width_m": 306.1, "shape": "lens", "host": "arc_plutonic", "chance": 0.75, "seen_by": {"geochemistry": false, "em": false, "gravity": false}, "water_depth_m": 0}}, {"type": "Feature", "geometry": {"type": "Point", "coordinates": [-28.99968, -15.09273]}, "properties": {"id": "TRE2-VMS-012635A-03", "district_id": "TRE2-VMS-012635A", "belt_id": "TRE2-VMS-B0033", "kind": "vms", "name": "volcanogenic massive sulphide", "tonnage_mt": 3.6782, "grades": {"Cu %": 0.9409, "Zn %": 1.3669, "Pb %": 0.3852, "Ag g/t": 24.063, "S %": 34.936}, "depth_m": 991, "blind": true, "strike_deg": 36, "dip_deg": 33, "length_m": 397, "width_m": 461.5, "shape": "lens", "host": "arc_plutonic", "chance": 0.75, "seen_by": {"geochemistry": false, "em": false, "gravity": false}, "water_depth_m": 0}}, {"type": "Feature", "geometry": {"type": "Point", "coordinates": [-27.51485, -15.53994]}, "properties": {"id": "TRE2-VMS-012724A-01", "district_id": "TRE2-VMS-012724A", "belt_id": "TRE2-VMS-B0033", "kind": "vms", "name": "volcanogenic massive sulphide", "tonnage_mt": 17.1402, "grades": {"Cu %": 0.7952, "Zn %": 1.1833, "Pb %": 0.3369, "Ag g/t": 32.3248, "S %": 11.298}, "depth_m": 163, "blind": false, "strike_deg": 59, "dip_deg": 63, "length_m": 281, "width_m": 186.7, "shape": "lens", "host": "arc_plutonic", "chance": 0.75, "seen_by": {"geochemistry": false, "em": true, "gravity": true}, "water_depth_m": 0}}, {"type": "Feature", "geometry": {"type": "Point", "coordinates": [-27.49008, -15.5239]}, "properties": {"id": "TRE2-VMS-012724A-02", "district_id": "TRE2-VMS-012724A", "belt_id": "TRE2-VMS-B0033", "kind": "vms", "name": "volcanogenic massive sulphide", "tonnage_mt": 0.0247, "grades": {"Cu %": 1.5363, "Zn %": 2.9914, "Pb %": 0.4214, "Ag g/t": 46.7017, "S %": 32.7747}, "depth_m": 0, "blind": false, "strike_deg": 54, "dip_deg": 51, "length_m": 808, "width_m": 222.8, "shape": "lens", "host": "arc_plutonic", "chance": 0.75, "seen_by": {"geochemistry": true, "em": true, "gravity": true}, "water_depth_m": 0}}, {"type": "Feature", "geometry": {"type": "Point", "coordinates": [-27.4335, -15.49093]}, "properties": {"id": "TRE2-VMS-012724A-03", "district_id": "TRE2-VMS-012724A", "belt_id": "TRE2-VMS-B0033", "kind": "vms", "name": "volcanogenic massive sulphide", "tonnage_mt": 0.5525, "grades": {"Cu %": 1.2354, "Zn %": 2.2031, "Pb %": 0.2277, "Ag g/t": 37.2219, "S %": 27.9829}, "depth_m": 23, "blind": false, "strike_deg": 72, "dip_deg": 49, "length_m": 583, "width_m": 387.0, "shape": "lens", "host": "arc_plutonic", "chance": 0.75, "seen_by": {"geochemistry": true, "em": true, "gravity": true}, "water_depth_m": 0}}, {"type": "Feature", "geometry": {"type": "Point", "coordinates": [-27.43276, -15.41838]}, "properties": {"id": "TRE2-VMS-012724A-04", "district_id": "TRE2-VMS-012724A", "belt_id": "TRE2-VMS-B0033", "kind": "vms", "name": "volcanogenic massive sulphide", "tonnage_mt": 0.1996, "grades": {"Cu %": 2.1107, "Zn %": 4.751, "Pb %": 0.3297, "Ag g/t": 38.094, "S %": 12.2674}, "depth_m": 68, "blind": false, "strike_deg": 63, "dip_deg": 59, "length_m": 498, "width_m": 135.7, "shape": "lens", "host": "arc_plutonic", "chance": 0.75, "seen_by": {"geochemistry": false, "em": true, "gravity": true}, "water_depth_m": 0}}, {"type": "Feature", "geometry": {"type": "Point", "coordinates": [-27.36686, -15.40948]}, "properties": {"id": "TRE2-VMS-012724A-05", "district_id": "TRE2-VMS-012724A", "belt_id": "TRE2-VMS-B0033", "kind": "vms", "name": "volcanogenic massive sulphide", "tonnage_mt": 6.2207, "grades": {"Cu %": 0.6178, "Zn %": 1.5903, "Pb %": 0.2967, "Ag g/t": 37.0927, "S %": 33.2955}, "depth_m": 0, "blind": false, "strike_deg": 67, "dip_deg": 59, "length_m": 322, "width_m": 134.5, "shape": "lens", "host": "arc_plutonic", "chance": 0.75, "seen_by": {"geochemistry": true, "em": true, "gravity": true}, "water_depth_m": 0}}, {"type": "Feature", "geometry": {"type": "Point", "coordinates": [-27.6075, -15.43179]}, "properties": {"id": "TRE2-VMS-012724A-06", "district_id": "TRE2-VMS-012724A", "belt_id": "TRE2-VMS-B0033", "kind": "vms", "name": "volcanogenic massive sulphide", "tonnage_mt": 0.787, "grades": {"Cu %": 1.4862, "Zn %": 1.4113, "Pb %": 0.2392, "Ag g/t": 29.0822, "S %": 48.4971}, "depth_m": 0, "blind": false, "strike_deg": 68, "dip_deg": 33, "length_m": 606, "width_m": 201.5, "shape": "lens", "host": "arc_plutonic", "chance": 0.75, "seen_by": {"geochemistry": true, "em": true, "gravity": true}, "water_depth_m": 0}}, {"type": "Feature", "geometry": {"type": "Point", "coordinates": [-27.56775, -15.50857]}, "properties": {"id": "TRE2-VMS-012724A-07", "district_id": "TRE2-VMS-012724A", "belt_id": "TRE2-VMS-B0033", "kind": "vms", "name": "volcanogenic massive sulphide", "tonnage_mt": 0.0943, "grades": {"Cu %": 0.9337, "Zn %": 2.0554, "Pb %": 0.2613, "Ag g/t": 33.2575, "S %": 18.6897}, "depth_m": 57, "blind": false, "strike_deg": 70, "dip_deg": 42, "length_m": 374, "width_m": 173.0, "shape": "lens", "host": "arc_plutonic", "chance": 0.75, "seen_by": {"geochemistry": false, "em": true, "gravity": true}, "water_depth_m": 0}}, {"type": "Feature", "geometry": {"type": "Point", "coordinates": [-27.64773, -15.57058]}, "properties": {"id": "TRE2-VMS-012724A-08", "district_id": "TRE2-VMS-012724A", "belt_id": "TRE2-VMS-B0033", "kind": "vms", "name": "volcanogenic massive sulphide", "tonnage_mt": 0.436, "grades": {"Cu %": 0.7501, "Zn %": 1.7398, "Pb %": 0.3174, "Ag g/t": 66.015, "S %": 58.5572}, "depth_m": 0, "blind": false, "strike_deg": 53, "dip_deg": 32, "length_m": 769, "width_m": 275.6, "shape": "lens", "host": "arc_plutonic", "chance": 0.75, "seen_by": {"geochemistry": true, "em": true, "gravity": true}, "water_depth_m": 0}}, {"type": "Feature", "geometry": {"type": "Point", "coordinates": [-27.58627, -15.56567]}, "properties": {"id": "TRE2-VMS-012724A-09", "district_id": "TRE2-VMS-012724A", "belt_id": "TRE2-VMS-B0033", "kind": "vms", "name": "volcanogenic massive sulphide", "tonnage_mt": 8.6079, "grades": {"Cu %": 2.0295, "Zn %": 1.262, "Pb %": 0.5795, "Ag g/t": 47.8034, "S %": 18.2473}, "depth_m": 0, "blind": false, "strike_deg": 75, "dip_deg": 54, "length_m": 1160, "width_m": 142.9, "shape": "lens", "host": "arc_plutonic", "chance": 0.75, "seen_by": {"geochemistry": true, "em": true, "gravity": true}, "water_depth_m": 0}}, {"type": "Feature", "geometry": {"type": "Point", "coordinates": [-27.50047, -16.3717]}, "properties": {"id": "TRE2-VMS-012724B-01", "district_id": "TRE2-VMS-012724B", "belt_id": "TRE2-VMS-B0033", "kind": "vms", "name": "volcanogenic massive sulphide", "tonnage_mt": 0.2472, "grades": {"Cu %": 1.1216, "Zn %": 1.4154, "Pb %": 0.4233, "Ag g/t": 41.3965, "S %": 35.9256}, "depth_m": 0, "blind": false, "strike_deg": 63, "dip_deg": 77, "length_m": 688, "width_m": 203.0, "shape": "lens", "host": "arc_plutonic", "chance": 0.75, "seen_by": {"geochemistry": true, "em": true, "gravity": true}, "water_depth_m": 0}}, {"type": "Feature", "geometry": {"type": "Point", "coordinates": [-27.56605, -16.48319]}, "properties": {"id": "TRE2-VMS-012724B-02", "district_id": "TRE2-VMS-012724B", "belt_id": "TRE2-VMS-B0033", "kind": "vms", "name": "volcanogenic massive sulphide", "tonnage_mt": 6.4074, "grades": {"Cu %": 0.8068, "Zn %": 1.6165, "Pb %": 0.4886, "Ag g/t": 39.1564, "S %": 31.4976}, "depth_m": 0, "blind": false, "strike_deg": 44, "dip_deg": 50, "length_m": 1389, "width_m": 366.5, "shape": "lens", "host": "arc_plutonic", "chance": 0.75, "seen_by": {"geochemistry": true, "em": true, "gravity": true}, "water_depth_m": 0}}, {"type": "Feature", "geometry": {"type": "Point", "coordinates": [-27.52511, -16.42433]}, "properties": {"id": "TRE2-VMS-012724B-03", "district_id": "TRE2-VMS-012724B", "belt_id": "TRE2-VMS-B0033", "kind": "vms", "name": "volcanogenic massive sulphide", "tonnage_mt": 0.1332, "grades": {"Cu %": 1.8493, "Zn %": 1.4928, "Pb %": 0.2784, "Ag g/t": 31.0263, "S %": 52.3988}, "depth_m": 0, "blind": false, "strike_deg": 61, "dip_deg": 51, "length_m": 324, "width_m": 137.5, "shape": "lens", "host": "arc_plutonic", "chance": 0.75, "seen_by": {"geochemistry": true, "em": true, "gravity": true}, "water_depth_m": 0}}, {"type": "Feature", "geometry": {"type": "Point", "coordinates": [-27.43078, -16.37907]}, "properties": {"id": "TRE2-VMS-012724B-04", "district_id": "TRE2-VMS-012724B", "belt_id": "TRE2-VMS-B0033", "kind": "vms", "name": "volcanogenic massive sulphide", "tonnage_mt": 0.1907, "grades": {"Cu %": 1.3198, "Zn %": 2.1226, "Pb %": 0.3829, "Ag g/t": 25.2614, "S %": 42.0923}, "depth_m": 5, "blind": false, "strike_deg": 68, "dip_deg": 73, "length_m": 946, "width_m": 168.2, "shape": "lens", "host": "arc_plutonic", "chance": 0.75, "seen_by": {"geochemistry": true, "em": true, "gravity": true}, "water_depth_m": 0}}, {"type": "Feature", "geometry": {"type": "Point", "coordinates": [-27.5375, -16.45797]}, "properties": {"id": "TRE2-VMS-012724B-05", "district_id": "TRE2-VMS-012724B", "belt_id": "TRE2-VMS-B0033", "kind": "vms", "name": "volcanogenic massive sulphide", "tonnage_mt": 0.8623, "grades": {"Cu %": 1.4731, "Zn %": 3.3926, "Pb %": 0.2487, "Ag g/t": 48.2389, "S %": 14.857}, "depth_m": 0, "blind": false, "strike_deg": 62, "dip_deg": 68, "length_m": 1530, "width_m": 265.9, "shape": "lens", "host": "arc_plutonic", "chance": 0.75, "seen_by": {"geochemistry": true, "em": true, "gravity": true}, "water_depth_m": 0}}, {"type": "Feature", "geometry": {"type": "Point", "coordinates": [-27.62984, -16.52737]}, "properties": {"id": "TRE2-VMS-012724B-06", "district_id": "TRE2-VMS-012724B", "belt_id": "TRE2-VMS-B0033", "kind": "vms", "name": "volcanogenic massive sulphide", "tonnage_mt": 2.3695, "grades": {"Cu %": 0.9283, "Zn %": 2.4158, "Pb %": 0.3509, "Ag g/t": 31.8736, "S %": 55.8011}, "depth_m": 0, "blind": false, "strike_deg": 61, "dip_deg": 36, "length_m": 731, "width_m": 209.4, "shape": "lens", "host": "arc_plutonic", "chance": 0.75, "seen_by": {"geochemistry": true, "em": true, "gravity": true}, "water_depth_m": 0}}, {"type": "Feature", "geometry": {"type": "Point", "coordinates": [-27.55373, -16.44344]}, "properties": {"id": "TRE2-VMS-012724B-07", "district_id": "TRE2-VMS-012724B", "belt_id": "TRE2-VMS-B0033", "kind": "vms", "name": "volcanogenic massive sulphide", "tonnage_mt": 0.0208, "grades": {"Cu %": 2.0349, "Zn %": 2.1853, "Pb %": 0.1759, "Ag g/t": 13.3698, "S %": 29.744}, "depth_m": 0, "blind": false, "strike_deg": 79, "dip_deg": 74, "length_m": 843, "width_m": 186.4, "shape": "lens", "host": "arc_plutonic", "chance": 0.75, "seen_by": {"geochemistry": true, "em": true, "gravity": true}, "water_depth_m": 0}}, {"type": "Feature", "geometry": {"type": "Point", "coordinates": [150.16842, -16.83629]}, "properties": {"id": "TRE2-VMS-012940A-01", "district_id": "TRE2-VMS-012940A", "belt_id": "TRE2-VMS-B0034", "kind": "vms", "name": "volcanogenic massive sulphide", "tonnage_mt": 0.0212, "grades": {"Cu %": 2.0998, "Zn %": 0.9781, "Pb %": 0.2105, "Ag g/t": 26.2976, "S %": 28.3495}, "depth_m": 1560, "blind": true, "strike_deg": 58, "dip_deg": 33, "length_m": 438, "width_m": 289.3, "shape": "lens", "host": "carbonate", "chance": 0.701, "seen_by": {"geochemistry": false, "em": false, "gravity": false}, "water_depth_m": 0}}, {"type": "Feature", "geometry": {"type": "Point", "coordinates": [150.28095, -16.66169]}, "properties": {"id": "TRE2-VMS-012940A-02", "district_id": "TRE2-VMS-012940A", "belt_id": "TRE2-VMS-B0034", "kind": "vms", "name": "volcanogenic massive sulphide", "tonnage_mt": 0.0845, "grades": {"Cu %": 1.1275, "Zn %": 3.454, "Pb %": 0.3068, "Ag g/t": 50.7725, "S %": 36.4291}, "depth_m": 1453, "blind": true, "strike_deg": 37, "dip_deg": 67, "length_m": 707, "width_m": 312.2, "shape": "lens", "host": "carbonate", "chance": 0.701, "seen_by": {"geochemistry": false, "em": false, "gravity": false}, "water_depth_m": 0}}, {"type": "Feature", "geometry": {"type": "Point", "coordinates": [54.7689, -17.06606]}, "properties": {"id": "TRE2-VMS-013014A-01", "district_id": "TRE2-VMS-013014A", "belt_id": "TRE2-VMS-B0035", "kind": "vms", "name": "volcanogenic massive sulphide", "tonnage_mt": 0.3673, "grades": {"Cu %": 1.2447, "Zn %": 1.8456, "Pb %": 0.232, "Ag g/t": 35.2727, "S %": 26.2302}, "depth_m": 560, "blind": true, "strike_deg": 72, "dip_deg": 72, "length_m": 583, "width_m": 265.2, "shape": "lens", "host": "carbonate", "chance": 0.725, "seen_by": {"geochemistry": false, "em": false, "gravity": true}, "water_depth_m": 0}}, {"type": "Feature", "geometry": {"type": "Point", "coordinates": [54.78049, -17.09783]}, "properties": {"id": "TRE2-VMS-013014A-02", "district_id": "TRE2-VMS-013014A", "belt_id": "TRE2-VMS-B0035", "kind": "vms", "name": "volcanogenic massive sulphide", "tonnage_mt": 0.9455, "grades": {"Cu %": 0.8956, "Zn %": 2.3598, "Pb %": 0.1906, "Ag g/t": 61.4118, "S %": 28.9088}, "depth_m": 554, "blind": true, "strike_deg": 99, "dip_deg": 43, "length_m": 433, "width_m": 216.5, "shape": "lens", "host": "carbonate", "chance": 0.725, "seen_by": {"geochemistry": false, "em": false, "gravity": true}, "water_depth_m": 0}}, {"type": "Feature", "geometry": {"type": "Point", "coordinates": [54.7673, -17.00208]}, "properties": {"id": "TRE2-VMS-013014A-03", "district_id": "TRE2-VMS-013014A", "belt_id": "TRE2-VMS-B0035", "kind": "vms", "name": "volcanogenic massive sulphide", "tonnage_mt": 0.2043, "grades": {"Cu %": 1.4748, "Zn %": 2.6319, "Pb %": 0.1385, "Ag g/t": 26.8115, "S %": 44.4859}, "depth_m": 651, "blind": true, "strike_deg": 70, "dip_deg": 33, "length_m": 431, "width_m": 296.9, "shape": "lens", "host": "carbonate", "chance": 0.725, "seen_by": {"geochemistry": false, "em": false, "gravity": true}, "water_depth_m": 0}}, {"type": "Feature", "geometry": {"type": "Point", "coordinates": [54.78774, -16.99114]}, "properties": {"id": "TRE2-VMS-013014A-04", "district_id": "TRE2-VMS-013014A", "belt_id": "TRE2-VMS-B0035", "kind": "vms", "name": "volcanogenic massive sulphide", "tonnage_mt": 17.5469, "grades": {"Cu %": 1.4852, "Zn %": 5.2035, "Pb %": 0.2112, "Ag g/t": 21.4959, "S %": 30.1299}, "depth_m": 746, "blind": true, "strike_deg": 73, "dip_deg": 76, "length_m": 521, "width_m": 301.8, "shape": "lens", "host": "carbonate", "chance": 0.725, "seen_by": {"geochemistry": false, "em": false, "gravity": true}, "water_depth_m": 0}}, {"type": "Feature", "geometry": {"type": "Point", "coordinates": [54.81634, -16.9937]}, "properties": {"id": "TRE2-VMS-013014A-05", "district_id": "TRE2-VMS-013014A", "belt_id": "TRE2-VMS-B0035", "kind": "vms", "name": "volcanogenic massive sulphide", "tonnage_mt": 0.8536, "grades": {"Cu %": 1.3565, "Zn %": 1.4636, "Pb %": 0.2286, "Ag g/t": 33.8682, "S %": 21.4995}, "depth_m": 537, "blind": true, "strike_deg": 81, "dip_deg": 76, "length_m": 512, "width_m": 111.1, "shape": "lens", "host": "carbonate", "chance": 0.725, "seen_by": {"geochemistry": false, "em": false, "gravity": true}, "water_depth_m": 0}}, {"type": "Feature", "geometry": {"type": "Point", "coordinates": [54.59887, -17.76184]}, "properties": {"id": "TRE2-VMS-013014B-01", "district_id": "TRE2-VMS-013014B", "belt_id": "TRE2-VMS-B0035", "kind": "vms", "name": "volcanogenic massive sulphide", "tonnage_mt": 1.6346, "grades": {"Cu %": 2.7972, "Zn %": 1.9425, "Pb %": 0.1342, "Ag g/t": 14.155, "S %": 65.0021}, "depth_m": 896, "blind": true, "strike_deg": 82, "dip_deg": 63, "length_m": 912, "width_m": 486.5, "shape": "lens", "host": "carbonate", "chance": 0.725, "seen_by": {"geochemistry": false, "em": false, "gravity": false}, "water_depth_m": 0}}, {"type": "Feature", "geometry": {"type": "Point", "coordinates": [54.59127, -17.78763]}, "properties": {"id": "TRE2-VMS-013014B-02", "district_id": "TRE2-VMS-013014B", "belt_id": "TRE2-VMS-B0035", "kind": "vms", "name": "volcanogenic massive sulphide", "tonnage_mt": 0.1786, "grades": {"Cu %": 1.1868, "Zn %": 3.2255, "Pb %": 0.2105, "Ag g/t": 29.9752, "S %": 64.263}, "depth_m": 478, "blind": true, "strike_deg": 78, "dip_deg": 58, "length_m": 626, "width_m": 168.7, "shape": "lens", "host": "carbonate", "chance": 0.725, "seen_by": {"geochemistry": false, "em": false, "gravity": true}, "water_depth_m": 0}}, {"type": "Feature", "geometry": {"type": "Point", "coordinates": [54.67354, -17.78206]}, "properties": {"id": "TRE2-VMS-013014B-03", "district_id": "TRE2-VMS-013014B", "belt_id": "TRE2-VMS-B0035", "kind": "vms", "name": "volcanogenic massive sulphide", "tonnage_mt": 0.6166, "grades": {"Cu %": 0.9212, "Zn %": 1.6908, "Pb %": 0.2825, "Ag g/t": 27.4055, "S %": 15.1949}, "depth_m": 534, "blind": true, "strike_deg": 88, "dip_deg": 32, "length_m": 839, "width_m": 416.1, "shape": "lens", "host": "carbonate", "chance": 0.725, "seen_by": {"geochemistry": false, "em": false, "gravity": true}, "water_depth_m": 0}}, {"type": "Feature", "geometry": {"type": "Point", "coordinates": [54.68123, -17.83804]}, "properties": {"id": "TRE2-VMS-013014B-04", "district_id": "TRE2-VMS-013014B", "belt_id": "TRE2-VMS-B0035", "kind": "vms", "name": "volcanogenic massive sulphide", "tonnage_mt": 0.7219, "grades": {"Cu %": 1.3405, "Zn %": 2.6817, "Pb %": 0.3405, "Ag g/t": 31.2871, "S %": 43.9869}, "depth_m": 171, "blind": false, "strike_deg": 76, "dip_deg": 49, "length_m": 580, "width_m": 162.5, "shape": "lens", "host": "carbonate", "chance": 0.725, "seen_by": {"geochemistry": false, "em": true, "gravity": true}, "water_depth_m": 0}}, {"type": "Feature", "geometry": {"type": "Point", "coordinates": [54.67615, -17.74372]}, "properties": {"id": "TRE2-VMS-013014B-05", "district_id": "TRE2-VMS-013014B", "belt_id": "TRE2-VMS-B0035", "kind": "vms", "name": "volcanogenic massive sulphide", "tonnage_mt": 0.9958, "grades": {"Cu %": 1.0952, "Zn %": 2.6572, "Pb %": 0.5889, "Ag g/t": 42.795, "S %": 25.2489}, "depth_m": 518, "blind": true, "strike_deg": 73, "dip_deg": 32, "length_m": 473, "width_m": 280.8, "shape": "lens", "host": "carbonate", "chance": 0.725, "seen_by": {"geochemistry": false, "em": false, "gravity": true}, "water_depth_m": 0}}, {"type": "Feature", "geometry": {"type": "Point", "coordinates": [54.56639, -17.80744]}, "properties": {"id": "TRE2-VMS-013014B-06", "district_id": "TRE2-VMS-013014B", "belt_id": "TRE2-VMS-B0035", "kind": "vms", "name": "volcanogenic massive sulphide", "tonnage_mt": 2.1533, "grades": {"Cu %": 1.872, "Zn %": 1.9395, "Pb %": 0.2456, "Ag g/t": 59.6802, "S %": 18.885}, "depth_m": 176, "blind": false, "strike_deg": 63, "dip_deg": 57, "length_m": 595, "width_m": 271.3, "shape": "lens", "host": "carbonate", "chance": 0.725, "seen_by": {"geochemistry": false, "em": true, "gravity": true}, "water_depth_m": 0}}, {"type": "Feature", "geometry": {"type": "Point", "coordinates": [54.74327, -17.71657]}, "properties": {"id": "TRE2-VMS-013014B-07", "district_id": "TRE2-VMS-013014B", "belt_id": "TRE2-VMS-B0035", "kind": "vms", "name": "volcanogenic massive sulphide", "tonnage_mt": 0.4249, "grades": {"Cu %": 1.4265, "Zn %": 2.6654, "Pb %": 0.3333, "Ag g/t": 28.0512, "S %": 19.0802}, "depth_m": 442, "blind": true, "strike_deg": 72, "dip_deg": 66, "length_m": 685, "width_m": 154.2, "shape": "lens", "host": "carbonate", "chance": 0.725, "seen_by": {"geochemistry": false, "em": false, "gravity": true}, "water_depth_m": 0}}, {"type": "Feature", "geometry": {"type": "Point", "coordinates": [151.44593, -21.21125]}, "properties": {"id": "TRE2-VMS-013550A-01", "district_id": "TRE2-VMS-013550A", "belt_id": "TRE2-VMS-B0036", "kind": "vms", "name": "volcanogenic massive sulphide", "tonnage_mt": 11.6418, "grades": {"Cu %": 1.7375, "Zn %": 1.9856, "Pb %": 0.2488, "Ag g/t": 28.6766, "S %": 39.0078}, "depth_m": 690, "blind": true, "strike_deg": 41, "dip_deg": 56, "length_m": 776, "width_m": 123.6, "shape": "lens", "host": "carbonate", "chance": 0.701, "seen_by": {"geochemistry": false, "em": false, "gravity": true}, "water_depth_m": 0}}, {"type": "Feature", "geometry": {"type": "Point", "coordinates": [151.34987, -21.35522]}, "properties": {"id": "TRE2-VMS-013550A-02", "district_id": "TRE2-VMS-013550A", "belt_id": "TRE2-VMS-B0036", "kind": "vms", "name": "volcanogenic massive sulphide", "tonnage_mt": 2.592, "grades": {"Cu %": 2.0184, "Zn %": 2.8244, "Pb %": 0.4612, "Ag g/t": 27.8825, "S %": 27.0694}, "depth_m": 629, "blind": true, "strike_deg": 66, "dip_deg": 77, "length_m": 359, "width_m": 202.4, "shape": "lens", "host": "carbonate", "chance": 0.701, "seen_by": {"geochemistry": false, "em": false, "gravity": true}, "water_depth_m": 0}}, {"type": "Feature", "geometry": {"type": "Point", "coordinates": [151.38418, -21.31195]}, "properties": {"id": "TRE2-VMS-013550A-03", "district_id": "TRE2-VMS-013550A", "belt_id": "TRE2-VMS-B0036", "kind": "vms", "name": "volcanogenic massive sulphide", "tonnage_mt": 2.2074, "grades": {"Cu %": 2.3592, "Zn %": 1.9409, "Pb %": 0.5138, "Ag g/t": 29.1826, "S %": 31.3584}, "depth_m": 457, "blind": true, "strike_deg": 57, "dip_deg": 57, "length_m": 849, "width_m": 222.2, "shape": "lens", "host": "carbonate", "chance": 0.701, "seen_by": {"geochemistry": false, "em": false, "gravity": true}, "water_depth_m": 0}}, {"type": "Feature", "geometry": {"type": "Point", "coordinates": [151.50374, -21.17075]}, "properties": {"id": "TRE2-VMS-013550A-04", "district_id": "TRE2-VMS-013550A", "belt_id": "TRE2-VMS-B0036", "kind": "vms", "name": "volcanogenic massive sulphide", "tonnage_mt": 0.7246, "grades": {"Cu %": 1.2016, "Zn %": 1.6189, "Pb %": 0.4561, "Ag g/t": 38.6945, "S %": 19.3706}, "depth_m": 531, "blind": true, "strike_deg": 48, "dip_deg": 57, "length_m": 804, "width_m": 119.6, "shape": "lens", "host": "carbonate", "chance": 0.701, "seen_by": {"geochemistry": false, "em": false, "gravity": true}, "water_depth_m": 0}}, {"type": "Feature", "geometry": {"type": "Point", "coordinates": [151.46805, -21.31044]}, "properties": {"id": "TRE2-VMS-013550A-05", "district_id": "TRE2-VMS-013550A", "belt_id": "TRE2-VMS-B0036", "kind": "vms", "name": "volcanogenic massive sulphide", "tonnage_mt": 0.2031, "grades": {"Cu %": 1.6759, "Zn %": 2.2803, "Pb %": 0.1776, "Ag g/t": 31.1798, "S %": 32.1581}, "depth_m": 570, "blind": true, "strike_deg": 61, "dip_deg": 42, "length_m": 817, "width_m": 290.6, "shape": "lens", "host": "carbonate", "chance": 0.701, "seen_by": {"geochemistry": false, "em": false, "gravity": true}, "water_depth_m": 0}}, {"type": "Feature", "geometry": {"type": "Point", "coordinates": [152.53758, -22.97353]}, "properties": {"id": "TRE2-VMS-014016A-01", "district_id": "TRE2-VMS-014016A", "belt_id": "TRE2-VMS-B0038", "kind": "vms", "name": "volcanogenic massive sulphide", "tonnage_mt": 0.1036, "grades": {"Cu %": 0.8209, "Zn %": 1.8336, "Pb %": 0.5129, "Ag g/t": 19.7684, "S %": 27.7255}, "depth_m": 1477, "blind": true, "strike_deg": 141, "dip_deg": 72, "length_m": 860, "width_m": 261.9, "shape": "lens", "host": "carbonate", "chance": 0.692, "seen_by": {"geochemistry": false, "em": false, "gravity": false}, "water_depth_m": 0}}, {"type": "Feature", "geometry": {"type": "Point", "coordinates": [152.63601, -23.08876]}, "properties": {"id": "TRE2-VMS-014016A-02", "district_id": "TRE2-VMS-014016A", "belt_id": "TRE2-VMS-B0038", "kind": "vms", "name": "volcanogenic massive sulphide", "tonnage_mt": 0.277, "grades": {"Cu %": 2.2034, "Zn %": 4.2674, "Pb %": 0.3188, "Ag g/t": 19.735, "S %": 50.6911}, "depth_m": 1724, "blind": true, "strike_deg": 146, "dip_deg": 37, "length_m": 387, "width_m": 152.6, "shape": "lens", "host": "carbonate", "chance": 0.692, "seen_by": {"geochemistry": false, "em": false, "gravity": false}, "water_depth_m": 0}}, {"type": "Feature", "geometry": {"type": "Point", "coordinates": [152.68743, -23.11095]}, "properties": {"id": "TRE2-VMS-014016A-03", "district_id": "TRE2-VMS-014016A", "belt_id": "TRE2-VMS-B0038", "kind": "vms", "name": "volcanogenic massive sulphide", "tonnage_mt": 12.4108, "grades": {"Cu %": 0.978, "Zn %": 1.4601, "Pb %": 0.2774, "Ag g/t": 32.7098, "S %": 29.507}, "depth_m": 1776, "blind": true, "strike_deg": 149, "dip_deg": 35, "length_m": 1025, "width_m": 237.6, "shape": "lens", "host": "carbonate", "chance": 0.692, "seen_by": {"geochemistry": false, "em": false, "gravity": false}, "water_depth_m": 0}}, {"type": "Feature", "geometry": {"type": "Point", "coordinates": [152.65052, -23.14982]}, "properties": {"id": "TRE2-VMS-014016A-04", "district_id": "TRE2-VMS-014016A", "belt_id": "TRE2-VMS-B0038", "kind": "vms", "name": "volcanogenic massive sulphide", "tonnage_mt": 0.1479, "grades": {"Cu %": 1.2869, "Zn %": 1.9337, "Pb %": 0.4145, "Ag g/t": 43.4026, "S %": 27.6705}, "depth_m": 1747, "blind": true, "strike_deg": 118, "dip_deg": 71, "length_m": 745, "width_m": 178.0, "shape": "lens", "host": "carbonate", "chance": 0.692, "seen_by": {"geochemistry": false, "em": false, "gravity": false}, "water_depth_m": 0}}, {"type": "Feature", "geometry": {"type": "Point", "coordinates": [152.6499, -23.04769]}, "properties": {"id": "TRE2-VMS-014016A-05", "district_id": "TRE2-VMS-014016A", "belt_id": "TRE2-VMS-B0038", "kind": "vms", "name": "volcanogenic massive sulphide", "tonnage_mt": 0.5602, "grades": {"Cu %": 0.8544, "Zn %": 2.0027, "Pb %": 0.1588, "Ag g/t": 30.9907, "S %": 43.0212}, "depth_m": 1702, "blind": true, "strike_deg": 121, "dip_deg": 37, "length_m": 574, "width_m": 169.3, "shape": "lens", "host": "carbonate", "chance": 0.692, "seen_by": {"geochemistry": false, "em": false, "gravity": false}, "water_depth_m": 0}}, {"type": "Feature", "geometry": {"type": "Point", "coordinates": [152.47405, -22.91414]}, "properties": {"id": "TRE2-VMS-014016A-06", "district_id": "TRE2-VMS-014016A", "belt_id": "TRE2-VMS-B0038", "kind": "vms", "name": "volcanogenic massive sulphide", "tonnage_mt": 5.9088, "grades": {"Cu %": 1.6018, "Zn %": 2.2108, "Pb %": 0.6038, "Ag g/t": 21.0129, "S %": 21.7424}, "depth_m": 1823, "blind": true, "strike_deg": 142, "dip_deg": 71, "length_m": 720, "width_m": 259.3, "shape": "lens", "host": "carbonate", "chance": 0.692, "seen_by": {"geochemistry": false, "em": false, "gravity": false}, "water_depth_m": 0}}, {"type": "Feature", "geometry": {"type": "Point", "coordinates": [152.65133, -23.15608]}, "properties": {"id": "TRE2-VMS-014016A-07", "district_id": "TRE2-VMS-014016A", "belt_id": "TRE2-VMS-B0038", "kind": "vms", "name": "volcanogenic massive sulphide", "tonnage_mt": 0.8437, "grades": {"Cu %": 0.5254, "Zn %": 1.9061, "Pb %": 0.1831, "Ag g/t": 19.6267, "S %": 20.2271}, "depth_m": 1852, "blind": true, "strike_deg": 131, "dip_deg": 70, "length_m": 636, "width_m": 385.8, "shape": "lens", "host": "carbonate", "chance": 0.692, "seen_by": {"geochemistry": false, "em": false, "gravity": false}, "water_depth_m": 0}}, {"type": "Feature", "geometry": {"type": "Point", "coordinates": [152.69241, -23.11783]}, "properties": {"id": "TRE2-VMS-014016A-08", "district_id": "TRE2-VMS-014016A", "belt_id": "TRE2-VMS-B0038", "kind": "vms", "name": "volcanogenic massive sulphide", "tonnage_mt": 17.145, "grades": {"Cu %": 1.5725, "Zn %": 1.3022, "Pb %": 0.2899, "Ag g/t": 26.4344, "S %": 18.266}, "depth_m": 1838, "blind": true, "strike_deg": 137, "dip_deg": 77, "length_m": 528, "width_m": 305.8, "shape": "lens", "host": "carbonate", "chance": 0.692, "seen_by": {"geochemistry": false, "em": false, "gravity": false}, "water_depth_m": 0}}, {"type": "Feature", "geometry": {"type": "Point", "coordinates": [152.67654, -23.21025]}, "properties": {"id": "TRE2-VMS-014016A-09", "district_id": "TRE2-VMS-014016A", "belt_id": "TRE2-VMS-B0038", "kind": "vms", "name": "volcanogenic massive sulphide", "tonnage_mt": 14.0852, "grades": {"Cu %": 1.5876, "Zn %": 1.6786, "Pb %": 0.4308, "Ag g/t": 30.9541, "S %": 41.4255}, "depth_m": 1657, "blind": true, "strike_deg": 128, "dip_deg": 53, "length_m": 802, "width_m": 213.3, "shape": "lens", "host": "carbonate", "chance": 0.692, "seen_by": {"geochemistry": false, "em": false, "gravity": false}, "water_depth_m": 0}}, {"type": "Feature", "geometry": {"type": "Point", "coordinates": [152.58076, -23.04658]}, "properties": {"id": "TRE2-VMS-014016A-10", "district_id": "TRE2-VMS-014016A", "belt_id": "TRE2-VMS-B0038", "kind": "vms", "name": "volcanogenic massive sulphide", "tonnage_mt": 8.8146, "grades": {"Cu %": 1.4334, "Zn %": 1.4989, "Pb %": 0.1922, "Ag g/t": 22.6104, "S %": 44.7258}, "depth_m": 1833, "blind": true, "strike_deg": 144, "dip_deg": 62, "length_m": 1258, "width_m": 113.3, "shape": "lens", "host": "carbonate", "chance": 0.692, "seen_by": {"geochemistry": false, "em": false, "gravity": false}, "water_depth_m": 0}}, {"type": "Feature", "geometry": {"type": "Point", "coordinates": [149.14576, -24.28251]}, "properties": {"id": "TRE2-VMS-014071A-01", "district_id": "TRE2-VMS-014071A", "belt_id": "TRE2-VMS-B0038", "kind": "vms", "name": "volcanogenic massive sulphide", "tonnage_mt": 12.6344, "grades": {"Cu %": 0.9674, "Zn %": 3.3862, "Pb %": 0.2818, "Ag g/t": 36.4283, "S %": 31.8021}, "depth_m": 1865, "blind": true, "strike_deg": 0, "dip_deg": 38, "length_m": 556, "width_m": 295.9, "shape": "lens", "host": "arc_plutonic", "chance": 0.783, "seen_by": {"geochemistry": false, "em": false, "gravity": false}, "water_depth_m": 0}}, {"type": "Feature", "geometry": {"type": "Point", "coordinates": [149.06473, -24.40882]}, "properties": {"id": "TRE2-VMS-014071A-02", "district_id": "TRE2-VMS-014071A", "belt_id": "TRE2-VMS-B0038", "kind": "vms", "name": "volcanogenic massive sulphide", "tonnage_mt": 0.6803, "grades": {"Cu %": 1.7494, "Zn %": 2.0157, "Pb %": 0.3581, "Ag g/t": 38.1206, "S %": 22.1524}, "depth_m": 1471, "blind": true, "strike_deg": 7, "dip_deg": 32, "length_m": 534, "width_m": 110.5, "shape": "lens", "host": "arc_plutonic", "chance": 0.783, "seen_by": {"geochemistry": false, "em": false, "gravity": false}, "water_depth_m": 0}}, {"type": "Feature", "geometry": {"type": "Point", "coordinates": [149.13863, -24.35061]}, "properties": {"id": "TRE2-VMS-014071A-03", "district_id": "TRE2-VMS-014071A", "belt_id": "TRE2-VMS-B0038", "kind": "vms", "name": "volcanogenic massive sulphide", "tonnage_mt": 13.1118, "grades": {"Cu %": 0.7789, "Zn %": 3.2601, "Pb %": 0.33, "Ag g/t": 33.5617, "S %": 24.2585}, "depth_m": 1533, "blind": true, "strike_deg": 0, "dip_deg": 67, "length_m": 557, "width_m": 157.8, "shape": "lens", "host": "arc_plutonic", "chance": 0.783, "seen_by": {"geochemistry": false, "em": false, "gravity": false}, "water_depth_m": 0}}, {"type": "Feature", "geometry": {"type": "Point", "coordinates": [149.07391, -24.56986]}, "properties": {"id": "TRE2-VMS-014071A-04", "district_id": "TRE2-VMS-014071A", "belt_id": "TRE2-VMS-B0038", "kind": "vms", "name": "volcanogenic massive sulphide", "tonnage_mt": 3.1278, "grades": {"Cu %": 0.9552, "Zn %": 2.3907, "Pb %": 0.3306, "Ag g/t": 52.89, "S %": 29.9415}, "depth_m": 1493, "blind": true, "strike_deg": 12, "dip_deg": 32, "length_m": 598, "width_m": 252.4, "shape": "lens", "host": "arc_plutonic", "chance": 0.783, "seen_by": {"geochemistry": false, "em": false, "gravity": false}, "water_depth_m": 0}}, {"type": "Feature", "geometry": {"type": "Point", "coordinates": [149.13248, -24.31612]}, "properties": {"id": "TRE2-VMS-014071A-05", "district_id": "TRE2-VMS-014071A", "belt_id": "TRE2-VMS-B0038", "kind": "vms", "name": "volcanogenic massive sulphide", "tonnage_mt": 0.9186, "grades": {"Cu %": 1.1802, "Zn %": 1.7027, "Pb %": 0.3949, "Ag g/t": 14.7374, "S %": 28.6738}, "depth_m": 1621, "blind": true, "strike_deg": 4, "dip_deg": 60, "length_m": 724, "width_m": 178.1, "shape": "lens", "host": "arc_plutonic", "chance": 0.783, "seen_by": {"geochemistry": false, "em": false, "gravity": false}, "water_depth_m": 0}}, {"type": "Feature", "geometry": {"type": "Point", "coordinates": [149.16391, -24.29006]}, "properties": {"id": "TRE2-VMS-014071A-06", "district_id": "TRE2-VMS-014071A", "belt_id": "TRE2-VMS-B0038", "kind": "vms", "name": "volcanogenic massive sulphide", "tonnage_mt": 0.2615, "grades": {"Cu %": 1.641, "Zn %": 1.1795, "Pb %": 0.1995, "Ag g/t": 39.9313, "S %": 29.9053}, "depth_m": 1695, "blind": true, "strike_deg": 12, "dip_deg": 56, "length_m": 672, "width_m": 119.7, "shape": "lens", "host": "arc_plutonic", "chance": 0.783, "seen_by": {"geochemistry": false, "em": false, "gravity": false}, "water_depth_m": 0}}, {"type": "Feature", "geometry": {"type": "Point", "coordinates": [150.24026, -25.08119]}, "properties": {"id": "TRE2-VMS-014304A-01", "district_id": "TRE2-VMS-014304A", "belt_id": "TRE2-VMS-B0038", "kind": "vms", "name": "volcanogenic massive sulphide", "tonnage_mt": 2.8849, "grades": {"Cu %": 0.8637, "Zn %": 2.436, "Pb %": 0.3104, "Ag g/t": 23.2642, "S %": 37.5478}, "depth_m": 582, "blind": true, "strike_deg": 98, "dip_deg": 49, "length_m": 596, "width_m": 181.7, "shape": "lens", "host": "arc_plutonic", "chance": 0.783, "seen_by": {"geochemistry": false, "em": false, "gravity": true}, "water_depth_m": 0}}, {"type": "Feature", "geometry": {"type": "Point", "coordinates": [150.31575, -25.11392]}, "properties": {"id": "TRE2-VMS-014304A-02", "district_id": "TRE2-VMS-014304A", "belt_id": "TRE2-VMS-B0038", "kind": "vms", "name": "volcanogenic massive sulphide", "tonnage_mt": 1.3823, "grades": {"Cu %": 1.4875, "Zn %": 2.3837, "Pb %": 0.2983, "Ag g/t": 22.6792, "S %": 30.8487}, "depth_m": 1257, "blind": true, "strike_deg": 111, "dip_deg": 78, "length_m": 375, "width_m": 123.4, "shape": "lens", "host": "arc_plutonic", "chance": 0.783, "seen_by": {"geochemistry": false, "em": false, "gravity": false}, "water_depth_m": 0}}, {"type": "Feature", "geometry": {"type": "Point", "coordinates": [150.12672, -25.07508]}, "properties": {"id": "TRE2-VMS-014304A-03", "district_id": "TRE2-VMS-014304A", "belt_id": "TRE2-VMS-B0038", "kind": "vms", "name": "volcanogenic massive sulphide", "tonnage_mt": 0.0567, "grades": {"Cu %": 1.0362, "Zn %": 1.4493, "Pb %": 0.3593, "Ag g/t": 24.8949, "S %": 15.6969}, "depth_m": 752, "blind": true, "strike_deg": 101, "dip_deg": 59, "length_m": 673, "width_m": 283.2, "shape": "lens", "host": "arc_plutonic", "chance": 0.783, "seen_by": {"geochemistry": false, "em": false, "gravity": true}, "water_depth_m": 0}}, {"type": "Feature", "geometry": {"type": "Point", "coordinates": [150.24898, -25.11988]}, "properties": {"id": "TRE2-VMS-014304A-04", "district_id": "TRE2-VMS-014304A", "belt_id": "TRE2-VMS-B0038", "kind": "vms", "name": "volcanogenic massive sulphide", "tonnage_mt": 0.5616, "grades": {"Cu %": 0.7172, "Zn %": 3.09, "Pb %": 0.3037, "Ag g/t": 32.3722, "S %": 47.1954}, "depth_m": 862, "blind": true, "strike_deg": 105, "dip_deg": 41, "length_m": 692, "width_m": 341.1, "shape": "lens", "host": "arc_plutonic", "chance": 0.783, "seen_by": {"geochemistry": false, "em": false, "gravity": false}, "water_depth_m": 0}}, {"type": "Feature", "geometry": {"type": "Point", "coordinates": [150.2009, -25.06184]}, "properties": {"id": "TRE2-VMS-014304A-05", "district_id": "TRE2-VMS-014304A", "belt_id": "TRE2-VMS-B0038", "kind": "vms", "name": "volcanogenic massive sulphide", "tonnage_mt": 10.199, "grades": {"Cu %": 1.2107, "Zn %": 0.9589, "Pb %": 0.3147, "Ag g/t": 24.2287, "S %": 46.029}, "depth_m": 960, "blind": true, "strike_deg": 92, "dip_deg": 37, "length_m": 290, "width_m": 290.4, "shape": "lens", "host": "arc_plutonic", "chance": 0.783, "seen_by": {"geochemistry": false, "em": false, "gravity": false}, "water_depth_m": 0}}, {"type": "Feature", "geometry": {"type": "Point", "coordinates": [150.32019, -25.08611]}, "properties": {"id": "TRE2-VMS-014304A-06", "district_id": "TRE2-VMS-014304A", "belt_id": "TRE2-VMS-B0038", "kind": "vms", "name": "volcanogenic massive sulphide", "tonnage_mt": 0.2019, "grades": {"Cu %": 1.2133, "Zn %": 2.3011, "Pb %": 0.278, "Ag g/t": 19.319, "S %": 19.8982}, "depth_m": 802, "blind": true, "strike_deg": 83, "dip_deg": 53, "length_m": 573, "width_m": 181.4, "shape": "lens", "host": "arc_plutonic", "chance": 0.783, "seen_by": {"geochemistry": false, "em": false, "gravity": false}, "water_depth_m": 0}}, {"type": "Feature", "geometry": {"type": "Point", "coordinates": [150.31428, -25.06366]}, "properties": {"id": "TRE2-VMS-014304A-07", "district_id": "TRE2-VMS-014304A", "belt_id": "TRE2-VMS-B0038", "kind": "vms", "name": "volcanogenic massive sulphide", "tonnage_mt": 0.8883, "grades": {"Cu %": 0.4743, "Zn %": 3.9054, "Pb %": 0.3254, "Ag g/t": 28.4702, "S %": 16.1835}, "depth_m": 994, "blind": true, "strike_deg": 114, "dip_deg": 66, "length_m": 354, "width_m": 214.7, "shape": "lens", "host": "arc_plutonic", "chance": 0.783, "seen_by": {"geochemistry": false, "em": false, "gravity": false}, "water_depth_m": 0}}, {"type": "Feature", "geometry": {"type": "Point", "coordinates": [-23.69835, -28.73498]}, "properties": {"id": "TRE2-VMS-014732A-01", "district_id": "TRE2-VMS-014732A", "belt_id": "TRE2-VMS-B0039", "kind": "vms", "name": "volcanogenic massive sulphide", "tonnage_mt": 0.3895, "grades": {"Cu %": 1.3916, "Zn %": 2.2999, "Pb %": 0.439, "Ag g/t": 16.916, "S %": 17.9755}, "depth_m": 1189, "blind": true, "strike_deg": 176, "dip_deg": 40, "length_m": 855, "width_m": 234.0, "shape": "lens", "host": "basement", "chance": 0.677, "seen_by": {"geochemistry": false, "em": false, "gravity": false}, "water_depth_m": 0}}, {"type": "Feature", "geometry": {"type": "Point", "coordinates": [-23.79384, -28.71455]}, "properties": {"id": "TRE2-VMS-014732A-02", "district_id": "TRE2-VMS-014732A", "belt_id": "TRE2-VMS-B0039", "kind": "vms", "name": "volcanogenic massive sulphide", "tonnage_mt": 0.3454, "grades": {"Cu %": 1.5807, "Zn %": 2.0834, "Pb %": 0.3412, "Ag g/t": 43.2067, "S %": 29.3221}, "depth_m": 883, "blind": true, "strike_deg": 16, "dip_deg": 49, "length_m": 594, "width_m": 192.1, "shape": "lens", "host": "basement", "chance": 0.677, "seen_by": {"geochemistry": false, "em": false, "gravity": false}, "water_depth_m": 0}}, {"type": "Feature", "geometry": {"type": "Point", "coordinates": [-23.65242, -28.57218]}, "properties": {"id": "TRE2-VMS-014732A-03", "district_id": "TRE2-VMS-014732A", "belt_id": "TRE2-VMS-B0039", "kind": "vms", "name": "volcanogenic massive sulphide", "tonnage_mt": 9.3842, "grades": {"Cu %": 1.3208, "Zn %": 1.5293, "Pb %": 0.4046, "Ag g/t": 24.3845, "S %": 40.5227}, "depth_m": 896, "blind": true, "strike_deg": 15, "dip_deg": 37, "length_m": 514, "width_m": 187.9, "shape": "lens", "host": "basement", "chance": 0.677, "seen_by": {"geochemistry": false, "em": false, "gravity": false}, "water_depth_m": 0}}, {"type": "Feature", "geometry": {"type": "Point", "coordinates": [-23.80836, -28.59206]}, "properties": {"id": "TRE2-VMS-014732A-04", "district_id": "TRE2-VMS-014732A", "belt_id": "TRE2-VMS-B0039", "kind": "vms", "name": "volcanogenic massive sulphide", "tonnage_mt": 1.2603, "grades": {"Cu %": 0.7471, "Zn %": 1.872, "Pb %": 0.2326, "Ag g/t": 30.9633, "S %": 34.8648}, "depth_m": 1136, "blind": true, "strike_deg": 174, "dip_deg": 39, "length_m": 736, "width_m": 225.7, "shape": "lens", "host": "basement", "chance": 0.677, "seen_by": {"geochemistry": false, "em": false, "gravity": false}, "water_depth_m": 0}}, {"type": "Feature", "geometry": {"type": "Point", "coordinates": [43.8859, -34.9973]}, "properties": {"id": "TRE2-VMS-015674A-01", "district_id": "TRE2-VMS-015674A", "belt_id": "TRE2-VMS-B0043", "kind": "vms", "name": "volcanogenic massive sulphide", "tonnage_mt": 21.4539, "grades": {"Cu %": 1.8121, "Zn %": 5.0809, "Pb %": 0.4316, "Ag g/t": 38.7638, "S %": 35.4439}, "depth_m": 1210, "blind": true, "strike_deg": 58, "dip_deg": 65, "length_m": 1052, "width_m": 152.2, "shape": "lens", "host": "arc_plutonic", "chance": 0.489, "seen_by": {"geochemistry": false, "em": false, "gravity": false}, "water_depth_m": 0}}, {"type": "Feature", "geometry": {"type": "Point", "coordinates": [43.8373, -35.09678]}, "properties": {"id": "TRE2-VMS-015674A-02", "district_id": "TRE2-VMS-015674A", "belt_id": "TRE2-VMS-B0043", "kind": "vms", "name": "volcanogenic massive sulphide", "tonnage_mt": 29.1655, "grades": {"Cu %": 0.69, "Zn %": 2.8749, "Pb %": 0.4114, "Ag g/t": 12.1947, "S %": 33.5367}, "depth_m": 1517, "blind": true, "strike_deg": 48, "dip_deg": 52, "length_m": 519, "width_m": 313.2, "shape": "lens", "host": "arc_plutonic", "chance": 0.489, "seen_by": {"geochemistry": false, "em": false, "gravity": false}, "water_depth_m": 0}}, {"type": "Feature", "geometry": {"type": "Point", "coordinates": [44.07925, -34.86848]}, "properties": {"id": "TRE2-VMS-015674A-03", "district_id": "TRE2-VMS-015674A", "belt_id": "TRE2-VMS-B0043", "kind": "vms", "name": "volcanogenic massive sulphide", "tonnage_mt": 0.1891, "grades": {"Cu %": 1.6735, "Zn %": 1.6115, "Pb %": 0.3973, "Ag g/t": 21.8097, "S %": 59.6557}, "depth_m": 1400, "blind": true, "strike_deg": 52, "dip_deg": 65, "length_m": 328, "width_m": 212.8, "shape": "lens", "host": "arc_plutonic", "chance": 0.489, "seen_by": {"geochemistry": false, "em": false, "gravity": false}, "water_depth_m": 0}}, {"type": "Feature", "geometry": {"type": "Point", "coordinates": [43.85784, -35.08441]}, "properties": {"id": "TRE2-VMS-015674A-04", "district_id": "TRE2-VMS-015674A", "belt_id": "TRE2-VMS-B0043", "kind": "vms", "name": "volcanogenic massive sulphide", "tonnage_mt": 0.3553, "grades": {"Cu %": 1.2288, "Zn %": 1.2017, "Pb %": 0.343, "Ag g/t": 29.2095, "S %": 24.6577}, "depth_m": 1010, "blind": true, "strike_deg": 50, "dip_deg": 63, "length_m": 661, "width_m": 194.4, "shape": "lens", "host": "arc_plutonic", "chance": 0.489, "seen_by": {"geochemistry": false, "em": false, "gravity": false}, "water_depth_m": 0}}, {"type": "Feature", "geometry": {"type": "Point", "coordinates": [43.95261, -34.9392]}, "properties": {"id": "TRE2-VMS-015674A-05", "district_id": "TRE2-VMS-015674A", "belt_id": "TRE2-VMS-B0043", "kind": "vms", "name": "volcanogenic massive sulphide", "tonnage_mt": 0.7823, "grades": {"Cu %": 1.7695, "Zn %": 1.9329, "Pb %": 0.421, "Ag g/t": 21.6039, "S %": 22.6861}, "depth_m": 1360, "blind": true, "strike_deg": 63, "dip_deg": 33, "length_m": 1592, "width_m": 213.9, "shape": "lens", "host": "arc_plutonic", "chance": 0.489, "seen_by": {"geochemistry": false, "em": false, "gravity": false}, "water_depth_m": 0}}, {"type": "Feature", "geometry": {"type": "Point", "coordinates": [43.82081, -35.0414]}, "properties": {"id": "TRE2-VMS-015674A-06", "district_id": "TRE2-VMS-015674A", "belt_id": "TRE2-VMS-B0043", "kind": "vms", "name": "volcanogenic massive sulphide", "tonnage_mt": 3.0236, "grades": {"Cu %": 1.6388, "Zn %": 2.0533, "Pb %": 0.3106, "Ag g/t": 30.5141, "S %": 40.2613}, "depth_m": 1340, "blind": true, "strike_deg": 41, "dip_deg": 50, "length_m": 525, "width_m": 340.6, "shape": "lens", "host": "arc_plutonic", "chance": 0.489, "seen_by": {"geochemistry": false, "em": false, "gravity": false}, "water_depth_m": 0}}, {"type": "Feature", "geometry": {"type": "Point", "coordinates": [44.00932, -34.94954]}, "properties": {"id": "TRE2-VMS-015674A-07", "district_id": "TRE2-VMS-015674A", "belt_id": "TRE2-VMS-B0043", "kind": "vms", "name": "volcanogenic massive sulphide", "tonnage_mt": 5.1416, "grades": {"Cu %": 1.377, "Zn %": 1.4898, "Pb %": 0.119, "Ag g/t": 32.2129, "S %": 47.6712}, "depth_m": 1190, "blind": true, "strike_deg": 59, "dip_deg": 64, "length_m": 1134, "width_m": 256.8, "shape": "lens", "host": "arc_plutonic", "chance": 0.489, "seen_by": {"geochemistry": false, "em": false, "gravity": false}, "water_depth_m": 0}}, {"type": "Feature", "geometry": {"type": "Point", "coordinates": [43.78449, -35.09557]}, "properties": {"id": "TRE2-VMS-015674A-08", "district_id": "TRE2-VMS-015674A", "belt_id": "TRE2-VMS-B0043", "kind": "vms", "name": "volcanogenic massive sulphide", "tonnage_mt": 0.5301, "grades": {"Cu %": 1.519, "Zn %": 2.2395, "Pb %": 0.2006, "Ag g/t": 48.1321, "S %": 27.0738}, "depth_m": 1397, "blind": true, "strike_deg": 61, "dip_deg": 30, "length_m": 660, "width_m": 156.0, "shape": "lens", "host": "arc_plutonic", "chance": 0.489, "seen_by": {"geochemistry": false, "em": false, "gravity": false}, "water_depth_m": 0}}, {"type": "Feature", "geometry": {"type": "Point", "coordinates": [43.59694, -34.46439]}, "properties": {"id": "TRE2-VMS-015674B-01", "district_id": "TRE2-VMS-015674B", "belt_id": "TRE2-VMS-B0043", "kind": "vms", "name": "volcanogenic massive sulphide", "tonnage_mt": 2.2155, "grades": {"Cu %": 1.2311, "Zn %": 2.4058, "Pb %": 0.5767, "Ag g/t": 37.4792, "S %": 52.6132}, "depth_m": 1128, "blind": true, "strike_deg": 74, "dip_deg": 66, "length_m": 417, "width_m": 251.3, "shape": "lens", "host": "arc_plutonic", "chance": 0.489, "seen_by": {"geochemistry": false, "em": false, "gravity": false}, "water_depth_m": 0}}, {"type": "Feature", "geometry": {"type": "Point", "coordinates": [43.59817, -34.39616]}, "properties": {"id": "TRE2-VMS-015674B-02", "district_id": "TRE2-VMS-015674B", "belt_id": "TRE2-VMS-B0043", "kind": "vms", "name": "volcanogenic massive sulphide", "tonnage_mt": 0.5891, "grades": {"Cu %": 1.9312, "Zn %": 2.0954, "Pb %": 0.4937, "Ag g/t": 13.3118, "S %": 20.6019}, "depth_m": 1366, "blind": true, "strike_deg": 56, "dip_deg": 79, "length_m": 446, "width_m": 865.6, "shape": "lens", "host": "arc_plutonic", "chance": 0.489, "seen_by": {"geochemistry": false, "em": false, "gravity": false}, "water_depth_m": 0}}, {"type": "Feature", "geometry": {"type": "Point", "coordinates": [43.76947, -34.31985]}, "properties": {"id": "TRE2-VMS-015674B-03", "district_id": "TRE2-VMS-015674B", "belt_id": "TRE2-VMS-B0043", "kind": "vms", "name": "volcanogenic massive sulphide", "tonnage_mt": 0.6556, "grades": {"Cu %": 1.4867, "Zn %": 3.2192, "Pb %": 0.4039, "Ag g/t": 27.7762, "S %": 25.9141}, "depth_m": 1483, "blind": true, "strike_deg": 54, "dip_deg": 38, "length_m": 709, "width_m": 212.1, "shape": "lens", "host": "arc_plutonic", "chance": 0.489, "seen_by": {"geochemistry": false, "em": false, "gravity": false}, "water_depth_m": 0}}, {"type": "Feature", "geometry": {"type": "Point", "coordinates": [43.69301, -34.37608]}, "properties": {"id": "TRE2-VMS-015674B-04", "district_id": "TRE2-VMS-015674B", "belt_id": "TRE2-VMS-B0043", "kind": "vms", "name": "volcanogenic massive sulphide", "tonnage_mt": 3.6023, "grades": {"Cu %": 1.6713, "Zn %": 1.5265, "Pb %": 0.1655, "Ag g/t": 64.8758, "S %": 29.4812}, "depth_m": 1421, "blind": true, "strike_deg": 66, "dip_deg": 31, "length_m": 504, "width_m": 196.5, "shape": "lens", "host": "arc_plutonic", "chance": 0.489, "seen_by": {"geochemistry": false, "em": false, "gravity": false}, "water_depth_m": 0}}, {"type": "Feature", "geometry": {"type": "Point", "coordinates": [-145.58783, -34.20421]}, "properties": {"id": "TRE2-VMS-015678A-01", "district_id": "TRE2-VMS-015678A", "belt_id": "TRE2-VMS-B0042", "kind": "vms", "name": "volcanogenic massive sulphide", "tonnage_mt": 1.4078, "grades": {"Cu %": 1.2225, "Zn %": 2.3472, "Pb %": 0.3244, "Ag g/t": 44.5029, "S %": 44.3868}, "depth_m": 1183, "blind": true, "strike_deg": 172, "dip_deg": 54, "length_m": 563, "width_m": 169.2, "shape": "lens", "host": "arc_volcanic", "chance": 0.766, "seen_by": {"geochemistry": false, "em": false, "gravity": false}, "water_depth_m": 0}}, {"type": "Feature", "geometry": {"type": "Point", "coordinates": [-145.71207, -34.3166]}, "properties": {"id": "TRE2-VMS-015678A-02", "district_id": "TRE2-VMS-015678A", "belt_id": "TRE2-VMS-B0042", "kind": "vms", "name": "volcanogenic massive sulphide", "tonnage_mt": 1.2348, "grades": {"Cu %": 1.8546, "Zn %": 1.5311, "Pb %": 0.4523, "Ag g/t": 22.3098, "S %": 38.5089}, "depth_m": 1032, "blind": true, "strike_deg": 170, "dip_deg": 32, "length_m": 718, "width_m": 144.9, "shape": "lens", "host": "arc_volcanic", "chance": 0.766, "seen_by": {"geochemistry": false, "em": false, "gravity": false}, "water_depth_m": 0}}, {"type": "Feature", "geometry": {"type": "Point", "coordinates": [-145.61468, -34.36723]}, "properties": {"id": "TRE2-VMS-015678A-03", "district_id": "TRE2-VMS-015678A", "belt_id": "TRE2-VMS-B0042", "kind": "vms", "name": "volcanogenic massive sulphide", "tonnage_mt": 14.7388, "grades": {"Cu %": 1.4884, "Zn %": 3.4812, "Pb %": 0.7785, "Ag g/t": 24.4407, "S %": 40.9449}, "depth_m": 1152, "blind": true, "strike_deg": 168, "dip_deg": 34, "length_m": 365, "width_m": 223.3, "shape": "lens", "host": "arc_volcanic", "chance": 0.766, "seen_by": {"geochemistry": false, "em": false, "gravity": false}, "water_depth_m": 0}}, {"type": "Feature", "geometry": {"type": "Point", "coordinates": [-145.65687, -34.30558]}, "properties": {"id": "TRE2-VMS-015678A-04", "district_id": "TRE2-VMS-015678A", "belt_id": "TRE2-VMS-B0042", "kind": "vms", "name": "volcanogenic massive sulphide", "tonnage_mt": 0.2024, "grades": {"Cu %": 2.082, "Zn %": 1.3734, "Pb %": 0.2819, "Ag g/t": 23.7953, "S %": 34.5541}, "depth_m": 1301, "blind": true, "strike_deg": 168, "dip_deg": 35, "length_m": 484, "width_m": 375.3, "shape": "lens", "host": "arc_volcanic", "chance": 0.766, "seen_by": {"geochemistry": false, "em": false, "gravity": false}, "water_depth_m": 0}}, {"type": "Feature", "geometry": {"type": "Point", "coordinates": [-145.57481, -34.30734]}, "properties": {"id": "TRE2-VMS-015678A-05", "district_id": "TRE2-VMS-015678A", "belt_id": "TRE2-VMS-B0042", "kind": "vms", "name": "volcanogenic massive sulphide", "tonnage_mt": 1.0149, "grades": {"Cu %": 1.5951, "Zn %": 2.6804, "Pb %": 0.2843, "Ag g/t": 15.5011, "S %": 32.8184}, "depth_m": 1116, "blind": true, "strike_deg": 166, "dip_deg": 70, "length_m": 480, "width_m": 120.2, "shape": "lens", "host": "arc_volcanic", "chance": 0.766, "seen_by": {"geochemistry": false, "em": false, "gravity": false}, "water_depth_m": 0}}, {"type": "Feature", "geometry": {"type": "Point", "coordinates": [-145.65659, -34.25194]}, "properties": {"id": "TRE2-VMS-015678A-06", "district_id": "TRE2-VMS-015678A", "belt_id": "TRE2-VMS-B0042", "kind": "vms", "name": "volcanogenic massive sulphide", "tonnage_mt": 2.7339, "grades": {"Cu %": 0.9217, "Zn %": 1.897, "Pb %": 0.6264, "Ag g/t": 29.185, "S %": 55.6924}, "depth_m": 1122, "blind": true, "strike_deg": 164, "dip_deg": 68, "length_m": 328, "width_m": 180.2, "shape": "lens", "host": "arc_volcanic", "chance": 0.766, "seen_by": {"geochemistry": false, "em": false, "gravity": false}, "water_depth_m": 0}}, {"type": "Feature", "geometry": {"type": "Point", "coordinates": [-169.72503, -36.68795]}, "properties": {"id": "TRE2-VMS-015885A-01", "district_id": "TRE2-VMS-015885A", "belt_id": "TRE2-VMS-B0044", "kind": "vms", "name": "volcanogenic massive sulphide", "tonnage_mt": 44.8835, "grades": {"Cu %": 2.4536, "Zn %": 2.7937, "Pb %": 0.2324, "Ag g/t": 46.6636, "S %": 27.0274}, "depth_m": 75, "blind": false, "strike_deg": 8, "dip_deg": 76, "length_m": 648, "width_m": 161.4, "shape": "lens", "host": "clastic", "chance": 0.682, "seen_by": {"geochemistry": false, "em": true, "gravity": true}, "water_depth_m": 0}}, {"type": "Feature", "geometry": {"type": "Point", "coordinates": [-169.72261, -36.71409]}, "properties": {"id": "TRE2-VMS-015885A-02", "district_id": "TRE2-VMS-015885A", "belt_id": "TRE2-VMS-B0044", "kind": "vms", "name": "volcanogenic massive sulphide", "tonnage_mt": 2.3732, "grades": {"Cu %": 3.6169, "Zn %": 2.3284, "Pb %": 0.3805, "Ag g/t": 42.9011, "S %": 40.7999}, "depth_m": 0, "blind": false, "strike_deg": 179, "dip_deg": 34, "length_m": 612, "width_m": 230.6, "shape": "lens", "host": "clastic", "chance": 0.682, "seen_by": {"geochemistry": true, "em": true, "gravity": true}, "water_depth_m": 0}}, {"type": "Feature", "geometry": {"type": "Point", "coordinates": [-169.69731, -36.86675]}, "properties": {"id": "TRE2-VMS-015885A-03", "district_id": "TRE2-VMS-015885A", "belt_id": "TRE2-VMS-B0044", "kind": "vms", "name": "volcanogenic massive sulphide", "tonnage_mt": 3.7614, "grades": {"Cu %": 0.9262, "Zn %": 2.0662, "Pb %": 0.2994, "Ag g/t": 32.7163, "S %": 11.8005}, "depth_m": 0, "blind": false, "strike_deg": 177, "dip_deg": 70, "length_m": 829, "width_m": 234.1, "shape": "lens", "host": "clastic", "chance": 0.682, "seen_by": {"geochemistry": true, "em": true, "gravity": true}, "water_depth_m": 0}}, {"type": "Feature", "geometry": {"type": "Point", "coordinates": [165.79177, -37.37025]}, "properties": {"id": "TRE2-VMS-016092A-01", "district_id": "TRE2-VMS-016092A", "belt_id": "TRE2-VMS-B0047", "kind": "vms", "name": "volcanogenic massive sulphide", "tonnage_mt": 0.3819, "grades": {"Cu %": 2.6961, "Zn %": 2.478, "Pb %": 0.3591, "Ag g/t": 23.9621, "S %": 32.9748}, "depth_m": 1298, "blind": true, "strike_deg": 84, "dip_deg": 58, "length_m": 228, "width_m": 220.7, "shape": "lens", "host": "clastic", "chance": 0.736, "seen_by": {"geochemistry": false, "em": false, "gravity": false}, "water_depth_m": 0}}, {"type": "Feature", "geometry": {"type": "Point", "coordinates": [165.79016, -37.45402]}, "properties": {"id": "TRE2-VMS-016092A-02", "district_id": "TRE2-VMS-016092A", "belt_id": "TRE2-VMS-B0047", "kind": "vms", "name": "volcanogenic massive sulphide", "tonnage_mt": 4.2781, "grades": {"Cu %": 0.5924, "Zn %": 1.4183, "Pb %": 0.3174, "Ag g/t": 13.9333, "S %": 30.1951}, "depth_m": 1188, "blind": true, "strike_deg": 64, "dip_deg": 60, "length_m": 874, "width_m": 227.4, "shape": "lens", "host": "clastic", "chance": 0.736, "seen_by": {"geochemistry": false, "em": false, "gravity": false}, "water_depth_m": 0}}, {"type": "Feature", "geometry": {"type": "Point", "coordinates": [165.46732, -37.41804]}, "properties": {"id": "TRE2-VMS-016092A-03", "district_id": "TRE2-VMS-016092A", "belt_id": "TRE2-VMS-B0047", "kind": "vms", "name": "volcanogenic massive sulphide", "tonnage_mt": 0.8671, "grades": {"Cu %": 0.526, "Zn %": 1.9008, "Pb %": 0.1594, "Ag g/t": 36.6396, "S %": 20.2622}, "depth_m": 798, "blind": true, "strike_deg": 64, "dip_deg": 78, "length_m": 734, "width_m": 178.6, "shape": "lens", "host": "clastic", "chance": 0.736, "seen_by": {"geochemistry": false, "em": false, "gravity": true}, "water_depth_m": 0}}, {"type": "Feature", "geometry": {"type": "Point", "coordinates": [165.73645, -37.32713]}, "properties": {"id": "TRE2-VMS-016092A-04", "district_id": "TRE2-VMS-016092A", "belt_id": "TRE2-VMS-B0047", "kind": "vms", "name": "volcanogenic massive sulphide", "tonnage_mt": 21.6721, "grades": {"Cu %": 1.2288, "Zn %": 1.6678, "Pb %": 0.2689, "Ag g/t": 34.0281, "S %": 33.2793}, "depth_m": 1405, "blind": true, "strike_deg": 88, "dip_deg": 69, "length_m": 931, "width_m": 101.9, "shape": "lens", "host": "clastic", "chance": 0.736, "seen_by": {"geochemistry": false, "em": false, "gravity": false}, "water_depth_m": 0}}, {"type": "Feature", "geometry": {"type": "Point", "coordinates": [153.52752, -39.98999]}, "properties": {"id": "TRE2-VMS-016456A-01", "district_id": "TRE2-VMS-016456A", "belt_id": "TRE2-VMS-B0049", "kind": "vms", "name": "volcanogenic massive sulphide", "tonnage_mt": 0.871, "grades": {"Cu %": 2.3188, "Zn %": 2.5341, "Pb %": 0.2318, "Ag g/t": 31.4684, "S %": 29.8663}, "depth_m": 1136, "blind": true, "strike_deg": 87, "dip_deg": 40, "length_m": 639, "width_m": 128.8, "shape": "lens", "host": "basement", "chance": 0.735, "seen_by": {"geochemistry": false, "em": false, "gravity": false}, "water_depth_m": 0}}, {"type": "Feature", "geometry": {"type": "Point", "coordinates": [153.23764, -39.97156]}, "properties": {"id": "TRE2-VMS-016456A-02", "district_id": "TRE2-VMS-016456A", "belt_id": "TRE2-VMS-B0049", "kind": "vms", "name": "volcanogenic massive sulphide", "tonnage_mt": 0.8607, "grades": {"Cu %": 1.245, "Zn %": 2.9817, "Pb %": 0.5457, "Ag g/t": 54.2038, "S %": 31.5121}, "depth_m": 1139, "blind": true, "strike_deg": 99, "dip_deg": 59, "length_m": 574, "width_m": 147.8, "shape": "lens", "host": "basement", "chance": 0.735, "seen_by": {"geochemistry": false, "em": false, "gravity": false}, "water_depth_m": 0}}, {"type": "Feature", "geometry": {"type": "Point", "coordinates": [153.14243, -39.83939]}, "properties": {"id": "TRE2-VMS-016456A-03", "district_id": "TRE2-VMS-016456A", "belt_id": "TRE2-VMS-B0049", "kind": "vms", "name": "volcanogenic massive sulphide", "tonnage_mt": 2.1009, "grades": {"Cu %": 0.7071, "Zn %": 2.2429, "Pb %": 0.25, "Ag g/t": 34.0597, "S %": 16.1435}, "depth_m": 1029, "blind": true, "strike_deg": 92, "dip_deg": 77, "length_m": 599, "width_m": 91.8, "shape": "lens", "host": "basement", "chance": 0.735, "seen_by": {"geochemistry": false, "em": false, "gravity": false}, "water_depth_m": 0}}, {"type": "Feature", "geometry": {"type": "Point", "coordinates": [153.20527, -39.89994]}, "properties": {"id": "TRE2-VMS-016456A-04", "district_id": "TRE2-VMS-016456A", "belt_id": "TRE2-VMS-B0049", "kind": "vms", "name": "volcanogenic massive sulphide", "tonnage_mt": 5.7454, "grades": {"Cu %": 0.935, "Zn %": 1.4201, "Pb %": 0.537, "Ag g/t": 27.914, "S %": 17.3382}, "depth_m": 1032, "blind": true, "strike_deg": 98, "dip_deg": 53, "length_m": 306, "width_m": 336.4, "shape": "lens", "host": "basement", "chance": 0.735, "seen_by": {"geochemistry": false, "em": false, "gravity": false}, "water_depth_m": 0}}, {"type": "Feature", "geometry": {"type": "Point", "coordinates": [153.18331, -39.92835]}, "properties": {"id": "TRE2-VMS-016456A-05", "district_id": "TRE2-VMS-016456A", "belt_id": "TRE2-VMS-B0049", "kind": "vms", "name": "volcanogenic massive sulphide", "tonnage_mt": 1.7338, "grades": {"Cu %": 2.1758, "Zn %": 1.4213, "Pb %": 0.3596, "Ag g/t": 28.4919, "S %": 39.2673}, "depth_m": 1262, "blind": true, "strike_deg": 89, "dip_deg": 65, "length_m": 683, "width_m": 158.2, "shape": "lens", "host": "basement", "chance": 0.735, "seen_by": {"geochemistry": false, "em": false, "gravity": false}, "water_depth_m": 0}}, {"type": "Feature", "geometry": {"type": "Point", "coordinates": [153.36037, -39.94969]}, "properties": {"id": "TRE2-VMS-016456A-06", "district_id": "TRE2-VMS-016456A", "belt_id": "TRE2-VMS-B0049", "kind": "vms", "name": "volcanogenic massive sulphide", "tonnage_mt": 0.4448, "grades": {"Cu %": 1.5341, "Zn %": 1.7101, "Pb %": 0.228, "Ag g/t": 31.6007, "S %": 35.6116}, "depth_m": 1082, "blind": true, "strike_deg": 105, "dip_deg": 47, "length_m": 537, "width_m": 147.6, "shape": "lens", "host": "basement", "chance": 0.735, "seen_by": {"geochemistry": false, "em": false, "gravity": false}, "water_depth_m": 0}}, {"type": "Feature", "geometry": {"type": "Point", "coordinates": [153.34804, -39.93857]}, "properties": {"id": "TRE2-VMS-016456A-07", "district_id": "TRE2-VMS-016456A", "belt_id": "TRE2-VMS-B0049", "kind": "vms", "name": "volcanogenic massive sulphide", "tonnage_mt": 44.4019, "grades": {"Cu %": 1.9716, "Zn %": 2.012, "Pb %": 0.4086, "Ag g/t": 30.9809, "S %": 22.2231}, "depth_m": 1193, "blind": true, "strike_deg": 85, "dip_deg": 61, "length_m": 522, "width_m": 257.6, "shape": "lens", "host": "basement", "chance": 0.735, "seen_by": {"geochemistry": false, "em": false, "gravity": false}, "water_depth_m": 0}}, {"type": "Feature", "geometry": {"type": "Point", "coordinates": [153.61417, -39.95079]}, "properties": {"id": "TRE2-VMS-016456A-08", "district_id": "TRE2-VMS-016456A", "belt_id": "TRE2-VMS-B0049", "kind": "vms", "name": "volcanogenic massive sulphide", "tonnage_mt": 1.8928, "grades": {"Cu %": 1.1051, "Zn %": 2.7995, "Pb %": 0.5992, "Ag g/t": 25.88, "S %": 31.7465}, "depth_m": 1167, "blind": true, "strike_deg": 111, "dip_deg": 74, "length_m": 897, "width_m": 78.2, "shape": "lens", "host": "basement", "chance": 0.735, "seen_by": {"geochemistry": false, "em": false, "gravity": false}, "water_depth_m": 0}}, {"type": "Feature", "geometry": {"type": "Point", "coordinates": [42.36399, -40.8255]}, "properties": {"id": "TRE2-VMS-016572A-01", "district_id": "TRE2-VMS-016572A", "belt_id": "TRE2-VMS-B0051", "kind": "vms", "name": "volcanogenic massive sulphide", "tonnage_mt": 0.0869, "grades": {"Cu %": 1.3474, "Zn %": 2.0673, "Pb %": 0.4422, "Ag g/t": 55.9174, "S %": 31.437}, "depth_m": 1130, "blind": true, "strike_deg": 23, "dip_deg": 38, "length_m": 770, "width_m": 189.3, "shape": "lens", "host": "clastic", "chance": 0.682, "seen_by": {"geochemistry": false, "em": false, "gravity": false}, "water_depth_m": 0}}, {"type": "Feature", "geometry": {"type": "Point", "coordinates": [42.42906, -40.57153]}, "properties": {"id": "TRE2-VMS-016572A-02", "district_id": "TRE2-VMS-016572A", "belt_id": "TRE2-VMS-B0051", "kind": "vms", "name": "volcanogenic massive sulphide", "tonnage_mt": 0.8073, "grades": {"Cu %": 0.5903, "Zn %": 2.6054, "Pb %": 0.3786, "Ag g/t": 38.461, "S %": 35.7537}, "depth_m": 1182, "blind": true, "strike_deg": 9, "dip_deg": 71, "length_m": 579, "width_m": 159.4, "shape": "lens", "host": "clastic", "chance": 0.682, "seen_by": {"geochemistry": false, "em": false, "gravity": false}, "water_depth_m": 0}}, {"type": "Feature", "geometry": {"type": "Point", "coordinates": [42.43318, -40.88243]}, "properties": {"id": "TRE2-VMS-016572A-03", "district_id": "TRE2-VMS-016572A", "belt_id": "TRE2-VMS-B0051", "kind": "vms", "name": "volcanogenic massive sulphide", "tonnage_mt": 0.3858, "grades": {"Cu %": 1.3206, "Zn %": 2.2412, "Pb %": 0.2022, "Ag g/t": 44.9278, "S %": 24.1566}, "depth_m": 1332, "blind": true, "strike_deg": 7, "dip_deg": 51, "length_m": 331, "width_m": 100.2, "shape": "lens", "host": "clastic", "chance": 0.682, "seen_by": {"geochemistry": false, "em": false, "gravity": false}, "water_depth_m": 0}}, {"type": "Feature", "geometry": {"type": "Point", "coordinates": [41.94741, -43.72426]}, "properties": {"id": "TRE2-VMS-016949A-01", "district_id": "TRE2-VMS-016949A", "belt_id": "TRE2-VMS-B0051", "kind": "vms", "name": "volcanogenic massive sulphide", "tonnage_mt": 12.3463, "grades": {"Cu %": 0.8516, "Zn %": 2.2608, "Pb %": 0.4331, "Ag g/t": 24.3075, "S %": 21.0619}, "depth_m": 1566, "blind": true, "strike_deg": 77, "dip_deg": 78, "length_m": 1084, "width_m": 211.2, "shape": "lens", "host": "clastic", "chance": 0.682, "seen_by": {"geochemistry": false, "em": false, "gravity": false}, "water_depth_m": 85}}, {"type": "Feature", "geometry": {"type": "Point", "coordinates": [42.14199, -43.63149]}, "properties": {"id": "TRE2-VMS-016949A-02", "district_id": "TRE2-VMS-016949A", "belt_id": "TRE2-VMS-B0051", "kind": "vms", "name": "volcanogenic massive sulphide", "tonnage_mt": 0.9727, "grades": {"Cu %": 1.1366, "Zn %": 1.8425, "Pb %": 0.2952, "Ag g/t": 46.0417, "S %": 34.9274}, "depth_m": 1657, "blind": true, "strike_deg": 74, "dip_deg": 79, "length_m": 589, "width_m": 140.7, "shape": "lens", "host": "clastic", "chance": 0.682, "seen_by": {"geochemistry": false, "em": false, "gravity": false}, "water_depth_m": 85}}, {"type": "Feature", "geometry": {"type": "Point", "coordinates": [41.92488, -43.71155]}, "properties": {"id": "TRE2-VMS-016949A-03", "district_id": "TRE2-VMS-016949A", "belt_id": "TRE2-VMS-B0051", "kind": "vms", "name": "volcanogenic massive sulphide", "tonnage_mt": 0.0191, "grades": {"Cu %": 1.8405, "Zn %": 2.2352, "Pb %": 0.3156, "Ag g/t": 40.4512, "S %": 24.5269}, "depth_m": 1684, "blind": true, "strike_deg": 54, "dip_deg": 64, "length_m": 1399, "width_m": 277.2, "shape": "lens", "host": "clastic", "chance": 0.682, "seen_by": {"geochemistry": false, "em": false, "gravity": false}, "water_depth_m": 85}}, {"type": "Feature", "geometry": {"type": "Point", "coordinates": [-101.06216, -66.82611]}, "properties": {"id": "TRE2-VMS-019178A-01", "district_id": "TRE2-VMS-019178A", "belt_id": "TRE2-VMS-B0056", "kind": "vms", "name": "volcanogenic massive sulphide", "tonnage_mt": 13.1617, "grades": {"Cu %": 1.9643, "Zn %": 1.3882, "Pb %": 0.3558, "Ag g/t": 35.8971, "S %": 39.8593}, "depth_m": 742, "blind": true, "strike_deg": 157, "dip_deg": 58, "length_m": 825, "width_m": 152.8, "shape": "lens", "host": "arc_volcanic", "chance": 0.576, "seen_by": {"geochemistry": false, "em": false, "gravity": true}, "water_depth_m": 0}}, {"type": "Feature", "geometry": {"type": "Point", "coordinates": [-101.02141, -66.90005]}, "properties": {"id": "TRE2-VMS-019178A-02", "district_id": "TRE2-VMS-019178A", "belt_id": "TRE2-VMS-B0056", "kind": "vms", "name": "volcanogenic massive sulphide", "tonnage_mt": 0.5752, "grades": {"Cu %": 1.7709, "Zn %": 1.9157, "Pb %": 0.3606, "Ag g/t": 33.555, "S %": 50.9042}, "depth_m": 715, "blind": true, "strike_deg": 143, "dip_deg": 66, "length_m": 548, "width_m": 570.4, "shape": "lens", "host": "arc_volcanic", "chance": 0.576, "seen_by": {"geochemistry": false, "em": false, "gravity": true}, "water_depth_m": 0}}, {"type": "Feature", "geometry": {"type": "Point", "coordinates": [-101.14911, -66.79479]}, "properties": {"id": "TRE2-VMS-019178A-03", "district_id": "TRE2-VMS-019178A", "belt_id": "TRE2-VMS-B0056", "kind": "vms", "name": "volcanogenic massive sulphide", "tonnage_mt": 0.7221, "grades": {"Cu %": 0.9418, "Zn %": 1.5713, "Pb %": 0.2756, "Ag g/t": 24.666, "S %": 46.3943}, "depth_m": 832, "blind": true, "strike_deg": 153, "dip_deg": 39, "length_m": 749, "width_m": 123.7, "shape": "lens", "host": "arc_volcanic", "chance": 0.576, "seen_by": {"geochemistry": false, "em": false, "gravity": false}, "water_depth_m": 0}}, {"type": "Feature", "geometry": {"type": "Point", "coordinates": [-99.9206, -70.14384]}, "properties": {"id": "TRE2-VMS-019411A-01", "district_id": "TRE2-VMS-019411A", "belt_id": "TRE2-VMS-B0058", "kind": "vms", "name": "volcanogenic massive sulphide", "tonnage_mt": 3.1073, "grades": {"Cu %": 1.0045, "Zn %": 2.0841, "Pb %": 0.2111, "Ag g/t": 26.7902, "S %": 34.1359}, "depth_m": 848, "blind": true, "strike_deg": 83, "dip_deg": 62, "length_m": 643, "width_m": 245.5, "shape": "lens", "host": "arc_volcanic", "chance": 0.656, "seen_by": {"geochemistry": false, "em": false, "gravity": false}, "water_depth_m": 0}}, {"type": "Feature", "geometry": {"type": "Point", "coordinates": [-99.31454, -70.12765]}, "properties": {"id": "TRE2-VMS-019411A-02", "district_id": "TRE2-VMS-019411A", "belt_id": "TRE2-VMS-B0058", "kind": "vms", "name": "volcanogenic massive sulphide", "tonnage_mt": 23.41, "grades": {"Cu %": 1.9881, "Zn %": 2.1662, "Pb %": 0.2886, "Ag g/t": 15.8693, "S %": 38.1644}, "depth_m": 915, "blind": true, "strike_deg": 94, "dip_deg": 45, "length_m": 993, "width_m": 142.8, "shape": "lens", "host": "arc_volcanic", "chance": 0.656, "seen_by": {"geochemistry": false, "em": false, "gravity": false}, "water_depth_m": 0}}, {"type": "Feature", "geometry": {"type": "Point", "coordinates": [-100.2418, -70.13463]}, "properties": {"id": "TRE2-VMS-019411A-03", "district_id": "TRE2-VMS-019411A", "belt_id": "TRE2-VMS-B0058", "kind": "vms", "name": "volcanogenic massive sulphide", "tonnage_mt": 83.1181, "grades": {"Cu %": 2.9758, "Zn %": 2.2633, "Pb %": 0.3385, "Ag g/t": 71.6805, "S %": 28.9448}, "depth_m": 692, "blind": true, "strike_deg": 90, "dip_deg": 61, "length_m": 946, "width_m": 282.8, "shape": "lens", "host": "arc_volcanic", "chance": 0.656, "seen_by": {"geochemistry": false, "em": false, "gravity": true}, "water_depth_m": 0}}, {"type": "Feature", "geometry": {"type": "Point", "coordinates": [-100.02217, -70.08594]}, "properties": {"id": "TRE2-VMS-019411A-04", "district_id": "TRE2-VMS-019411A", "belt_id": "TRE2-VMS-B0058", "kind": "vms", "name": "volcanogenic massive sulphide", "tonnage_mt": 13.3276, "grades": {"Cu %": 0.8704, "Zn %": 1.2733, "Pb %": 0.341, "Ag g/t": 17.8368, "S %": 42.4952}, "depth_m": 838, "blind": true, "strike_deg": 101, "dip_deg": 49, "length_m": 813, "width_m": 229.2, "shape": "lens", "host": "arc_volcanic", "chance": 0.656, "seen_by": {"geochemistry": false, "em": false, "gravity": false}, "water_depth_m": 0}}, {"type": "Feature", "geometry": {"type": "Point", "coordinates": [-134.6834, 56.3951]}, "properties": {"id": "TRE2-OAU-001695A-01", "district_id": "TRE2-OAU-001695A", "belt_id": "TRE2-OAU-B0018", "kind": "orogenic_gold", "name": "orogenic gold\u2013quartz veins", "tonnage_mt": 0.5869, "grades": {"Au g/t": 10.4661}, "depth_m": 0, "blind": false, "strike_deg": 79, "dip_deg": 74, "length_m": 3625, "width_m": 5.4, "shape": "veins", "host": "arc_plutonic", "chance": 0.6, "seen_by": {"geochemistry": true}, "water_depth_m": 0}}, {"type": "Feature", "geometry": {"type": "Point", "coordinates": [-59.84778, 55.52232]}, "properties": {"id": "TRE2-OAU-001773A-01", "district_id": "TRE2-OAU-001773A", "belt_id": "TRE2-OAU-B0001", "kind": "orogenic_gold", "name": "orogenic gold\u2013quartz veins", "tonnage_mt": 0.0247, "grades": {"Au g/t": 11.5405}, "depth_m": 1661, "blind": true, "strike_deg": 149, "dip_deg": 79, "length_m": 2005, "width_m": 3.0, "shape": "veins", "host": "arc_plutonic", "chance": 0.84, "seen_by": {"geochemistry": false}, "water_depth_m": 0}}, {"type": "Feature", "geometry": {"type": "Point", "coordinates": [-60.07164, 55.64772]}, "properties": {"id": "TRE2-OAU-001773A-02", "district_id": "TRE2-OAU-001773A", "belt_id": "TRE2-OAU-B0001", "kind": "orogenic_gold", "name": "orogenic gold\u2013quartz veins", "tonnage_mt": 0.072, "grades": {"Au g/t": 4.9744}, "depth_m": 1807, "blind": true, "strike_deg": 150, "dip_deg": 57, "length_m": 2508, "width_m": 3.5, "shape": "veins", "host": "arc_plutonic", "chance": 0.84, "seen_by": {"geochemistry": false}, "water_depth_m": 0}}, {"type": "Feature", "geometry": {"type": "Point", "coordinates": [-60.11936, 55.9642]}, "properties": {"id": "TRE2-OAU-001773A-03", "district_id": "TRE2-OAU-001773A", "belt_id": "TRE2-OAU-B0001", "kind": "orogenic_gold", "name": "orogenic gold\u2013quartz veins", "tonnage_mt": 0.0814, "grades": {"Au g/t": 7.8797}, "depth_m": 1784, "blind": true, "strike_deg": 150, "dip_deg": 80, "length_m": 4925, "width_m": 2.1, "shape": "veins", "host": "arc_plutonic", "chance": 0.84, "seen_by": {"geochemistry": false}, "water_depth_m": 0}}, {"type": "Feature", "geometry": {"type": "Point", "coordinates": [-59.92734, 55.77808]}, "properties": {"id": "TRE2-OAU-001773A-04", "district_id": "TRE2-OAU-001773A", "belt_id": "TRE2-OAU-B0001", "kind": "orogenic_gold", "name": "orogenic gold\u2013quartz veins", "tonnage_mt": 0.0104, "grades": {"Au g/t": 21.4682}, "depth_m": 1906, "blind": true, "strike_deg": 155, "dip_deg": 79, "length_m": 2724, "width_m": 3.7, "shape": "veins", "host": "arc_plutonic", "chance": 0.84, "seen_by": {"geochemistry": false}, "water_depth_m": 0}}, {"type": "Feature", "geometry": {"type": "Point", "coordinates": [-59.9516, 55.65804]}, "properties": {"id": "TRE2-OAU-001773A-05", "district_id": "TRE2-OAU-001773A", "belt_id": "TRE2-OAU-B0001", "kind": "orogenic_gold", "name": "orogenic gold\u2013quartz veins", "tonnage_mt": 0.106, "grades": {"Au g/t": 8.195}, "depth_m": 1753, "blind": true, "strike_deg": 159, "dip_deg": 59, "length_m": 3490, "width_m": 4.8, "shape": "veins", "host": "arc_plutonic", "chance": 0.84, "seen_by": {"geochemistry": false}, "water_depth_m": 0}}, {"type": "Feature", "geometry": {"type": "Point", "coordinates": [-31.74198, 51.64701]}, "properties": {"id": "TRE2-OAU-002210A-01", "district_id": "TRE2-OAU-002210A", "belt_id": "TRE2-OAU-B0015", "kind": "orogenic_gold", "name": "orogenic gold\u2013quartz veins", "tonnage_mt": 0.0418, "grades": {"Au g/t": 12.6927}, "depth_m": 177, "blind": false, "strike_deg": 95, "dip_deg": 81, "length_m": 2690, "width_m": 5.0, "shape": "veins", "host": "arc_volcanic", "chance": 0.974, "seen_by": {"geochemistry": false}, "water_depth_m": 0}}, {"type": "Feature", "geometry": {"type": "Point", "coordinates": [-31.40235, 51.61937]}, "properties": {"id": "TRE2-OAU-002210A-02", "district_id": "TRE2-OAU-002210A", "belt_id": "TRE2-OAU-B0015", "kind": "orogenic_gold", "name": "orogenic gold\u2013quartz veins", "tonnage_mt": 0.1847, "grades": {"Au g/t": 8.5868}, "depth_m": 76, "blind": false, "strike_deg": 82, "dip_deg": 70, "length_m": 3159, "width_m": 4.3, "shape": "veins", "host": "arc_volcanic", "chance": 0.974, "seen_by": {"geochemistry": false}, "water_depth_m": 0}}, {"type": "Feature", "geometry": {"type": "Point", "coordinates": [-31.32159, 51.68061]}, "properties": {"id": "TRE2-OAU-002210A-03", "district_id": "TRE2-OAU-002210A", "belt_id": "TRE2-OAU-B0015", "kind": "orogenic_gold", "name": "orogenic gold\u2013quartz veins", "tonnage_mt": 0.0135, "grades": {"Au g/t": 6.9881}, "depth_m": 0, "blind": false, "strike_deg": 60, "dip_deg": 70, "length_m": 3380, "width_m": 3.1, "shape": "veins", "host": "arc_volcanic", "chance": 0.974, "seen_by": {"geochemistry": true}, "water_depth_m": 0}}, {"type": "Feature", "geometry": {"type": "Point", "coordinates": [-30.9853, 51.80732]}, "properties": {"id": "TRE2-OAU-002210A-04", "district_id": "TRE2-OAU-002210A", "belt_id": "TRE2-OAU-B0015", "kind": "orogenic_gold", "name": "orogenic gold\u2013quartz veins", "tonnage_mt": 0.4051, "grades": {"Au g/t": 6.3566}, "depth_m": 293, "blind": false, "strike_deg": 79, "dip_deg": 80, "length_m": 3743, "width_m": 3.6, "shape": "veins", "host": "arc_volcanic", "chance": 0.974, "seen_by": {"geochemistry": false}, "water_depth_m": 0}}, {"type": "Feature", "geometry": {"type": "Point", "coordinates": [-32.42397, 51.42922]}, "properties": {"id": "TRE2-OAU-002210A-05", "district_id": "TRE2-OAU-002210A", "belt_id": "TRE2-OAU-B0015", "kind": "orogenic_gold", "name": "orogenic gold\u2013quartz veins", "tonnage_mt": 0.0118, "grades": {"Au g/t": 8.8926}, "depth_m": 0, "blind": false, "strike_deg": 85, "dip_deg": 83, "length_m": 4743, "width_m": 3.6, "shape": "veins", "host": "arc_volcanic", "chance": 0.974, "seen_by": {"geochemistry": true}, "water_depth_m": 0}}, {"type": "Feature", "geometry": {"type": "Point", "coordinates": [-31.15705, 51.77299]}, "properties": {"id": "TRE2-OAU-002210A-06", "district_id": "TRE2-OAU-002210A", "belt_id": "TRE2-OAU-B0015", "kind": "orogenic_gold", "name": "orogenic gold\u2013quartz veins", "tonnage_mt": 0.4562, "grades": {"Au g/t": 19.4147}, "depth_m": 172, "blind": false, "strike_deg": 68, "dip_deg": 61, "length_m": 2163, "width_m": 4.2, "shape": "veins", "host": "arc_volcanic", "chance": 0.974, "seen_by": {"geochemistry": false}, "water_depth_m": 0}}, {"type": "Feature", "geometry": {"type": "Point", "coordinates": [-179.70756, 34.94037]}, "properties": {"id": "TRE2-OAU-004261A-01", "district_id": "TRE2-OAU-004261A", "belt_id": "TRE2-OAU-B0055", "kind": "orogenic_gold", "name": "orogenic gold\u2013quartz veins", "tonnage_mt": 0.0139, "grades": {"Au g/t": 11.0555}, "depth_m": 0, "blind": false, "strike_deg": 85, "dip_deg": 88, "length_m": 2186, "width_m": 3.3, "shape": "veins", "host": "clastic", "chance": 0.983, "seen_by": {"geochemistry": true}, "water_depth_m": 182}}, {"type": "Feature", "geometry": {"type": "Point", "coordinates": [179.74605, 34.94707]}, "properties": {"id": "TRE2-OAU-004261A-02", "district_id": "TRE2-OAU-004261A", "belt_id": "TRE2-OAU-B0055", "kind": "orogenic_gold", "name": "orogenic gold\u2013quartz veins", "tonnage_mt": 0.0045, "grades": {"Au g/t": 5.1712}, "depth_m": 0, "blind": false, "strike_deg": 99, "dip_deg": 62, "length_m": 4629, "width_m": 4.2, "shape": "veins", "host": "clastic", "chance": 0.983, "seen_by": {"geochemistry": true}, "water_depth_m": 182}}, {"type": "Feature", "geometry": {"type": "Point", "coordinates": [-179.79243, 35.04129]}, "properties": {"id": "TRE2-OAU-004261A-03", "district_id": "TRE2-OAU-004261A", "belt_id": "TRE2-OAU-B0055", "kind": "orogenic_gold", "name": "orogenic gold\u2013quartz veins", "tonnage_mt": 0.0038, "grades": {"Au g/t": 6.5154}, "depth_m": 0, "blind": false, "strike_deg": 100, "dip_deg": 78, "length_m": 3400, "width_m": 5.8, "shape": "veins", "host": "clastic", "chance": 0.983, "seen_by": {"geochemistry": true}, "water_depth_m": 182}}, {"type": "Feature", "geometry": {"type": "Point", "coordinates": [-179.03903, 34.98644]}, "properties": {"id": "TRE2-OAU-004261A-04", "district_id": "TRE2-OAU-004261A", "belt_id": "TRE2-OAU-B0055", "kind": "orogenic_gold", "name": "orogenic gold\u2013quartz veins", "tonnage_mt": 0.0229, "grades": {"Au g/t": 10.6637}, "depth_m": 0, "blind": false, "strike_deg": 93, "dip_deg": 87, "length_m": 5833, "width_m": 1.8, "shape": "veins", "host": "clastic", "chance": 0.983, "seen_by": {"geochemistry": true}, "water_depth_m": 182}}, {"type": "Feature", "geometry": {"type": "Point", "coordinates": [-179.40673, 34.93236]}, "properties": {"id": "TRE2-OAU-004261A-05", "district_id": "TRE2-OAU-004261A", "belt_id": "TRE2-OAU-B0055", "kind": "orogenic_gold", "name": "orogenic gold\u2013quartz veins", "tonnage_mt": 0.0026, "grades": {"Au g/t": 8.7085}, "depth_m": 0, "blind": false, "strike_deg": 90, "dip_deg": 69, "length_m": 2170, "width_m": 1.3, "shape": "veins", "host": "clastic", "chance": 0.983, "seen_by": {"geochemistry": true}, "water_depth_m": 182}}, {"type": "Feature", "geometry": {"type": "Point", "coordinates": [-178.90598, 35.06198]}, "properties": {"id": "TRE2-OAU-004261A-06", "district_id": "TRE2-OAU-004261A", "belt_id": "TRE2-OAU-B0055", "kind": "orogenic_gold", "name": "orogenic gold\u2013quartz veins", "tonnage_mt": 0.001, "grades": {"Au g/t": 10.6265}, "depth_m": 0, "blind": false, "strike_deg": 80, "dip_deg": 68, "length_m": 7250, "width_m": 3.4, "shape": "veins", "host": "clastic", "chance": 0.983, "seen_by": {"geochemistry": true}, "water_depth_m": 182}}, {"type": "Feature", "geometry": {"type": "Point", "coordinates": [-179.76409, 34.96146]}, "properties": {"id": "TRE2-OAU-004261A-07", "district_id": "TRE2-OAU-004261A", "belt_id": "TRE2-OAU-B0055", "kind": "orogenic_gold", "name": "orogenic gold\u2013quartz veins", "tonnage_mt": 0.05, "grades": {"Au g/t": 11.3381}, "depth_m": 0, "blind": false, "strike_deg": 84, "dip_deg": 58, "length_m": 5664, "width_m": 5.8, "shape": "veins", "host": "clastic", "chance": 0.983, "seen_by": {"geochemistry": true}, "water_depth_m": 182}}, {"type": "Feature", "geometry": {"type": "Point", "coordinates": [-179.15007, 35.0113]}, "properties": {"id": "TRE2-OAU-004261A-08", "district_id": "TRE2-OAU-004261A", "belt_id": "TRE2-OAU-B0055", "kind": "orogenic_gold", "name": "orogenic gold\u2013quartz veins", "tonnage_mt": 0.0083, "grades": {"Au g/t": 8.4793}, "depth_m": 0, "blind": false, "strike_deg": 86, "dip_deg": 84, "length_m": 2130, "width_m": 2.1, "shape": "veins", "host": "clastic", "chance": 0.983, "seen_by": {"geochemistry": true}, "water_depth_m": 182}}, {"type": "Feature", "geometry": {"type": "Point", "coordinates": [48.16446, 16.97709]}, "properties": {"id": "TRE2-OAU-007113A-01", "district_id": "TRE2-OAU-007113A", "belt_id": "TRE2-OAU-B0067", "kind": "orogenic_gold", "name": "orogenic gold\u2013quartz veins", "tonnage_mt": 0.0008, "grades": {"Au g/t": 6.1895}, "depth_m": 0, "blind": false, "strike_deg": 107, "dip_deg": 69, "length_m": 2607, "width_m": 1.8, "shape": "veins", "host": "basement", "chance": 0.896, "seen_by": {"geochemistry": true}, "water_depth_m": 0}}, {"type": "Feature", "geometry": {"type": "Point", "coordinates": [48.79504, 16.73703]}, "properties": {"id": "TRE2-OAU-007113A-02", "district_id": "TRE2-OAU-007113A", "belt_id": "TRE2-OAU-B0067", "kind": "orogenic_gold", "name": "orogenic gold\u2013quartz veins", "tonnage_mt": 0.0048, "grades": {"Au g/t": 9.1651}, "depth_m": 0, "blind": false, "strike_deg": 111, "dip_deg": 71, "length_m": 2357, "width_m": 1.5, "shape": "veins", "host": "basement", "chance": 0.896, "seen_by": {"geochemistry": true}, "water_depth_m": 0}}, {"type": "Feature", "geometry": {"type": "Point", "coordinates": [48.18682, 16.94233]}, "properties": {"id": "TRE2-OAU-007113A-03", "district_id": "TRE2-OAU-007113A", "belt_id": "TRE2-OAU-B0067", "kind": "orogenic_gold", "name": "orogenic gold\u2013quartz veins", "tonnage_mt": 0.0049, "grades": {"Au g/t": 12.3373}, "depth_m": 0, "blind": false, "strike_deg": 104, "dip_deg": 75, "length_m": 3286, "width_m": 7.4, "shape": "veins", "host": "basement", "chance": 0.896, "seen_by": {"geochemistry": true}, "water_depth_m": 0}}, {"type": "Feature", "geometry": {"type": "Point", "coordinates": [48.1563, 16.93762]}, "properties": {"id": "TRE2-OAU-007113A-04", "district_id": "TRE2-OAU-007113A", "belt_id": "TRE2-OAU-B0067", "kind": "orogenic_gold", "name": "orogenic gold\u2013quartz veins", "tonnage_mt": 0.01, "grades": {"Au g/t": 7.9295}, "depth_m": 0, "blind": false, "strike_deg": 113, "dip_deg": 68, "length_m": 3429, "width_m": 4.4, "shape": "veins", "host": "basement", "chance": 0.896, "seen_by": {"geochemistry": true}, "water_depth_m": 0}}, {"type": "Feature", "geometry": {"type": "Point", "coordinates": [48.04687, 16.95952]}, "properties": {"id": "TRE2-OAU-007113A-05", "district_id": "TRE2-OAU-007113A", "belt_id": "TRE2-OAU-B0067", "kind": "orogenic_gold", "name": "orogenic gold\u2013quartz veins", "tonnage_mt": 0.0341, "grades": {"Au g/t": 7.0032}, "depth_m": 0, "blind": false, "strike_deg": 101, "dip_deg": 68, "length_m": 1899, "width_m": 3.0, "shape": "veins", "host": "basement", "chance": 0.896, "seen_by": {"geochemistry": true}, "water_depth_m": 0}}, {"type": "Feature", "geometry": {"type": "Point", "coordinates": [48.33239, 16.87936]}, "properties": {"id": "TRE2-OAU-007113A-06", "district_id": "TRE2-OAU-007113A", "belt_id": "TRE2-OAU-B0067", "kind": "orogenic_gold", "name": "orogenic gold\u2013quartz veins", "tonnage_mt": 0.0273, "grades": {"Au g/t": 21.5866}, "depth_m": 0, "blind": false, "strike_deg": 109, "dip_deg": 81, "length_m": 2606, "width_m": 3.4, "shape": "veins", "host": "basement", "chance": 0.896, "seen_by": {"geochemistry": true}, "water_depth_m": 0}}, {"type": "Feature", "geometry": {"type": "Point", "coordinates": [47.98228, 16.9111]}, "properties": {"id": "TRE2-OAU-007113A-07", "district_id": "TRE2-OAU-007113A", "belt_id": "TRE2-OAU-B0067", "kind": "orogenic_gold", "name": "orogenic gold\u2013quartz veins", "tonnage_mt": 0.0005, "grades": {"Au g/t": 11.4886}, "depth_m": 0, "blind": false, "strike_deg": 97, "dip_deg": 73, "length_m": 2205, "width_m": 4.2, "shape": "veins", "host": "basement", "chance": 0.896, "seen_by": {"geochemistry": true}, "water_depth_m": 0}}, {"type": "Feature", "geometry": {"type": "Point", "coordinates": [48.25212, 16.9112]}, "properties": {"id": "TRE2-OAU-007113A-08", "district_id": "TRE2-OAU-007113A", "belt_id": "TRE2-OAU-B0067", "kind": "orogenic_gold", "name": "orogenic gold\u2013quartz veins", "tonnage_mt": 0.0007, "grades": {"Au g/t": 9.8862}, "depth_m": 0, "blind": false, "strike_deg": 117, "dip_deg": 58, "length_m": 4852, "width_m": 3.3, "shape": "veins", "host": "basement", "chance": 0.896, "seen_by": {"geochemistry": true}, "water_depth_m": 0}}, {"type": "Feature", "geometry": {"type": "Point", "coordinates": [-146.32093, -1.30684]}, "properties": {"id": "TRE2-OAU-010277A-01", "district_id": "TRE2-OAU-010277A", "belt_id": "TRE2-OAU-B0118", "kind": "orogenic_gold", "name": "orogenic gold\u2013quartz veins", "tonnage_mt": 0.1597, "grades": {"Au g/t": 9.5263}, "depth_m": 0, "blind": false, "strike_deg": 115, "dip_deg": 82, "length_m": 4354, "width_m": 2.6, "shape": "veins", "host": "carbonate", "chance": 0.99, "seen_by": {"geochemistry": true}, "water_depth_m": 0}}, {"type": "Feature", "geometry": {"type": "Point", "coordinates": [-146.07646, -1.31047]}, "properties": {"id": "TRE2-OAU-010277A-02", "district_id": "TRE2-OAU-010277A", "belt_id": "TRE2-OAU-B0118", "kind": "orogenic_gold", "name": "orogenic gold\u2013quartz veins", "tonnage_mt": 0.025, "grades": {"Au g/t": 8.295}, "depth_m": 0, "blind": false, "strike_deg": 106, "dip_deg": 70, "length_m": 2798, "width_m": 2.2, "shape": "veins", "host": "carbonate", "chance": 0.99, "seen_by": {"geochemistry": true}, "water_depth_m": 0}}, {"type": "Feature", "geometry": {"type": "Point", "coordinates": [-145.46996, -1.56819]}, "properties": {"id": "TRE2-OAU-010277A-03", "district_id": "TRE2-OAU-010277A", "belt_id": "TRE2-OAU-B0118", "kind": "orogenic_gold", "name": "orogenic gold\u2013quartz veins", "tonnage_mt": 0.3196, "grades": {"Au g/t": 5.7718}, "depth_m": 0, "blind": false, "strike_deg": 115, "dip_deg": 88, "length_m": 7609, "width_m": 2.0, "shape": "veins", "host": "carbonate", "chance": 0.99, "seen_by": {"geochemistry": true}, "water_depth_m": 0}}, {"type": "Feature", "geometry": {"type": "Point", "coordinates": [-145.5542, -1.43221]}, "properties": {"id": "TRE2-OAU-010277A-04", "district_id": "TRE2-OAU-010277A", "belt_id": "TRE2-OAU-B0118", "kind": "orogenic_gold", "name": "orogenic gold\u2013quartz veins", "tonnage_mt": 0.2795, "grades": {"Au g/t": 9.1106}, "depth_m": 0, "blind": false, "strike_deg": 127, "dip_deg": 86, "length_m": 2649, "width_m": 4.9, "shape": "veins", "host": "carbonate", "chance": 0.99, "seen_by": {"geochemistry": true}, "water_depth_m": 0}}, {"type": "Feature", "geometry": {"type": "Point", "coordinates": [-145.73724, -1.44253]}, "properties": {"id": "TRE2-OAU-010277A-05", "district_id": "TRE2-OAU-010277A", "belt_id": "TRE2-OAU-B0118", "kind": "orogenic_gold", "name": "orogenic gold\u2013quartz veins", "tonnage_mt": 0.0333, "grades": {"Au g/t": 8.2918}, "depth_m": 0, "blind": false, "strike_deg": 107, "dip_deg": 61, "length_m": 3122, "width_m": 3.3, "shape": "veins", "host": "carbonate", "chance": 0.99, "seen_by": {"geochemistry": true}, "water_depth_m": 0}}, {"type": "Feature", "geometry": {"type": "Point", "coordinates": [90.3255, -4.65605]}, "properties": {"id": "TRE2-OAU-010613A-01", "district_id": "TRE2-OAU-010613A", "belt_id": "TRE2-OAU-B0130", "kind": "orogenic_gold", "name": "orogenic gold\u2013quartz veins", "tonnage_mt": 0.1171, "grades": {"Au g/t": 7.2424}, "depth_m": 0, "blind": false, "strike_deg": 48, "dip_deg": 66, "length_m": 2500, "width_m": 2.6, "shape": "veins", "host": "granite", "chance": 0.74, "seen_by": {"geochemistry": true}, "water_depth_m": 0}}, {"type": "Feature", "geometry": {"type": "Point", "coordinates": [90.67172, -4.22574]}, "properties": {"id": "TRE2-OAU-010613A-02", "district_id": "TRE2-OAU-010613A", "belt_id": "TRE2-OAU-B0130", "kind": "orogenic_gold", "name": "orogenic gold\u2013quartz veins", "tonnage_mt": 0.115, "grades": {"Au g/t": 8.021}, "depth_m": 0, "blind": false, "strike_deg": 65, "dip_deg": 81, "length_m": 2666, "width_m": 4.1, "shape": "veins", "host": "granite", "chance": 0.74, "seen_by": {"geochemistry": true}, "water_depth_m": 0}}, {"type": "Feature", "geometry": {"type": "Point", "coordinates": [90.61849, -4.32307]}, "properties": {"id": "TRE2-OAU-010613A-03", "district_id": "TRE2-OAU-010613A", "belt_id": "TRE2-OAU-B0130", "kind": "orogenic_gold", "name": "orogenic gold\u2013quartz veins", "tonnage_mt": 0.009, "grades": {"Au g/t": 7.2568}, "depth_m": 0, "blind": false, "strike_deg": 50, "dip_deg": 55, "length_m": 2100, "width_m": 1.7, "shape": "veins", "host": "granite", "chance": 0.74, "seen_by": {"geochemistry": true}, "water_depth_m": 0}}, {"type": "Feature", "geometry": {"type": "Point", "coordinates": [14.59753, -8.05071]}, "properties": {"id": "TRE2-OAU-011433A-01", "district_id": "TRE2-OAU-011433A", "belt_id": "TRE2-OAU-B0153", "kind": "orogenic_gold", "name": "orogenic gold\u2013quartz veins", "tonnage_mt": 0.0043, "grades": {"Au g/t": 12.5503}, "depth_m": 0, "blind": false, "strike_deg": 46, "dip_deg": 57, "length_m": 2333, "width_m": 6.7, "shape": "veins", "host": "carbonate", "chance": 0.983, "seen_by": {"geochemistry": true}, "water_depth_m": 198}}, {"type": "Feature", "geometry": {"type": "Point", "coordinates": [14.42842, -8.30919]}, "properties": {"id": "TRE2-OAU-011433A-02", "district_id": "TRE2-OAU-011433A", "belt_id": "TRE2-OAU-B0153", "kind": "orogenic_gold", "name": "orogenic gold\u2013quartz veins", "tonnage_mt": 0.002, "grades": {"Au g/t": 15.2345}, "depth_m": 0, "blind": false, "strike_deg": 50, "dip_deg": 76, "length_m": 3592, "width_m": 2.5, "shape": "veins", "host": "carbonate", "chance": 0.983, "seen_by": {"geochemistry": true}, "water_depth_m": 198}}, {"type": "Feature", "geometry": {"type": "Point", "coordinates": [14.60096, -7.96816]}, "properties": {"id": "TRE2-OAU-011433A-03", "district_id": "TRE2-OAU-011433A", "belt_id": "TRE2-OAU-B0153", "kind": "orogenic_gold", "name": "orogenic gold\u2013quartz veins", "tonnage_mt": 0.2107, "grades": {"Au g/t": 10.5163}, "depth_m": 0, "blind": false, "strike_deg": 54, "dip_deg": 62, "length_m": 2602, "width_m": 2.3, "shape": "veins", "host": "carbonate", "chance": 0.983, "seen_by": {"geochemistry": true}, "water_depth_m": 198}}, {"type": "Feature", "geometry": {"type": "Point", "coordinates": [102.01716, -9.03301]}, "properties": {"id": "TRE2-OAU-011524A-01", "district_id": "TRE2-OAU-011524A", "belt_id": "TRE2-OAU-B0130", "kind": "orogenic_gold", "name": "orogenic gold\u2013quartz veins", "tonnage_mt": 0.1324, "grades": {"Au g/t": 7.8618}, "depth_m": 0, "blind": false, "strike_deg": 119, "dip_deg": 87, "length_m": 3006, "width_m": 1.1, "shape": "veins", "host": "basement", "chance": 1.0, "seen_by": {"geochemistry": true}, "water_depth_m": 0}}, {"type": "Feature", "geometry": {"type": "Point", "coordinates": [101.31616, -8.62653]}, "properties": {"id": "TRE2-OAU-011524A-02", "district_id": "TRE2-OAU-011524A", "belt_id": "TRE2-OAU-B0130", "kind": "orogenic_gold", "name": "orogenic gold\u2013quartz veins", "tonnage_mt": 0.0398, "grades": {"Au g/t": 12.9561}, "depth_m": 0, "blind": false, "strike_deg": 106, "dip_deg": 69, "length_m": 2245, "width_m": 2.6, "shape": "veins", "host": "basement", "chance": 1.0, "seen_by": {"geochemistry": true}, "water_depth_m": 0}}, {"type": "Feature", "geometry": {"type": "Point", "coordinates": [101.16274, -8.58725]}, "properties": {"id": "TRE2-OAU-011524A-03", "district_id": "TRE2-OAU-011524A", "belt_id": "TRE2-OAU-B0130", "kind": "orogenic_gold", "name": "orogenic gold\u2013quartz veins", "tonnage_mt": 0.1701, "grades": {"Au g/t": 12.1619}, "depth_m": 0, "blind": false, "strike_deg": 129, "dip_deg": 72, "length_m": 2259, "width_m": 1.9, "shape": "veins", "host": "basement", "chance": 1.0, "seen_by": {"geochemistry": true}, "water_depth_m": 0}}, {"type": "Feature", "geometry": {"type": "Point", "coordinates": [101.68844, -8.83082]}, "properties": {"id": "TRE2-OAU-011524A-04", "district_id": "TRE2-OAU-011524A", "belt_id": "TRE2-OAU-B0130", "kind": "orogenic_gold", "name": "orogenic gold\u2013quartz veins", "tonnage_mt": 0.005, "grades": {"Au g/t": 16.4867}, "depth_m": 0, "blind": false, "strike_deg": 122, "dip_deg": 63, "length_m": 2753, "width_m": 3.6, "shape": "veins", "host": "basement", "chance": 1.0, "seen_by": {"geochemistry": true}, "water_depth_m": 0}}, {"type": "Feature", "geometry": {"type": "Point", "coordinates": [101.609, -8.92021]}, "properties": {"id": "TRE2-OAU-011524A-05", "district_id": "TRE2-OAU-011524A", "belt_id": "TRE2-OAU-B0130", "kind": "orogenic_gold", "name": "orogenic gold\u2013quartz veins", "tonnage_mt": 0.004, "grades": {"Au g/t": 10.7783}, "depth_m": 0, "blind": false, "strike_deg": 148, "dip_deg": 80, "length_m": 2583, "width_m": 5.1, "shape": "veins", "host": "basement", "chance": 1.0, "seen_by": {"geochemistry": true}, "water_depth_m": 0}}, {"type": "Feature", "geometry": {"type": "Point", "coordinates": [101.21597, -8.57759]}, "properties": {"id": "TRE2-OAU-011524A-06", "district_id": "TRE2-OAU-011524A", "belt_id": "TRE2-OAU-B0130", "kind": "orogenic_gold", "name": "orogenic gold\u2013quartz veins", "tonnage_mt": 0.001, "grades": {"Au g/t": 11.2951}, "depth_m": 0, "blind": false, "strike_deg": 113, "dip_deg": 66, "length_m": 2489, "width_m": 2.2, "shape": "veins", "host": "basement", "chance": 1.0, "seen_by": {"geochemistry": true}, "water_depth_m": 0}}, {"type": "Feature", "geometry": {"type": "Point", "coordinates": [102.03209, -9.02344]}, "properties": {"id": "TRE2-OAU-011524A-07", "district_id": "TRE2-OAU-011524A", "belt_id": "TRE2-OAU-B0130", "kind": "orogenic_gold", "name": "orogenic gold\u2013quartz veins", "tonnage_mt": 0.0, "grades": {"Au g/t": 16.3656}, "depth_m": 0, "blind": false, "strike_deg": 118, "dip_deg": 69, "length_m": 4061, "width_m": 1.7, "shape": "veins", "host": "basement", "chance": 1.0, "seen_by": {"geochemistry": true}, "water_depth_m": 0}}, {"type": "Feature", "geometry": {"type": "Point", "coordinates": [102.13407, -9.06207]}, "properties": {"id": "TRE2-OAU-011524A-08", "district_id": "TRE2-OAU-011524A", "belt_id": "TRE2-OAU-B0130", "kind": "orogenic_gold", "name": "orogenic gold\u2013quartz veins", "tonnage_mt": 0.0013, "grades": {"Au g/t": 7.6087}, "depth_m": 0, "blind": false, "strike_deg": 131, "dip_deg": 76, "length_m": 2835, "width_m": 4.7, "shape": "veins", "host": "basement", "chance": 1.0, "seen_by": {"geochemistry": true}, "water_depth_m": 0}}, {"type": "Feature", "geometry": {"type": "Point", "coordinates": [-158.61001, -16.86696]}, "properties": {"id": "TRE2-OAU-012848A-01", "district_id": "TRE2-OAU-012848A", "belt_id": "TRE2-OAU-B0134", "kind": "orogenic_gold", "name": "orogenic gold\u2013quartz veins", "tonnage_mt": 0.0461, "grades": {"Au g/t": 10.8795}, "depth_m": 1105, "blind": true, "strike_deg": 6, "dip_deg": 66, "length_m": 1968, "width_m": 2.8, "shape": "veins", "host": "granite", "chance": 0.973, "seen_by": {"geochemistry": false}, "water_depth_m": 0}}, {"type": "Feature", "geometry": {"type": "Point", "coordinates": [-158.69377, -16.76118]}, "properties": {"id": "TRE2-OAU-012848A-02", "district_id": "TRE2-OAU-012848A", "belt_id": "TRE2-OAU-B0134", "kind": "orogenic_gold", "name": "orogenic gold\u2013quartz veins", "tonnage_mt": 0.0227, "grades": {"Au g/t": 6.1392}, "depth_m": 829, "blind": true, "strike_deg": 13, "dip_deg": 78, "length_m": 3778, "width_m": 3.8, "shape": "veins", "host": "granite", "chance": 0.973, "seen_by": {"geochemistry": false}, "water_depth_m": 0}}, {"type": "Feature", "geometry": {"type": "Point", "coordinates": [-158.46387, -16.59361]}, "properties": {"id": "TRE2-OAU-012848A-03", "district_id": "TRE2-OAU-012848A", "belt_id": "TRE2-OAU-B0134", "kind": "orogenic_gold", "name": "orogenic gold\u2013quartz veins", "tonnage_mt": 0.0455, "grades": {"Au g/t": 4.7511}, "depth_m": 939, "blind": true, "strike_deg": 14, "dip_deg": 76, "length_m": 3037, "width_m": 4.8, "shape": "veins", "host": "granite", "chance": 0.973, "seen_by": {"geochemistry": false}, "water_depth_m": 0}}, {"type": "Feature", "geometry": {"type": "Point", "coordinates": [-158.46002, -16.40243]}, "properties": {"id": "TRE2-OAU-012848A-04", "district_id": "TRE2-OAU-012848A", "belt_id": "TRE2-OAU-B0134", "kind": "orogenic_gold", "name": "orogenic gold\u2013quartz veins", "tonnage_mt": 0.3054, "grades": {"Au g/t": 8.0815}, "depth_m": 810, "blind": true, "strike_deg": 19, "dip_deg": 77, "length_m": 3833, "width_m": 1.7, "shape": "veins", "host": "granite", "chance": 0.973, "seen_by": {"geochemistry": false}, "water_depth_m": 0}}, {"type": "Feature", "geometry": {"type": "Point", "coordinates": [-14.37872, -18.71463]}, "properties": {"id": "TRE2-OAU-013203A-01", "district_id": "TRE2-OAU-013203A", "belt_id": "TRE2-OAU-B0164", "kind": "orogenic_gold", "name": "orogenic gold\u2013quartz veins", "tonnage_mt": 1.9381, "grades": {"Au g/t": 9.6484}, "depth_m": 0, "blind": false, "strike_deg": 75, "dip_deg": 62, "length_m": 3673, "width_m": 4.1, "shape": "veins", "host": "granite", "chance": 0.956, "seen_by": {"geochemistry": true}, "water_depth_m": 0}}, {"type": "Feature", "geometry": {"type": "Point", "coordinates": [-14.44194, -18.76961]}, "properties": {"id": "TRE2-OAU-013203A-02", "district_id": "TRE2-OAU-013203A", "belt_id": "TRE2-OAU-B0164", "kind": "orogenic_gold", "name": "orogenic gold\u2013quartz veins", "tonnage_mt": 0.027, "grades": {"Au g/t": 9.6638}, "depth_m": 0, "blind": false, "strike_deg": 63, "dip_deg": 76, "length_m": 3257, "width_m": 3.1, "shape": "veins", "host": "granite", "chance": 0.956, "seen_by": {"geochemistry": true}, "water_depth_m": 0}}, {"type": "Feature", "geometry": {"type": "Point", "coordinates": [-13.80224, -18.34541]}, "properties": {"id": "TRE2-OAU-013203A-03", "district_id": "TRE2-OAU-013203A", "belt_id": "TRE2-OAU-B0164", "kind": "orogenic_gold", "name": "orogenic gold\u2013quartz veins", "tonnage_mt": 0.0056, "grades": {"Au g/t": 4.8113}, "depth_m": 0, "blind": false, "strike_deg": 83, "dip_deg": 88, "length_m": 4380, "width_m": 2.8, "shape": "veins", "host": "granite", "chance": 0.956, "seen_by": {"geochemistry": true}, "water_depth_m": 0}}, {"type": "Feature", "geometry": {"type": "Point", "coordinates": [138.33383, -20.70848]}, "properties": {"id": "TRE2-OAU-013537A-01", "district_id": "TRE2-OAU-013537A", "belt_id": "TRE2-OAU-B0190", "kind": "orogenic_gold", "name": "orogenic gold\u2013quartz veins", "tonnage_mt": 0.0203, "grades": {"Au g/t": 10.5088}, "depth_m": 0, "blind": false, "strike_deg": 5, "dip_deg": 88, "length_m": 5918, "width_m": 2.1, "shape": "veins", "host": "carbonate", "chance": 0.84, "seen_by": {"geochemistry": true}, "water_depth_m": 61}}, {"type": "Feature", "geometry": {"type": "Point", "coordinates": [138.20781, -21.28777]}, "properties": {"id": "TRE2-OAU-013537A-02", "district_id": "TRE2-OAU-013537A", "belt_id": "TRE2-OAU-B0190", "kind": "orogenic_gold", "name": "orogenic gold\u2013quartz veins", "tonnage_mt": 0.0068, "grades": {"Au g/t": 10.432}, "depth_m": 0, "blind": false, "strike_deg": 176, "dip_deg": 65, "length_m": 1909, "width_m": 3.6, "shape": "veins", "host": "carbonate", "chance": 0.84, "seen_by": {"geochemistry": true}, "water_depth_m": 61}}, {"type": "Feature", "geometry": {"type": "Point", "coordinates": [138.23609, -20.66442]}, "properties": {"id": "TRE2-OAU-013537A-03", "district_id": "TRE2-OAU-013537A", "belt_id": "TRE2-OAU-B0190", "kind": "orogenic_gold", "name": "orogenic gold\u2013quartz veins", "tonnage_mt": 0.0003, "grades": {"Au g/t": 7.2954}, "depth_m": 0, "blind": false, "strike_deg": 6, "dip_deg": 88, "length_m": 1839, "width_m": 3.7, "shape": "veins", "host": "carbonate", "chance": 0.84, "seen_by": {"geochemistry": true}, "water_depth_m": 61}}, {"type": "Feature", "geometry": {"type": "Point", "coordinates": [138.29743, -20.99209]}, "properties": {"id": "TRE2-OAU-013537A-04", "district_id": "TRE2-OAU-013537A", "belt_id": "TRE2-OAU-B0190", "kind": "orogenic_gold", "name": "orogenic gold\u2013quartz veins", "tonnage_mt": 0.0333, "grades": {"Au g/t": 9.5172}, "depth_m": 0, "blind": false, "strike_deg": 12, "dip_deg": 76, "length_m": 2545, "width_m": 4.0, "shape": "veins", "host": "carbonate", "chance": 0.84, "seen_by": {"geochemistry": true}, "water_depth_m": 61}}, {"type": "Feature", "geometry": {"type": "Point", "coordinates": [138.27517, -21.06421]}, "properties": {"id": "TRE2-OAU-013537A-05", "district_id": "TRE2-OAU-013537A", "belt_id": "TRE2-OAU-B0190", "kind": "orogenic_gold", "name": "orogenic gold\u2013quartz veins", "tonnage_mt": 0.001, "grades": {"Au g/t": 13.7249}, "depth_m": 0, "blind": false, "strike_deg": 179, "dip_deg": 83, "length_m": 5008, "width_m": 1.5, "shape": "veins", "host": "carbonate", "chance": 0.84, "seen_by": {"geochemistry": true}, "water_depth_m": 61}}, {"type": "Feature", "geometry": {"type": "Point", "coordinates": [138.24915, -21.31909]}, "properties": {"id": "TRE2-OAU-013537A-06", "district_id": "TRE2-OAU-013537A", "belt_id": "TRE2-OAU-B0190", "kind": "orogenic_gold", "name": "orogenic gold\u2013quartz veins", "tonnage_mt": 0.0013, "grades": {"Au g/t": 13.4273}, "depth_m": 0, "blind": false, "strike_deg": 158, "dip_deg": 60, "length_m": 2637, "width_m": 4.5, "shape": "veins", "host": "carbonate", "chance": 0.84, "seen_by": {"geochemistry": true}, "water_depth_m": 61}}, {"type": "Feature", "geometry": {"type": "Point", "coordinates": [138.18948, -20.97437]}, "properties": {"id": "TRE2-OAU-013537A-07", "district_id": "TRE2-OAU-013537A", "belt_id": "TRE2-OAU-B0190", "kind": "orogenic_gold", "name": "orogenic gold\u2013quartz veins", "tonnage_mt": 0.0047, "grades": {"Au g/t": 8.6181}, "depth_m": 0, "blind": false, "strike_deg": 13, "dip_deg": 65, "length_m": 2199, "width_m": 2.8, "shape": "veins", "host": "carbonate", "chance": 0.84, "seen_by": {"geochemistry": true}, "water_depth_m": 61}}, {"type": "Feature", "geometry": {"type": "Point", "coordinates": [-127.48644, -23.50138]}, "properties": {"id": "TRE2-OAU-013984A-01", "district_id": "TRE2-OAU-013984A", "belt_id": "TRE2-OAU-B0178", "kind": "orogenic_gold", "name": "orogenic gold\u2013quartz veins", "tonnage_mt": 0.1054, "grades": {"Au g/t": 9.9516}, "depth_m": 1722, "blind": true, "strike_deg": 22, "dip_deg": 56, "length_m": 4012, "width_m": 5.7, "shape": "veins", "host": "arc_volcanic", "chance": 0.6, "seen_by": {"geochemistry": false}, "water_depth_m": 0}}, {"type": "Feature", "geometry": {"type": "Point", "coordinates": [-127.51093, -23.51099]}, "properties": {"id": "TRE2-OAU-013984A-02", "district_id": "TRE2-OAU-013984A", "belt_id": "TRE2-OAU-B0178", "kind": "orogenic_gold", "name": "orogenic gold\u2013quartz veins", "tonnage_mt": 0.0299, "grades": {"Au g/t": 7.6028}, "depth_m": 1877, "blind": true, "strike_deg": 29, "dip_deg": 62, "length_m": 2482, "width_m": 1.6, "shape": "veins", "host": "arc_volcanic", "chance": 0.6, "seen_by": {"geochemistry": false}, "water_depth_m": 0}}, {"type": "Feature", "geometry": {"type": "Point", "coordinates": [-127.36337, -23.32993]}, "properties": {"id": "TRE2-OAU-013984A-03", "district_id": "TRE2-OAU-013984A", "belt_id": "TRE2-OAU-B0178", "kind": "orogenic_gold", "name": "orogenic gold\u2013quartz veins", "tonnage_mt": 0.4191, "grades": {"Au g/t": 13.4554}, "depth_m": 1752, "blind": true, "strike_deg": 27, "dip_deg": 59, "length_m": 2105, "width_m": 2.1, "shape": "veins", "host": "arc_volcanic", "chance": 0.6, "seen_by": {"geochemistry": false}, "water_depth_m": 0}}, {"type": "Feature", "geometry": {"type": "Point", "coordinates": [-127.56455, -23.55534]}, "properties": {"id": "TRE2-OAU-013984A-04", "district_id": "TRE2-OAU-013984A", "belt_id": "TRE2-OAU-B0178", "kind": "orogenic_gold", "name": "orogenic gold\u2013quartz veins", "tonnage_mt": 0.0063, "grades": {"Au g/t": 12.5054}, "depth_m": 1871, "blind": true, "strike_deg": 28, "dip_deg": 56, "length_m": 2425, "width_m": 1.7, "shape": "veins", "host": "arc_volcanic", "chance": 0.6, "seen_by": {"geochemistry": false}, "water_depth_m": 0}}, {"type": "Feature", "geometry": {"type": "Point", "coordinates": [-127.63017, -23.75435]}, "properties": {"id": "TRE2-OAU-013984A-05", "district_id": "TRE2-OAU-013984A", "belt_id": "TRE2-OAU-B0178", "kind": "orogenic_gold", "name": "orogenic gold\u2013quartz veins", "tonnage_mt": 7.818, "grades": {"Au g/t": 15.4362}, "depth_m": 2064, "blind": true, "strike_deg": 21, "dip_deg": 66, "length_m": 3005, "width_m": 2.9, "shape": "veins", "host": "arc_volcanic", "chance": 0.6, "seen_by": {"geochemistry": false}, "water_depth_m": 0}}, {"type": "Feature", "geometry": {"type": "Point", "coordinates": [-127.61499, -23.77321]}, "properties": {"id": "TRE2-OAU-013984A-06", "district_id": "TRE2-OAU-013984A", "belt_id": "TRE2-OAU-B0178", "kind": "orogenic_gold", "name": "orogenic gold\u2013quartz veins", "tonnage_mt": 0.0561, "grades": {"Au g/t": 17.8143}, "depth_m": 2104, "blind": true, "strike_deg": 39, "dip_deg": 73, "length_m": 3171, "width_m": 2.7, "shape": "veins", "host": "arc_volcanic", "chance": 0.6, "seen_by": {"geochemistry": false}, "water_depth_m": 0}}, {"type": "Feature", "geometry": {"type": "Point", "coordinates": [41.83842, -25.28506]}, "properties": {"id": "TRE2-OAU-014132A-01", "district_id": "TRE2-OAU-014132A", "belt_id": "TRE2-OAU-B0144", "kind": "orogenic_gold", "name": "orogenic gold\u2013quartz veins", "tonnage_mt": 0.6627, "grades": {"Au g/t": 15.2858}, "depth_m": 0, "blind": false, "strike_deg": 166, "dip_deg": 69, "length_m": 3102, "width_m": 2.5, "shape": "veins", "host": "arc_plutonic", "chance": 0.989, "seen_by": {"geochemistry": true}, "water_depth_m": 0}}, {"type": "Feature", "geometry": {"type": "Point", "coordinates": [41.46444, -24.95566]}, "properties": {"id": "TRE2-OAU-014132A-02", "district_id": "TRE2-OAU-014132A", "belt_id": "TRE2-OAU-B0144", "kind": "orogenic_gold", "name": "orogenic gold\u2013quartz veins", "tonnage_mt": 0.0762, "grades": {"Au g/t": 9.1626}, "depth_m": 0, "blind": false, "strike_deg": 158, "dip_deg": 89, "length_m": 4758, "width_m": 1.9, "shape": "veins", "host": "arc_plutonic", "chance": 0.989, "seen_by": {"geochemistry": true}, "water_depth_m": 0}}, {"type": "Feature", "geometry": {"type": "Point", "coordinates": [41.53459, -24.81145]}, "properties": {"id": "TRE2-OAU-014132A-03", "district_id": "TRE2-OAU-014132A", "belt_id": "TRE2-OAU-B0144", "kind": "orogenic_gold", "name": "orogenic gold\u2013quartz veins", "tonnage_mt": 0.0006, "grades": {"Au g/t": 6.3129}, "depth_m": 137, "blind": false, "strike_deg": 154, "dip_deg": 63, "length_m": 3898, "width_m": 2.1, "shape": "veins", "host": "arc_plutonic", "chance": 0.989, "seen_by": {"geochemistry": false}, "water_depth_m": 0}}, {"type": "Feature", "geometry": {"type": "Point", "coordinates": [41.62535, -25.09416]}, "properties": {"id": "TRE2-OAU-014132A-04", "district_id": "TRE2-OAU-014132A", "belt_id": "TRE2-OAU-B0144", "kind": "orogenic_gold", "name": "orogenic gold\u2013quartz veins", "tonnage_mt": 4.4063, "grades": {"Au g/t": 21.7657}, "depth_m": 0, "blind": false, "strike_deg": 148, "dip_deg": 87, "length_m": 3751, "width_m": 2.1, "shape": "veins", "host": "arc_plutonic", "chance": 0.989, "seen_by": {"geochemistry": true}, "water_depth_m": 0}}, {"type": "Feature", "geometry": {"type": "Point", "coordinates": [41.60326, -24.7795]}, "properties": {"id": "TRE2-OAU-014132A-05", "district_id": "TRE2-OAU-014132A", "belt_id": "TRE2-OAU-B0144", "kind": "orogenic_gold", "name": "orogenic gold\u2013quartz veins", "tonnage_mt": 1.778, "grades": {"Au g/t": 12.1233}, "depth_m": 0, "blind": false, "strike_deg": 160, "dip_deg": 83, "length_m": 2697, "width_m": 6.2, "shape": "veins", "host": "arc_plutonic", "chance": 0.989, "seen_by": {"geochemistry": true}, "water_depth_m": 0}}, {"type": "Feature", "geometry": {"type": "Point", "coordinates": [41.6817, -25.20286]}, "properties": {"id": "TRE2-OAU-014132A-06", "district_id": "TRE2-OAU-014132A", "belt_id": "TRE2-OAU-B0144", "kind": "orogenic_gold", "name": "orogenic gold\u2013quartz veins", "tonnage_mt": 0.2802, "grades": {"Au g/t": 8.7487}, "depth_m": 0, "blind": false, "strike_deg": 152, "dip_deg": 63, "length_m": 7839, "width_m": 4.4, "shape": "veins", "host": "arc_plutonic", "chance": 0.989, "seen_by": {"geochemistry": true}, "water_depth_m": 0}}, {"type": "Feature", "geometry": {"type": "Point", "coordinates": [41.66345, -25.09558]}, "properties": {"id": "TRE2-OAU-014132A-07", "district_id": "TRE2-OAU-014132A", "belt_id": "TRE2-OAU-B0144", "kind": "orogenic_gold", "name": "orogenic gold\u2013quartz veins", "tonnage_mt": 0.1764, "grades": {"Au g/t": 7.0196}, "depth_m": 0, "blind": false, "strike_deg": 158, "dip_deg": 68, "length_m": 4793, "width_m": 7.1, "shape": "veins", "host": "arc_plutonic", "chance": 0.989, "seen_by": {"geochemistry": true}, "water_depth_m": 0}}, {"type": "Feature", "geometry": {"type": "Point", "coordinates": [41.78915, -25.22612]}, "properties": {"id": "TRE2-OAU-014132A-08", "district_id": "TRE2-OAU-014132A", "belt_id": "TRE2-OAU-B0144", "kind": "orogenic_gold", "name": "orogenic gold\u2013quartz veins", "tonnage_mt": 0.1946, "grades": {"Au g/t": 13.1776}, "depth_m": 0, "blind": false, "strike_deg": 126, "dip_deg": 62, "length_m": 4588, "width_m": 3.9, "shape": "veins", "host": "arc_plutonic", "chance": 0.989, "seen_by": {"geochemistry": true}, "water_depth_m": 0}}, {"type": "Feature", "geometry": {"type": "Point", "coordinates": [41.74186, -25.32072]}, "properties": {"id": "TRE2-OAU-014132A-09", "district_id": "TRE2-OAU-014132A", "belt_id": "TRE2-OAU-B0144", "kind": "orogenic_gold", "name": "orogenic gold\u2013quartz veins", "tonnage_mt": 0.0732, "grades": {"Au g/t": 15.3083}, "depth_m": 0, "blind": false, "strike_deg": 151, "dip_deg": 73, "length_m": 3705, "width_m": 3.3, "shape": "veins", "host": "arc_plutonic", "chance": 0.989, "seen_by": {"geochemistry": true}, "water_depth_m": 0}}, {"type": "Feature", "geometry": {"type": "Point", "coordinates": [41.52929, -24.91968]}, "properties": {"id": "TRE2-OAU-014132A-10", "district_id": "TRE2-OAU-014132A", "belt_id": "TRE2-OAU-B0144", "kind": "orogenic_gold", "name": "orogenic gold\u2013quartz veins", "tonnage_mt": 0.4903, "grades": {"Au g/t": 16.7972}, "depth_m": 0, "blind": false, "strike_deg": 161, "dip_deg": 87, "length_m": 1667, "width_m": 3.3, "shape": "veins", "host": "arc_plutonic", "chance": 0.989, "seen_by": {"geochemistry": true}, "water_depth_m": 0}}, {"type": "Feature", "geometry": {"type": "Point", "coordinates": [41.82481, -25.4351]}, "properties": {"id": "TRE2-OAU-014132A-11", "district_id": "TRE2-OAU-014132A", "belt_id": "TRE2-OAU-B0144", "kind": "orogenic_gold", "name": "orogenic gold\u2013quartz veins", "tonnage_mt": 0.0266, "grades": {"Au g/t": 15.0241}, "depth_m": 0, "blind": false, "strike_deg": 140, "dip_deg": 60, "length_m": 3632, "width_m": 1.2, "shape": "veins", "host": "arc_plutonic", "chance": 0.989, "seen_by": {"geochemistry": true}, "water_depth_m": 0}}, {"type": "Feature", "geometry": {"type": "Point", "coordinates": [54.09351, -28.90161]}, "properties": {"id": "TRE2-OAU-014755A-01", "district_id": "TRE2-OAU-014755A", "belt_id": "TRE2-OAU-B0197", "kind": "orogenic_gold", "name": "orogenic gold\u2013quartz veins", "tonnage_mt": 0.0166, "grades": {"Au g/t": 7.4146}, "depth_m": 0, "blind": false, "strike_deg": 78, "dip_deg": 74, "length_m": 3997, "width_m": 3.7, "shape": "veins", "host": "carbonate", "chance": 0.6, "seen_by": {"geochemistry": true}, "water_depth_m": 0}}, {"type": "Feature", "geometry": {"type": "Point", "coordinates": [54.50408, -28.9364]}, "properties": {"id": "TRE2-OAU-014755A-02", "district_id": "TRE2-OAU-014755A", "belt_id": "TRE2-OAU-B0197", "kind": "orogenic_gold", "name": "orogenic gold\u2013quartz veins", "tonnage_mt": 0.0277, "grades": {"Au g/t": 6.2419}, "depth_m": 302, "blind": true, "strike_deg": 87, "dip_deg": 60, "length_m": 3336, "width_m": 3.0, "shape": "veins", "host": "carbonate", "chance": 0.6, "seen_by": {"geochemistry": false}, "water_depth_m": 0}}, {"type": "Feature", "geometry": {"type": "Point", "coordinates": [54.03593, -28.98521]}, "properties": {"id": "TRE2-OAU-014755A-03", "district_id": "TRE2-OAU-014755A", "belt_id": "TRE2-OAU-B0197", "kind": "orogenic_gold", "name": "orogenic gold\u2013quartz veins", "tonnage_mt": 0.1001, "grades": {"Au g/t": 11.763}, "depth_m": 0, "blind": false, "strike_deg": 87, "dip_deg": 83, "length_m": 1882, "width_m": 1.9, "shape": "veins", "host": "carbonate", "chance": 0.6, "seen_by": {"geochemistry": true}, "water_depth_m": 0}}, {"type": "Feature", "geometry": {"type": "Point", "coordinates": [54.40374, -28.87739]}, "properties": {"id": "TRE2-OAU-014755A-04", "district_id": "TRE2-OAU-014755A", "belt_id": "TRE2-OAU-B0197", "kind": "orogenic_gold", "name": "orogenic gold\u2013quartz veins", "tonnage_mt": 0.0383, "grades": {"Au g/t": 17.1251}, "depth_m": 47, "blind": false, "strike_deg": 92, "dip_deg": 71, "length_m": 2096, "width_m": 1.8, "shape": "veins", "host": "carbonate", "chance": 0.6, "seen_by": {"geochemistry": true}, "water_depth_m": 0}}, {"type": "Feature", "geometry": {"type": "Point", "coordinates": [53.38332, -28.98213]}, "properties": {"id": "TRE2-OAU-014755A-05", "district_id": "TRE2-OAU-014755A", "belt_id": "TRE2-OAU-B0197", "kind": "orogenic_gold", "name": "orogenic gold\u2013quartz veins", "tonnage_mt": 0.0172, "grades": {"Au g/t": 11.2009}, "depth_m": 0, "blind": false, "strike_deg": 77, "dip_deg": 72, "length_m": 1346, "width_m": 1.7, "shape": "veins", "host": "carbonate", "chance": 0.6, "seen_by": {"geochemistry": true}, "water_depth_m": 0}}, {"type": "Feature", "geometry": {"type": "Point", "coordinates": [132.01743, -29.07584]}, "properties": {"id": "TRE2-OAU-014778A-01", "district_id": "TRE2-OAU-014778A", "belt_id": "TRE2-OAU-B0202", "kind": "orogenic_gold", "name": "orogenic gold\u2013quartz veins", "tonnage_mt": 0.0138, "grades": {"Au g/t": 19.229}, "depth_m": 0, "blind": false, "strike_deg": 18, "dip_deg": 84, "length_m": 2111, "width_m": 4.5, "shape": "veins", "host": "arc_plutonic", "chance": 0.35, "seen_by": {"geochemistry": true}, "water_depth_m": 0}}, {"type": "Feature", "geometry": {"type": "Point", "coordinates": [132.06162, -28.43141]}, "properties": {"id": "TRE2-OAU-014778A-02", "district_id": "TRE2-OAU-014778A", "belt_id": "TRE2-OAU-B0202", "kind": "orogenic_gold", "name": "orogenic gold\u2013quartz veins", "tonnage_mt": 0.3964, "grades": {"Au g/t": 20.5628}, "depth_m": 0, "blind": false, "strike_deg": 10, "dip_deg": 88, "length_m": 1354, "width_m": 3.3, "shape": "veins", "host": "arc_plutonic", "chance": 0.35, "seen_by": {"geochemistry": true}, "water_depth_m": 0}}, {"type": "Feature", "geometry": {"type": "Point", "coordinates": [132.0442, -28.6822]}, "properties": {"id": "TRE2-OAU-014778A-03", "district_id": "TRE2-OAU-014778A", "belt_id": "TRE2-OAU-B0202", "kind": "orogenic_gold", "name": "orogenic gold\u2013quartz veins", "tonnage_mt": 0.0138, "grades": {"Au g/t": 11.7066}, "depth_m": 0, "blind": false, "strike_deg": 31, "dip_deg": 71, "length_m": 1347, "width_m": 4.9, "shape": "veins", "host": "arc_plutonic", "chance": 0.35, "seen_by": {"geochemistry": true}, "water_depth_m": 0}}, {"type": "Feature", "geometry": {"type": "Point", "coordinates": [132.10185, -28.89154]}, "properties": {"id": "TRE2-OAU-014778A-04", "district_id": "TRE2-OAU-014778A", "belt_id": "TRE2-OAU-B0202", "kind": "orogenic_gold", "name": "orogenic gold\u2013quartz veins", "tonnage_mt": 0.0038, "grades": {"Au g/t": 9.0626}, "depth_m": 0, "blind": false, "strike_deg": 179, "dip_deg": 56, "length_m": 4603, "width_m": 3.5, "shape": "veins", "host": "arc_plutonic", "chance": 0.35, "seen_by": {"geochemistry": true}, "water_depth_m": 0}}, {"type": "Feature", "geometry": {"type": "Point", "coordinates": [131.97242, -28.70568]}, "properties": {"id": "TRE2-OAU-014778A-05", "district_id": "TRE2-OAU-014778A", "belt_id": "TRE2-OAU-B0202", "kind": "orogenic_gold", "name": "orogenic gold\u2013quartz veins", "tonnage_mt": 0.0531, "grades": {"Au g/t": 10.9762}, "depth_m": 0, "blind": false, "strike_deg": 14, "dip_deg": 77, "length_m": 4275, "width_m": 4.3, "shape": "veins", "host": "arc_plutonic", "chance": 0.35, "seen_by": {"geochemistry": true}, "water_depth_m": 0}}, {"type": "Feature", "geometry": {"type": "Point", "coordinates": [131.97501, -28.90749]}, "properties": {"id": "TRE2-OAU-014778A-06", "district_id": "TRE2-OAU-014778A", "belt_id": "TRE2-OAU-B0202", "kind": "orogenic_gold", "name": "orogenic gold\u2013quartz veins", "tonnage_mt": 0.4101, "grades": {"Au g/t": 21.4005}, "depth_m": 0, "blind": false, "strike_deg": 18, "dip_deg": 56, "length_m": 2593, "width_m": 3.6, "shape": "veins", "host": "arc_plutonic", "chance": 0.35, "seen_by": {"geochemistry": true}, "water_depth_m": 0}}, {"type": "Feature", "geometry": {"type": "Point", "coordinates": [131.98754, -28.68531]}, "properties": {"id": "TRE2-OAU-014778A-07", "district_id": "TRE2-OAU-014778A", "belt_id": "TRE2-OAU-B0202", "kind": "orogenic_gold", "name": "orogenic gold\u2013quartz veins", "tonnage_mt": 2.1945, "grades": {"Au g/t": 18.5489}, "depth_m": 0, "blind": false, "strike_deg": 178, "dip_deg": 83, "length_m": 4679, "width_m": 5.6, "shape": "veins", "host": "arc_plutonic", "chance": 0.35, "seen_by": {"geochemistry": true}, "water_depth_m": 0}}, {"type": "Feature", "geometry": {"type": "Point", "coordinates": [131.91958, -29.47604]}, "properties": {"id": "TRE2-OAU-014778A-08", "district_id": "TRE2-OAU-014778A", "belt_id": "TRE2-OAU-B0202", "kind": "orogenic_gold", "name": "orogenic gold\u2013quartz veins", "tonnage_mt": 0.0553, "grades": {"Au g/t": 8.5012}, "depth_m": 0, "blind": false, "strike_deg": 168, "dip_deg": 57, "length_m": 5975, "width_m": 3.2, "shape": "veins", "host": "arc_plutonic", "chance": 0.35, "seen_by": {"geochemistry": true}, "water_depth_m": 0}}, {"type": "Feature", "geometry": {"type": "Point", "coordinates": [-163.95236, -28.90482]}, "properties": {"id": "TRE2-OAU-014788A-01", "district_id": "TRE2-OAU-014788A", "belt_id": "TRE2-OAU-B0206", "kind": "orogenic_gold", "name": "orogenic gold\u2013quartz veins", "tonnage_mt": 0.0052, "grades": {"Au g/t": 8.6744}, "depth_m": 0, "blind": false, "strike_deg": 166, "dip_deg": 73, "length_m": 3173, "width_m": 2.0, "shape": "veins", "host": "granite", "chance": 0.896, "seen_by": {"geochemistry": true}, "water_depth_m": 0}}, {"type": "Feature", "geometry": {"type": "Point", "coordinates": [-163.85158, -29.22406]}, "properties": {"id": "TRE2-OAU-014788A-02", "district_id": "TRE2-OAU-014788A", "belt_id": "TRE2-OAU-B0206", "kind": "orogenic_gold", "name": "orogenic gold\u2013quartz veins", "tonnage_mt": 0.0456, "grades": {"Au g/t": 12.9187}, "depth_m": 0, "blind": false, "strike_deg": 155, "dip_deg": 86, "length_m": 3836, "width_m": 1.7, "shape": "veins", "host": "granite", "chance": 0.896, "seen_by": {"geochemistry": true}, "water_depth_m": 0}}, {"type": "Feature", "geometry": {"type": "Point", "coordinates": [-163.71391, -29.43227]}, "properties": {"id": "TRE2-OAU-014788A-03", "district_id": "TRE2-OAU-014788A", "belt_id": "TRE2-OAU-B0206", "kind": "orogenic_gold", "name": "orogenic gold\u2013quartz veins", "tonnage_mt": 0.004, "grades": {"Au g/t": 15.9591}, "depth_m": 0, "blind": false, "strike_deg": 167, "dip_deg": 65, "length_m": 3993, "width_m": 1.8, "shape": "veins", "host": "granite", "chance": 0.896, "seen_by": {"geochemistry": true}, "water_depth_m": 0}}, {"type": "Feature", "geometry": {"type": "Point", "coordinates": [-164.24678, -28.37439]}, "properties": {"id": "TRE2-OAU-014788A-04", "district_id": "TRE2-OAU-014788A", "belt_id": "TRE2-OAU-B0206", "kind": "orogenic_gold", "name": "orogenic gold\u2013quartz veins", "tonnage_mt": 0.0099, "grades": {"Au g/t": 14.525}, "depth_m": 0, "blind": false, "strike_deg": 153, "dip_deg": 62, "length_m": 3213, "width_m": 5.1, "shape": "veins", "host": "granite", "chance": 0.896, "seen_by": {"geochemistry": true}, "water_depth_m": 0}}, {"type": "Feature", "geometry": {"type": "Point", "coordinates": [-163.68208, -29.44705]}, "properties": {"id": "TRE2-OAU-014788A-05", "district_id": "TRE2-OAU-014788A", "belt_id": "TRE2-OAU-B0206", "kind": "orogenic_gold", "name": "orogenic gold\u2013quartz veins", "tonnage_mt": 0.002, "grades": {"Au g/t": 6.8829}, "depth_m": 0, "blind": false, "strike_deg": 173, "dip_deg": 61, "length_m": 5108, "width_m": 2.1, "shape": "veins", "host": "granite", "chance": 0.896, "seen_by": {"geochemistry": true}, "water_depth_m": 0}}, {"type": "Feature", "geometry": {"type": "Point", "coordinates": [-163.89054, -28.6925]}, "properties": {"id": "TRE2-OAU-014788A-06", "district_id": "TRE2-OAU-014788A", "belt_id": "TRE2-OAU-B0206", "kind": "orogenic_gold", "name": "orogenic gold\u2013quartz veins", "tonnage_mt": 0.0435, "grades": {"Au g/t": 8.1249}, "depth_m": 0, "blind": false, "strike_deg": 164, "dip_deg": 75, "length_m": 2264, "width_m": 2.4, "shape": "veins", "host": "granite", "chance": 0.896, "seen_by": {"geochemistry": true}, "water_depth_m": 0}}, {"type": "Feature", "geometry": {"type": "Point", "coordinates": [-163.97234, -28.74985]}, "properties": {"id": "TRE2-OAU-014788A-07", "district_id": "TRE2-OAU-014788A", "belt_id": "TRE2-OAU-B0206", "kind": "orogenic_gold", "name": "orogenic gold\u2013quartz veins", "tonnage_mt": 0.004, "grades": {"Au g/t": 4.4315}, "depth_m": 0, "blind": false, "strike_deg": 155, "dip_deg": 89, "length_m": 4073, "width_m": 1.6, "shape": "veins", "host": "granite", "chance": 0.896, "seen_by": {"geochemistry": true}, "water_depth_m": 0}}, {"type": "Feature", "geometry": {"type": "Point", "coordinates": [-163.80284, -29.22803]}, "properties": {"id": "TRE2-OAU-014788A-08", "district_id": "TRE2-OAU-014788A", "belt_id": "TRE2-OAU-B0206", "kind": "orogenic_gold", "name": "orogenic gold\u2013quartz veins", "tonnage_mt": 0.0073, "grades": {"Au g/t": 16.7147}, "depth_m": 0, "blind": false, "strike_deg": 159, "dip_deg": 69, "length_m": 3546, "width_m": 2.3, "shape": "veins", "host": "granite", "chance": 0.896, "seen_by": {"geochemistry": true}, "water_depth_m": 0}}, {"type": "Feature", "geometry": {"type": "Point", "coordinates": [54.25465, -29.94394]}, "properties": {"id": "TRE2-OAU-014988A-01", "district_id": "TRE2-OAU-014988A", "belt_id": "TRE2-OAU-B0197", "kind": "orogenic_gold", "name": "orogenic gold\u2013quartz veins", "tonnage_mt": 0.7976, "grades": {"Au g/t": 20.5959}, "depth_m": 0, "blind": false, "strike_deg": 132, "dip_deg": 65, "length_m": 1776, "width_m": 5.5, "shape": "veins", "host": "carbonate", "chance": 0.35, "seen_by": {"geochemistry": true}, "water_depth_m": 0}}, {"type": "Feature", "geometry": {"type": "Point", "coordinates": [54.82787, -30.29729]}, "properties": {"id": "TRE2-OAU-014988A-02", "district_id": "TRE2-OAU-014988A", "belt_id": "TRE2-OAU-B0197", "kind": "orogenic_gold", "name": "orogenic gold\u2013quartz veins", "tonnage_mt": 0.0086, "grades": {"Au g/t": 9.2359}, "depth_m": 0, "blind": false, "strike_deg": 116, "dip_deg": 59, "length_m": 2520, "width_m": 4.7, "shape": "veins", "host": "carbonate", "chance": 0.35, "seen_by": {"geochemistry": true}, "water_depth_m": 0}}, {"type": "Feature", "geometry": {"type": "Point", "coordinates": [54.86456, -30.30535]}, "properties": {"id": "TRE2-OAU-014988A-03", "district_id": "TRE2-OAU-014988A", "belt_id": "TRE2-OAU-B0197", "kind": "orogenic_gold", "name": "orogenic gold\u2013quartz veins", "tonnage_mt": 0.0378, "grades": {"Au g/t": 10.7315}, "depth_m": 0, "blind": false, "strike_deg": 113, "dip_deg": 74, "length_m": 4071, "width_m": 2.8, "shape": "veins", "host": "carbonate", "chance": 0.35, "seen_by": {"geochemistry": true}, "water_depth_m": 0}}, {"type": "Feature", "geometry": {"type": "Point", "coordinates": [54.20542, -29.99771]}, "properties": {"id": "TRE2-OAU-014988A-04", "district_id": "TRE2-OAU-014988A", "belt_id": "TRE2-OAU-B0197", "kind": "orogenic_gold", "name": "orogenic gold\u2013quartz veins", "tonnage_mt": 0.7711, "grades": {"Au g/t": 14.5702}, "depth_m": 0, "blind": false, "strike_deg": 116, "dip_deg": 60, "length_m": 4228, "width_m": 2.9, "shape": "veins", "host": "carbonate", "chance": 0.35, "seen_by": {"geochemistry": true}, "water_depth_m": 0}}, {"type": "Feature", "geometry": {"type": "Point", "coordinates": [55.77062, -30.64384]}, "properties": {"id": "TRE2-OAU-014988A-05", "district_id": "TRE2-OAU-014988A", "belt_id": "TRE2-OAU-B0197", "kind": "orogenic_gold", "name": "orogenic gold\u2013quartz veins", "tonnage_mt": 0.216, "grades": {"Au g/t": 15.7496}, "depth_m": 0, "blind": false, "strike_deg": 118, "dip_deg": 56, "length_m": 1308, "width_m": 2.0, "shape": "veins", "host": "carbonate", "chance": 0.35, "seen_by": {"geochemistry": true}, "water_depth_m": 0}}, {"type": "Feature", "geometry": {"type": "Point", "coordinates": [3.81465, -34.62058]}, "properties": {"id": "TRE2-OAU-015690A-01", "district_id": "TRE2-OAU-015690A", "belt_id": "TRE2-OAU-B0235", "kind": "orogenic_gold", "name": "orogenic gold\u2013quartz veins", "tonnage_mt": 0.3381, "grades": {"Au g/t": 10.1611}, "depth_m": 0, "blind": false, "strike_deg": 103, "dip_deg": 86, "length_m": 4223, "width_m": 2.9, "shape": "veins", "host": "basement", "chance": 0.831, "seen_by": {"geochemistry": true}, "water_depth_m": 0}}, {"type": "Feature", "geometry": {"type": "Point", "coordinates": [5.01499, -35.05749]}, "properties": {"id": "TRE2-OAU-015690A-02", "district_id": "TRE2-OAU-015690A", "belt_id": "TRE2-OAU-B0235", "kind": "orogenic_gold", "name": "orogenic gold\u2013quartz veins", "tonnage_mt": 0.0014, "grades": {"Au g/t": 11.2028}, "depth_m": 0, "blind": false, "strike_deg": 92, "dip_deg": 84, "length_m": 3191, "width_m": 3.7, "shape": "veins", "host": "basement", "chance": 0.831, "seen_by": {"geochemistry": true}, "water_depth_m": 0}}, {"type": "Feature", "geometry": {"type": "Point", "coordinates": [4.14567, -34.7554]}, "properties": {"id": "TRE2-OAU-015690A-03", "district_id": "TRE2-OAU-015690A", "belt_id": "TRE2-OAU-B0235", "kind": "orogenic_gold", "name": "orogenic gold\u2013quartz veins", "tonnage_mt": 0.3389, "grades": {"Au g/t": 5.7389}, "depth_m": 0, "blind": false, "strike_deg": 125, "dip_deg": 64, "length_m": 1911, "width_m": 2.9, "shape": "veins", "host": "basement", "chance": 0.831, "seen_by": {"geochemistry": true}, "water_depth_m": 0}}, {"type": "Feature", "geometry": {"type": "Point", "coordinates": [4.63386, -34.81745]}, "properties": {"id": "TRE2-OAU-015690A-04", "district_id": "TRE2-OAU-015690A", "belt_id": "TRE2-OAU-B0235", "kind": "orogenic_gold", "name": "orogenic gold\u2013quartz veins", "tonnage_mt": 0.113, "grades": {"Au g/t": 17.5607}, "depth_m": 0, "blind": false, "strike_deg": 107, "dip_deg": 88, "length_m": 4956, "width_m": 3.2, "shape": "veins", "host": "basement", "chance": 0.831, "seen_by": {"geochemistry": true}, "water_depth_m": 0}}, {"type": "Feature", "geometry": {"type": "Point", "coordinates": [4.4376, -34.80341]}, "properties": {"id": "TRE2-OAU-015690A-05", "district_id": "TRE2-OAU-015690A", "belt_id": "TRE2-OAU-B0235", "kind": "orogenic_gold", "name": "orogenic gold\u2013quartz veins", "tonnage_mt": 0.1975, "grades": {"Au g/t": 19.6691}, "depth_m": 0, "blind": false, "strike_deg": 102, "dip_deg": 70, "length_m": 3401, "width_m": 5.7, "shape": "veins", "host": "basement", "chance": 0.831, "seen_by": {"geochemistry": true}, "water_depth_m": 0}}, {"type": "Feature", "geometry": {"type": "Point", "coordinates": [3.88982, -34.57886]}, "properties": {"id": "TRE2-OAU-015690A-06", "district_id": "TRE2-OAU-015690A", "belt_id": "TRE2-OAU-B0235", "kind": "orogenic_gold", "name": "orogenic gold\u2013quartz veins", "tonnage_mt": 0.0539, "grades": {"Au g/t": 6.8073}, "depth_m": 0, "blind": false, "strike_deg": 89, "dip_deg": 82, "length_m": 3627, "width_m": 4.4, "shape": "veins", "host": "basement", "chance": 0.831, "seen_by": {"geochemistry": true}, "water_depth_m": 0}}, {"type": "Feature", "geometry": {"type": "Point", "coordinates": [4.57558, -34.77115]}, "properties": {"id": "TRE2-OAU-015690A-07", "district_id": "TRE2-OAU-015690A", "belt_id": "TRE2-OAU-B0235", "kind": "orogenic_gold", "name": "orogenic gold\u2013quartz veins", "tonnage_mt": 0.1136, "grades": {"Au g/t": 17.7916}, "depth_m": 0, "blind": false, "strike_deg": 106, "dip_deg": 74, "length_m": 4194, "width_m": 2.1, "shape": "veins", "host": "basement", "chance": 0.831, "seen_by": {"geochemistry": true}, "water_depth_m": 0}}, {"type": "Feature", "geometry": {"type": "Point", "coordinates": [4.32335, -34.86887]}, "properties": {"id": "TRE2-OAU-015690A-08", "district_id": "TRE2-OAU-015690A", "belt_id": "TRE2-OAU-B0235", "kind": "orogenic_gold", "name": "orogenic gold\u2013quartz veins", "tonnage_mt": 0.0429, "grades": {"Au g/t": 12.9322}, "depth_m": 0, "blind": false, "strike_deg": 101, "dip_deg": 83, "length_m": 3704, "width_m": 2.6, "shape": "veins", "host": "basement", "chance": 0.831, "seen_by": {"geochemistry": true}, "water_depth_m": 0}}, {"type": "Feature", "geometry": {"type": "Point", "coordinates": [-156.19717, -34.32008]}, "properties": {"id": "TRE2-OAU-015754A-01", "district_id": "TRE2-OAU-015754A", "belt_id": "TRE2-OAU-B0206", "kind": "orogenic_gold", "name": "orogenic gold\u2013quartz veins", "tonnage_mt": 0.0315, "grades": {"Au g/t": 16.5497}, "depth_m": 0, "blind": false, "strike_deg": 42, "dip_deg": 56, "length_m": 2826, "width_m": 3.2, "shape": "veins", "host": "basement", "chance": 0.84, "seen_by": {"geochemistry": true}, "water_depth_m": 0}}, {"type": "Feature", "geometry": {"type": "Point", "coordinates": [-156.46592, -34.68357]}, "properties": {"id": "TRE2-OAU-015754A-02", "district_id": "TRE2-OAU-015754A", "belt_id": "TRE2-OAU-B0206", "kind": "orogenic_gold", "name": "orogenic gold\u2013quartz veins", "tonnage_mt": 0.0821, "grades": {"Au g/t": 8.9288}, "depth_m": 0, "blind": false, "strike_deg": 49, "dip_deg": 58, "length_m": 6972, "width_m": 3.8, "shape": "veins", "host": "basement", "chance": 0.84, "seen_by": {"geochemistry": true}, "water_depth_m": 0}}, {"type": "Feature", "geometry": {"type": "Point", "coordinates": [-156.27042, -34.4234]}, "properties": {"id": "TRE2-OAU-015754A-03", "district_id": "TRE2-OAU-015754A", "belt_id": "TRE2-OAU-B0206", "kind": "orogenic_gold", "name": "orogenic gold\u2013quartz veins", "tonnage_mt": 0.0159, "grades": {"Au g/t": 12.6697}, "depth_m": 0, "blind": false, "strike_deg": 32, "dip_deg": 84, "length_m": 2924, "width_m": 6.1, "shape": "veins", "host": "basement", "chance": 0.84, "seen_by": {"geochemistry": true}, "water_depth_m": 0}}, {"type": "Feature", "geometry": {"type": "Point", "coordinates": [-156.41585, -34.49814]}, "properties": {"id": "TRE2-OAU-015754A-04", "district_id": "TRE2-OAU-015754A", "belt_id": "TRE2-OAU-B0206", "kind": "orogenic_gold", "name": "orogenic gold\u2013quartz veins", "tonnage_mt": 0.0004, "grades": {"Au g/t": 6.0131}, "depth_m": 0, "blind": false, "strike_deg": 47, "dip_deg": 68, "length_m": 1823, "width_m": 2.2, "shape": "veins", "host": "basement", "chance": 0.84, "seen_by": {"geochemistry": true}, "water_depth_m": 0}}, {"type": "Feature", "geometry": {"type": "Point", "coordinates": [-156.57079, -34.71457]}, "properties": {"id": "TRE2-OAU-015754A-05", "district_id": "TRE2-OAU-015754A", "belt_id": "TRE2-OAU-B0206", "kind": "orogenic_gold", "name": "orogenic gold\u2013quartz veins", "tonnage_mt": 0.0989, "grades": {"Au g/t": 9.4721}, "depth_m": 0, "blind": false, "strike_deg": 47, "dip_deg": 85, "length_m": 2287, "width_m": 2.6, "shape": "veins", "host": "basement", "chance": 0.84, "seen_by": {"geochemistry": true}, "water_depth_m": 0}}, {"type": "Feature", "geometry": {"type": "Point", "coordinates": [-156.79728, -34.92722]}, "properties": {"id": "TRE2-OAU-015754A-06", "district_id": "TRE2-OAU-015754A", "belt_id": "TRE2-OAU-B0206", "kind": "orogenic_gold", "name": "orogenic gold\u2013quartz veins", "tonnage_mt": 0.006, "grades": {"Au g/t": 12.5638}, "depth_m": 0, "blind": false, "strike_deg": 33, "dip_deg": 79, "length_m": 2966, "width_m": 3.7, "shape": "veins", "host": "basement", "chance": 0.84, "seen_by": {"geochemistry": true}, "water_depth_m": 0}}, {"type": "Feature", "geometry": {"type": "Point", "coordinates": [42.59276, -36.67007]}, "properties": {"id": "TRE2-OAU-015962A-01", "district_id": "TRE2-OAU-015962A", "belt_id": "TRE2-OAU-B0237", "kind": "orogenic_gold", "name": "orogenic gold\u2013quartz veins", "tonnage_mt": 0.0819, "grades": {"Au g/t": 12.0045}, "depth_m": 1024, "blind": true, "strike_deg": 68, "dip_deg": 60, "length_m": 6690, "width_m": 3.3, "shape": "veins", "host": "arc_plutonic", "chance": 0.831, "seen_by": {"geochemistry": false}, "water_depth_m": 0}}, {"type": "Feature", "geometry": {"type": "Point", "coordinates": [43.26286, -36.40999]}, "properties": {"id": "TRE2-OAU-015962A-02", "district_id": "TRE2-OAU-015962A", "belt_id": "TRE2-OAU-B0237", "kind": "orogenic_gold", "name": "orogenic gold\u2013quartz veins", "tonnage_mt": 2.8868, "grades": {"Au g/t": 7.4892}, "depth_m": 1342, "blind": true, "strike_deg": 77, "dip_deg": 75, "length_m": 3306, "width_m": 1.4, "shape": "veins", "host": "arc_plutonic", "chance": 0.831, "seen_by": {"geochemistry": false}, "water_depth_m": 0}}, {"type": "Feature", "geometry": {"type": "Point", "coordinates": [43.03975, -36.53243]}, "properties": {"id": "TRE2-OAU-015962A-03", "district_id": "TRE2-OAU-015962A", "belt_id": "TRE2-OAU-B0237", "kind": "orogenic_gold", "name": "orogenic gold\u2013quartz veins", "tonnage_mt": 0.0525, "grades": {"Au g/t": 12.8595}, "depth_m": 1079, "blind": true, "strike_deg": 72, "dip_deg": 73, "length_m": 1615, "width_m": 2.8, "shape": "veins", "host": "arc_plutonic", "chance": 0.831, "seen_by": {"geochemistry": false}, "water_depth_m": 0}}, {"type": "Feature", "geometry": {"type": "Point", "coordinates": [43.13598, -36.52546]}, "properties": {"id": "TRE2-OAU-015962A-04", "district_id": "TRE2-OAU-015962A", "belt_id": "TRE2-OAU-B0237", "kind": "orogenic_gold", "name": "orogenic gold\u2013quartz veins", "tonnage_mt": 0.143, "grades": {"Au g/t": 6.8889}, "depth_m": 1372, "blind": true, "strike_deg": 85, "dip_deg": 60, "length_m": 1869, "width_m": 2.2, "shape": "veins", "host": "arc_plutonic", "chance": 0.831, "seen_by": {"geochemistry": false}, "water_depth_m": 0}}, {"type": "Feature", "geometry": {"type": "Point", "coordinates": [42.90234, -36.49514]}, "properties": {"id": "TRE2-OAU-015962A-05", "district_id": "TRE2-OAU-015962A", "belt_id": "TRE2-OAU-B0237", "kind": "orogenic_gold", "name": "orogenic gold\u2013quartz veins", "tonnage_mt": 0.0148, "grades": {"Au g/t": 15.0805}, "depth_m": 1397, "blind": true, "strike_deg": 80, "dip_deg": 80, "length_m": 3462, "width_m": 2.1, "shape": "veins", "host": "arc_plutonic", "chance": 0.831, "seen_by": {"geochemistry": false}, "water_depth_m": 0}}, {"type": "Feature", "geometry": {"type": "Point", "coordinates": [43.37346, -36.30164]}, "properties": {"id": "TRE2-OAU-015962A-06", "district_id": "TRE2-OAU-015962A", "belt_id": "TRE2-OAU-B0237", "kind": "orogenic_gold", "name": "orogenic gold\u2013quartz veins", "tonnage_mt": 0.2484, "grades": {"Au g/t": 12.0008}, "depth_m": 1314, "blind": true, "strike_deg": 60, "dip_deg": 89, "length_m": 3274, "width_m": 3.2, "shape": "veins", "host": "arc_plutonic", "chance": 0.831, "seen_by": {"geochemistry": false}, "water_depth_m": 0}}, {"type": "Feature", "geometry": {"type": "Point", "coordinates": [43.38392, -36.38309]}, "properties": {"id": "TRE2-OAU-015962A-07", "district_id": "TRE2-OAU-015962A", "belt_id": "TRE2-OAU-B0237", "kind": "orogenic_gold", "name": "orogenic gold\u2013quartz veins", "tonnage_mt": 0.1421, "grades": {"Au g/t": 15.5669}, "depth_m": 873, "blind": true, "strike_deg": 76, "dip_deg": 70, "length_m": 4493, "width_m": 2.0, "shape": "veins", "host": "arc_plutonic", "chance": 0.831, "seen_by": {"geochemistry": false}, "water_depth_m": 0}}, {"type": "Feature", "geometry": {"type": "Point", "coordinates": [43.21785, -36.37621]}, "properties": {"id": "TRE2-OAU-015962A-08", "district_id": "TRE2-OAU-015962A", "belt_id": "TRE2-OAU-B0237", "kind": "orogenic_gold", "name": "orogenic gold\u2013quartz veins", "tonnage_mt": 0.0096, "grades": {"Au g/t": 7.8991}, "depth_m": 1295, "blind": true, "strike_deg": 77, "dip_deg": 76, "length_m": 1667, "width_m": 4.0, "shape": "veins", "host": "arc_plutonic", "chance": 0.831, "seen_by": {"geochemistry": false}, "water_depth_m": 0}}, {"type": "Feature", "geometry": {"type": "Point", "coordinates": [43.64057, -36.1841]}, "properties": {"id": "TRE2-OAU-015962A-09", "district_id": "TRE2-OAU-015962A", "belt_id": "TRE2-OAU-B0237", "kind": "orogenic_gold", "name": "orogenic gold\u2013quartz veins", "tonnage_mt": 0.1354, "grades": {"Au g/t": 18.5852}, "depth_m": 1108, "blind": true, "strike_deg": 52, "dip_deg": 80, "length_m": 3302, "width_m": 2.6, "shape": "veins", "host": "arc_plutonic", "chance": 0.831, "seen_by": {"geochemistry": false}, "water_depth_m": 0}}, {"type": "Feature", "geometry": {"type": "Point", "coordinates": [4.10928, -37.03153]}, "properties": {"id": "TRE2-OAU-016067A-01", "district_id": "TRE2-OAU-016067A", "belt_id": "TRE2-OAU-B0235", "kind": "orogenic_gold", "name": "orogenic gold\u2013quartz veins", "tonnage_mt": 0.049, "grades": {"Au g/t": 7.9443}, "depth_m": 0, "blind": false, "strike_deg": 149, "dip_deg": 61, "length_m": 3264, "width_m": 5.1, "shape": "veins", "host": "basement", "chance": 0.831, "seen_by": {"geochemistry": true}, "water_depth_m": 0}}, {"type": "Feature", "geometry": {"type": "Point", "coordinates": [3.8504, -36.91912]}, "properties": {"id": "TRE2-OAU-016067A-02", "district_id": "TRE2-OAU-016067A", "belt_id": "TRE2-OAU-B0235", "kind": "orogenic_gold", "name": "orogenic gold\u2013quartz veins", "tonnage_mt": 0.0279, "grades": {"Au g/t": 5.9029}, "depth_m": 0, "blind": false, "strike_deg": 157, "dip_deg": 75, "length_m": 1875, "width_m": 2.5, "shape": "veins", "host": "basement", "chance": 0.831, "seen_by": {"geochemistry": true}, "water_depth_m": 0}}, {"type": "Feature", "geometry": {"type": "Point", "coordinates": [3.64585, -36.39894]}, "properties": {"id": "TRE2-OAU-016067A-03", "district_id": "TRE2-OAU-016067A", "belt_id": "TRE2-OAU-B0235", "kind": "orogenic_gold", "name": "orogenic gold\u2013quartz veins", "tonnage_mt": 0.2089, "grades": {"Au g/t": 7.2964}, "depth_m": 0, "blind": false, "strike_deg": 130, "dip_deg": 58, "length_m": 1705, "width_m": 3.0, "shape": "veins", "host": "basement", "chance": 0.831, "seen_by": {"geochemistry": true}, "water_depth_m": 0}}, {"type": "Feature", "geometry": {"type": "Point", "coordinates": [3.92422, -36.79432]}, "properties": {"id": "TRE2-OAU-016067A-04", "district_id": "TRE2-OAU-016067A", "belt_id": "TRE2-OAU-B0235", "kind": "orogenic_gold", "name": "orogenic gold\u2013quartz veins", "tonnage_mt": 0.0014, "grades": {"Au g/t": 6.1545}, "depth_m": 0, "blind": false, "strike_deg": 143, "dip_deg": 64, "length_m": 1606, "width_m": 1.7, "shape": "veins", "host": "basement", "chance": 0.831, "seen_by": {"geochemistry": true}, "water_depth_m": 0}}, {"type": "Feature", "geometry": {"type": "Point", "coordinates": [30.89081, -45.14646]}, "properties": {"id": "TRE2-OAU-017025A-01", "district_id": "TRE2-OAU-017025A", "belt_id": "TRE2-OAU-B0247", "kind": "orogenic_gold", "name": "orogenic gold\u2013quartz veins", "tonnage_mt": 0.0169, "grades": {"Au g/t": 6.4146}, "depth_m": 1133, "blind": true, "strike_deg": 7, "dip_deg": 64, "length_m": 2415, "width_m": 1.7, "shape": "veins", "host": "clastic", "chance": 0.896, "seen_by": {"geochemistry": false}, "water_depth_m": 0}}, {"type": "Feature", "geometry": {"type": "Point", "coordinates": [30.70078, -45.05752]}, "properties": {"id": "TRE2-OAU-017025A-02", "district_id": "TRE2-OAU-017025A", "belt_id": "TRE2-OAU-B0247", "kind": "orogenic_gold", "name": "orogenic gold\u2013quartz veins", "tonnage_mt": 2.193, "grades": {"Au g/t": 8.174}, "depth_m": 894, "blind": true, "strike_deg": 14, "dip_deg": 56, "length_m": 1006, "width_m": 2.0, "shape": "veins", "host": "clastic", "chance": 0.896, "seen_by": {"geochemistry": false}, "water_depth_m": 0}}, {"type": "Feature", "geometry": {"type": "Point", "coordinates": [30.88704, -44.85837]}, "properties": {"id": "TRE2-OAU-017025A-03", "district_id": "TRE2-OAU-017025A", "belt_id": "TRE2-OAU-B0247", "kind": "orogenic_gold", "name": "orogenic gold\u2013quartz veins", "tonnage_mt": 0.0114, "grades": {"Au g/t": 16.1608}, "depth_m": 1113, "blind": true, "strike_deg": 15, "dip_deg": 56, "length_m": 2423, "width_m": 1.6, "shape": "veins", "host": "clastic", "chance": 0.896, "seen_by": {"geochemistry": false}, "water_depth_m": 0}}, {"type": "Feature", "geometry": {"type": "Point", "coordinates": [30.92486, -44.99902]}, "properties": {"id": "TRE2-OAU-017025A-04", "district_id": "TRE2-OAU-017025A", "belt_id": "TRE2-OAU-B0247", "kind": "orogenic_gold", "name": "orogenic gold\u2013quartz veins", "tonnage_mt": 0.1073, "grades": {"Au g/t": 16.9934}, "depth_m": 839, "blind": true, "strike_deg": 17, "dip_deg": 72, "length_m": 1720, "width_m": 2.1, "shape": "veins", "host": "clastic", "chance": 0.896, "seen_by": {"geochemistry": false}, "water_depth_m": 0}}, {"type": "Feature", "geometry": {"type": "Point", "coordinates": [30.96375, -44.42674]}, "properties": {"id": "TRE2-OAU-017025A-05", "district_id": "TRE2-OAU-017025A", "belt_id": "TRE2-OAU-B0247", "kind": "orogenic_gold", "name": "orogenic gold\u2013quartz veins", "tonnage_mt": 0.0678, "grades": {"Au g/t": 6.9192}, "depth_m": 1082, "blind": true, "strike_deg": 5, "dip_deg": 82, "length_m": 4003, "width_m": 2.9, "shape": "veins", "host": "clastic", "chance": 0.896, "seen_by": {"geochemistry": false}, "water_depth_m": 0}}, {"type": "Feature", "geometry": {"type": "Point", "coordinates": [30.87202, -44.99513]}, "properties": {"id": "TRE2-OAU-017025A-06", "district_id": "TRE2-OAU-017025A", "belt_id": "TRE2-OAU-B0247", "kind": "orogenic_gold", "name": "orogenic gold\u2013quartz veins", "tonnage_mt": 0.3732, "grades": {"Au g/t": 11.4498}, "depth_m": 1188, "blind": true, "strike_deg": 174, "dip_deg": 79, "length_m": 3276, "width_m": 6.0, "shape": "veins", "host": "clastic", "chance": 0.896, "seen_by": {"geochemistry": false}, "water_depth_m": 0}}, {"type": "Feature", "geometry": {"type": "Point", "coordinates": [30.86175, -45.06305]}, "properties": {"id": "TRE2-OAU-017025A-07", "district_id": "TRE2-OAU-017025A", "belt_id": "TRE2-OAU-B0247", "kind": "orogenic_gold", "name": "orogenic gold\u2013quartz veins", "tonnage_mt": 0.0386, "grades": {"Au g/t": 10.8275}, "depth_m": 1030, "blind": true, "strike_deg": 32, "dip_deg": 89, "length_m": 1621, "width_m": 2.2, "shape": "veins", "host": "clastic", "chance": 0.896, "seen_by": {"geochemistry": false}, "water_depth_m": 0}}, {"type": "Feature", "geometry": {"type": "Point", "coordinates": [-132.68366, 56.56938]}, "properties": {"id": "TRE2-SNW-001640A-01", "district_id": "TRE2-SNW-001640A", "belt_id": "TRE2-SNW-B0005", "kind": "tin_tungsten", "name": "tin\u2013tungsten greisen and veins", "tonnage_mt": 1.1915, "grades": {"Sn %": 0.3908, "W %": 0.1224}, "depth_m": 0, "blind": false, "strike_deg": 5, "dip_deg": 87, "length_m": 1698, "width_m": 19.3, "shape": "veins", "host": "granite", "chance": 0.4, "seen_by": {"geochemistry": true, "radiometrics": true}, "water_depth_m": 0}}, {"type": "Feature", "geometry": {"type": "Point", "coordinates": [-132.50063, 56.70433]}, "properties": {"id": "TRE2-SNW-001640A-02", "district_id": "TRE2-SNW-001640A", "belt_id": "TRE2-SNW-B0005", "kind": "tin_tungsten", "name": "tin\u2013tungsten greisen and veins", "tonnage_mt": 0.4497, "grades": {"Sn %": 0.308, "W %": 0.0878}, "depth_m": 0, "blind": false, "strike_deg": 177, "dip_deg": 75, "length_m": 1626, "width_m": 25.6, "shape": "veins", "host": "granite", "chance": 0.4, "seen_by": {"geochemistry": true, "radiometrics": true}, "water_depth_m": 0}}, {"type": "Feature", "geometry": {"type": "Point", "coordinates": [-132.55671, 57.02893]}, "properties": {"id": "TRE2-SNW-001640A-03", "district_id": "TRE2-SNW-001640A", "belt_id": "TRE2-SNW-B0005", "kind": "tin_tungsten", "name": "tin\u2013tungsten greisen and veins", "tonnage_mt": 5.579, "grades": {"Sn %": 0.2078, "W %": 0.0859}, "depth_m": 0, "blind": false, "strike_deg": 11, "dip_deg": 85, "length_m": 805, "width_m": 19.6, "shape": "veins", "host": "granite", "chance": 0.4, "seen_by": {"geochemistry": true, "radiometrics": true}, "water_depth_m": 0}}, {"type": "Feature", "geometry": {"type": "Point", "coordinates": [-132.64062, 56.79426]}, "properties": {"id": "TRE2-SNW-001640A-04", "district_id": "TRE2-SNW-001640A", "belt_id": "TRE2-SNW-B0005", "kind": "tin_tungsten", "name": "tin\u2013tungsten greisen and veins", "tonnage_mt": 33.2669, "grades": {"Sn %": 0.2251, "W %": 0.0644}, "depth_m": 0, "blind": false, "strike_deg": 25, "dip_deg": 68, "length_m": 1045, "width_m": 24.3, "shape": "veins", "host": "granite", "chance": 0.4, "seen_by": {"geochemistry": true, "radiometrics": true}, "water_depth_m": 0}}, {"type": "Feature", "geometry": {"type": "Point", "coordinates": [-132.04285, 56.36407]}, "properties": {"id": "TRE2-SNW-001640B-01", "district_id": "TRE2-SNW-001640B", "belt_id": "TRE2-SNW-B0005", "kind": "tin_tungsten", "name": "tin\u2013tungsten greisen and veins", "tonnage_mt": 1.4083, "grades": {"Sn %": 0.2851, "W %": 0.3176}, "depth_m": 0, "blind": false, "strike_deg": 21, "dip_deg": 84, "length_m": 2867, "width_m": 23.1, "shape": "veins", "host": "granite", "chance": 0.4, "seen_by": {"geochemistry": true, "radiometrics": true}, "water_depth_m": 0}}, {"type": "Feature", "geometry": {"type": "Point", "coordinates": [-132.07223, 56.0339]}, "properties": {"id": "TRE2-SNW-001640B-02", "district_id": "TRE2-SNW-001640B", "belt_id": "TRE2-SNW-B0005", "kind": "tin_tungsten", "name": "tin\u2013tungsten greisen and veins", "tonnage_mt": 2.0309, "grades": {"Sn %": 0.2754, "W %": 0.2097}, "depth_m": 0, "blind": false, "strike_deg": 178, "dip_deg": 80, "length_m": 1855, "width_m": 16.6, "shape": "veins", "host": "granite", "chance": 0.4, "seen_by": {"geochemistry": true, "radiometrics": true}, "water_depth_m": 0}}, {"type": "Feature", "geometry": {"type": "Point", "coordinates": [-132.03073, 56.2372]}, "properties": {"id": "TRE2-SNW-001640B-03", "district_id": "TRE2-SNW-001640B", "belt_id": "TRE2-SNW-B0005", "kind": "tin_tungsten", "name": "tin\u2013tungsten greisen and veins", "tonnage_mt": 0.0757, "grades": {"Sn %": 0.201, "W %": 0.0733}, "depth_m": 0, "blind": false, "strike_deg": 10, "dip_deg": 67, "length_m": 1136, "width_m": 15.2, "shape": "veins", "host": "granite", "chance": 0.4, "seen_by": {"geochemistry": true, "radiometrics": true}, "water_depth_m": 0}}, {"type": "Feature", "geometry": {"type": "Point", "coordinates": [-132.286, 56.36314]}, "properties": {"id": "TRE2-SNW-001640B-04", "district_id": "TRE2-SNW-001640B", "belt_id": "TRE2-SNW-B0005", "kind": "tin_tungsten", "name": "tin\u2013tungsten greisen and veins", "tonnage_mt": 4.2101, "grades": {"Sn %": 0.5633, "W %": 0.0828}, "depth_m": 0, "blind": false, "strike_deg": 0, "dip_deg": 89, "length_m": 2243, "width_m": 17.8, "shape": "veins", "host": "granite", "chance": 0.4, "seen_by": {"geochemistry": true, "radiometrics": true}, "water_depth_m": 0}}, {"type": "Feature", "geometry": {"type": "Point", "coordinates": [-47.30071, 55.56758]}, "properties": {"id": "TRE2-SNW-001786A-01", "district_id": "TRE2-SNW-001786A", "belt_id": "TRE2-SNW-B0006", "kind": "tin_tungsten", "name": "tin\u2013tungsten greisen and veins", "tonnage_mt": 10.4126, "grades": {"Sn %": 0.2361, "W %": 0.2817}, "depth_m": 0, "blind": false, "strike_deg": 79, "dip_deg": 87, "length_m": 1484, "width_m": 22.0, "shape": "veins", "host": "schist", "chance": 0.4, "seen_by": {"geochemistry": true, "radiometrics": true}, "water_depth_m": 0}}, {"type": "Feature", "geometry": {"type": "Point", "coordinates": [-47.5723, 55.5428]}, "properties": {"id": "TRE2-SNW-001786A-02", "district_id": "TRE2-SNW-001786A", "belt_id": "TRE2-SNW-B0006", "kind": "tin_tungsten", "name": "tin\u2013tungsten greisen and veins", "tonnage_mt": 1.2949, "grades": {"Sn %": 0.9495, "W %": 0.1601}, "depth_m": 0, "blind": false, "strike_deg": 90, "dip_deg": 79, "length_m": 2226, "width_m": 48.4, "shape": "veins", "host": "schist", "chance": 0.4, "seen_by": {"geochemistry": true, "radiometrics": true}, "water_depth_m": 0}}, {"type": "Feature", "geometry": {"type": "Point", "coordinates": [-47.92021, 55.56662]}, "properties": {"id": "TRE2-SNW-001786A-03", "district_id": "TRE2-SNW-001786A", "belt_id": "TRE2-SNW-B0006", "kind": "tin_tungsten", "name": "tin\u2013tungsten greisen and veins", "tonnage_mt": 3.69, "grades": {"Sn %": 0.2934, "W %": 0.0569}, "depth_m": 0, "blind": false, "strike_deg": 88, "dip_deg": 61, "length_m": 894, "width_m": 40.9, "shape": "veins", "host": "schist", "chance": 0.4, "seen_by": {"geochemistry": true, "radiometrics": true}, "water_depth_m": 0}}, {"type": "Feature", "geometry": {"type": "Point", "coordinates": [-48.04468, 55.45346]}, "properties": {"id": "TRE2-SNW-001786A-04", "district_id": "TRE2-SNW-001786A", "belt_id": "TRE2-SNW-B0006", "kind": "tin_tungsten", "name": "tin\u2013tungsten greisen and veins", "tonnage_mt": 47.7512, "grades": {"Sn %": 0.1715, "W %": 0.0691}, "depth_m": 167, "blind": false, "strike_deg": 94, "dip_deg": 64, "length_m": 3898, "width_m": 31.4, "shape": "veins", "host": "schist", "chance": 0.4, "seen_by": {"geochemistry": false, "radiometrics": false}, "water_depth_m": 0}}, {"type": "Feature", "geometry": {"type": "Point", "coordinates": [-146.85761, 47.27119]}, "properties": {"id": "TRE2-SNW-002669A-01", "district_id": "TRE2-SNW-002669A", "belt_id": "TRE2-SNW-B0008", "kind": "tin_tungsten", "name": "tin\u2013tungsten greisen and veins", "tonnage_mt": 13.5197, "grades": {"Sn %": 0.4386, "W %": 0.1067}, "depth_m": 51, "blind": false, "strike_deg": 0, "dip_deg": 65, "length_m": 1970, "width_m": 11.8, "shape": "veins", "host": "schist", "chance": 0.4, "seen_by": {"geochemistry": false, "radiometrics": false}, "water_depth_m": 0}}, {"type": "Feature", "geometry": {"type": "Point", "coordinates": [-146.67866, 47.07569]}, "properties": {"id": "TRE2-SNW-002669A-02", "district_id": "TRE2-SNW-002669A", "belt_id": "TRE2-SNW-B0008", "kind": "tin_tungsten", "name": "tin\u2013tungsten greisen and veins", "tonnage_mt": 29.3213, "grades": {"Sn %": 0.2359, "W %": 0.0856}, "depth_m": 252, "blind": false, "strike_deg": 173, "dip_deg": 60, "length_m": 1393, "width_m": 26.9, "shape": "veins", "host": "schist", "chance": 0.4, "seen_by": {"geochemistry": false, "radiometrics": false}, "water_depth_m": 0}}, {"type": "Feature", "geometry": {"type": "Point", "coordinates": [-146.764, 47.29261]}, "properties": {"id": "TRE2-SNW-002669A-03", "district_id": "TRE2-SNW-002669A", "belt_id": "TRE2-SNW-B0008", "kind": "tin_tungsten", "name": "tin\u2013tungsten greisen and veins", "tonnage_mt": 44.3449, "grades": {"Sn %": 0.1599, "W %": 0.1341}, "depth_m": 71, "blind": false, "strike_deg": 171, "dip_deg": 77, "length_m": 1026, "width_m": 36.5, "shape": "veins", "host": "schist", "chance": 0.4, "seen_by": {"geochemistry": false, "radiometrics": false}, "water_depth_m": 0}}, {"type": "Feature", "geometry": {"type": "Point", "coordinates": [-146.87787, 47.41818]}, "properties": {"id": "TRE2-SNW-002669A-04", "district_id": "TRE2-SNW-002669A", "belt_id": "TRE2-SNW-B0008", "kind": "tin_tungsten", "name": "tin\u2013tungsten greisen and veins", "tonnage_mt": 0.7708, "grades": {"Sn %": 0.1519, "W %": 0.0915}, "depth_m": 0, "blind": false, "strike_deg": 5, "dip_deg": 81, "length_m": 1084, "width_m": 26.1, "shape": "veins", "host": "schist", "chance": 0.4, "seen_by": {"geochemistry": true, "radiometrics": true}, "water_depth_m": 0}}, {"type": "Feature", "geometry": {"type": "Point", "coordinates": [-146.79841, 46.89848]}, "properties": {"id": "TRE2-SNW-002669A-05", "district_id": "TRE2-SNW-002669A", "belt_id": "TRE2-SNW-B0008", "kind": "tin_tungsten", "name": "tin\u2013tungsten greisen and veins", "tonnage_mt": 0.9663, "grades": {"Sn %": 0.4508, "W %": 0.0951}, "depth_m": 0, "blind": false, "strike_deg": 4, "dip_deg": 90, "length_m": 1349, "width_m": 19.7, "shape": "veins", "host": "schist", "chance": 0.4, "seen_by": {"geochemistry": true, "radiometrics": true}, "water_depth_m": 0}}, {"type": "Feature", "geometry": {"type": "Point", "coordinates": [-146.87806, 47.44793]}, "properties": {"id": "TRE2-SNW-002669A-06", "district_id": "TRE2-SNW-002669A", "belt_id": "TRE2-SNW-B0008", "kind": "tin_tungsten", "name": "tin\u2013tungsten greisen and veins", "tonnage_mt": 15.202, "grades": {"Sn %": 0.3053, "W %": 0.127}, "depth_m": 100, "blind": false, "strike_deg": 173, "dip_deg": 86, "length_m": 1130, "width_m": 43.0, "shape": "veins", "host": "schist", "chance": 0.4, "seen_by": {"geochemistry": false, "radiometrics": false}, "water_depth_m": 0}}, {"type": "Feature", "geometry": {"type": "Point", "coordinates": [-31.58635, -3.06921]}, "properties": {"id": "TRE2-SNW-010572A-01", "district_id": "TRE2-SNW-010572A", "belt_id": "TRE2-SNW-B0014", "kind": "tin_tungsten", "name": "tin\u2013tungsten greisen and veins", "tonnage_mt": 54.8629, "grades": {"Sn %": 0.3988, "W %": 0.098}, "depth_m": 1466, "blind": true, "strike_deg": 130, "dip_deg": 81, "length_m": 1950, "width_m": 12.4, "shape": "veins", "host": "arc_plutonic", "chance": 0.4, "seen_by": {"geochemistry": false, "radiometrics": false}, "water_depth_m": 0}}, {"type": "Feature", "geometry": {"type": "Point", "coordinates": [-31.27327, -3.27838]}, "properties": {"id": "TRE2-SNW-010572A-02", "district_id": "TRE2-SNW-010572A", "belt_id": "TRE2-SNW-B0014", "kind": "tin_tungsten", "name": "tin\u2013tungsten greisen and veins", "tonnage_mt": 0.1673, "grades": {"Sn %": 0.179, "W %": 0.0612}, "depth_m": 1329, "blind": true, "strike_deg": 119, "dip_deg": 83, "length_m": 1496, "width_m": 17.2, "shape": "veins", "host": "arc_plutonic", "chance": 0.4, "seen_by": {"geochemistry": false, "radiometrics": false}, "water_depth_m": 0}}, {"type": "Feature", "geometry": {"type": "Point", "coordinates": [27.94782, -10.17159]}, "properties": {"id": "TRE2-SNW-011679A-01", "district_id": "TRE2-SNW-011679A", "belt_id": "TRE2-SNW-B0021", "kind": "tin_tungsten", "name": "tin\u2013tungsten greisen and veins", "tonnage_mt": 1.162, "grades": {"Sn %": 0.2753, "W %": 0.1164}, "depth_m": 0, "blind": false, "strike_deg": 120, "dip_deg": 68, "length_m": 1180, "width_m": 17.6, "shape": "veins", "host": "carbonate", "chance": 0.4, "seen_by": {"geochemistry": true, "radiometrics": true}, "water_depth_m": 0}}, {"type": "Feature", "geometry": {"type": "Point", "coordinates": [28.02139, -9.93686]}, "properties": {"id": "TRE2-SNW-011679A-02", "district_id": "TRE2-SNW-011679A", "belt_id": "TRE2-SNW-B0021", "kind": "tin_tungsten", "name": "tin\u2013tungsten greisen and veins", "tonnage_mt": 1.5545, "grades": {"Sn %": 0.4124, "W %": 0.0494}, "depth_m": 0, "blind": false, "strike_deg": 134, "dip_deg": 58, "length_m": 1197, "width_m": 39.7, "shape": "veins", "host": "carbonate", "chance": 0.4, "seen_by": {"geochemistry": true, "radiometrics": true}, "water_depth_m": 0}}, {"type": "Feature", "geometry": {"type": "Point", "coordinates": [28.19227, -10.19629]}, "properties": {"id": "TRE2-SNW-011679A-03", "district_id": "TRE2-SNW-011679A", "belt_id": "TRE2-SNW-B0021", "kind": "tin_tungsten", "name": "tin\u2013tungsten greisen and veins", "tonnage_mt": 2.1809, "grades": {"Sn %": 0.2889, "W %": 0.1427}, "depth_m": 0, "blind": false, "strike_deg": 114, "dip_deg": 86, "length_m": 3512, "width_m": 19.4, "shape": "veins", "host": "carbonate", "chance": 0.4, "seen_by": {"geochemistry": true, "radiometrics": true}, "water_depth_m": 0}}, {"type": "Feature", "geometry": {"type": "Point", "coordinates": [27.70715, -9.93605]}, "properties": {"id": "TRE2-SNW-011679A-04", "district_id": "TRE2-SNW-011679A", "belt_id": "TRE2-SNW-B0021", "kind": "tin_tungsten", "name": "tin\u2013tungsten greisen and veins", "tonnage_mt": 1.5772, "grades": {"Sn %": 0.2352, "W %": 0.1458}, "depth_m": 0, "blind": false, "strike_deg": 153, "dip_deg": 86, "length_m": 1361, "width_m": 31.8, "shape": "veins", "host": "carbonate", "chance": 0.4, "seen_by": {"geochemistry": true, "radiometrics": true}, "water_depth_m": 0}}, {"type": "Feature", "geometry": {"type": "Point", "coordinates": [28.07391, -10.00397]}, "properties": {"id": "TRE2-SNW-011679A-05", "district_id": "TRE2-SNW-011679A", "belt_id": "TRE2-SNW-B0021", "kind": "tin_tungsten", "name": "tin\u2013tungsten greisen and veins", "tonnage_mt": 1.3247, "grades": {"Sn %": 0.1669, "W %": 0.084}, "depth_m": 0, "blind": false, "strike_deg": 133, "dip_deg": 71, "length_m": 1786, "width_m": 38.8, "shape": "veins", "host": "carbonate", "chance": 0.4, "seen_by": {"geochemistry": true, "radiometrics": true}, "water_depth_m": 0}}, {"type": "Feature", "geometry": {"type": "Point", "coordinates": [27.84836, -9.65398]}, "properties": {"id": "TRE2-SNW-011679A-06", "district_id": "TRE2-SNW-011679A", "belt_id": "TRE2-SNW-B0021", "kind": "tin_tungsten", "name": "tin\u2013tungsten greisen and veins", "tonnage_mt": 0.1899, "grades": {"Sn %": 0.2828, "W %": 0.066}, "depth_m": 0, "blind": false, "strike_deg": 133, "dip_deg": 56, "length_m": 2796, "width_m": 31.6, "shape": "veins", "host": "carbonate", "chance": 0.4, "seen_by": {"geochemistry": true, "radiometrics": true}, "water_depth_m": 0}}, {"type": "Feature", "geometry": {"type": "Point", "coordinates": [-13.15102, -12.7545]}, "properties": {"id": "TRE2-SNW-012216A-01", "district_id": "TRE2-SNW-012216A", "belt_id": "TRE2-SNW-B0025", "kind": "tin_tungsten", "name": "tin\u2013tungsten greisen and veins", "tonnage_mt": 2.9256, "grades": {"Sn %": 0.1397, "W %": 0.0791}, "depth_m": 0, "blind": false, "strike_deg": 121, "dip_deg": 60, "length_m": 1528, "width_m": 11.7, "shape": "veins", "host": "granite", "chance": 0.4, "seen_by": {"geochemistry": true, "radiometrics": true}, "water_depth_m": 0}}, {"type": "Feature", "geometry": {"type": "Point", "coordinates": [-13.34887, -12.68218]}, "properties": {"id": "TRE2-SNW-012216B-01", "district_id": "TRE2-SNW-012216B", "belt_id": "TRE2-SNW-B0025", "kind": "tin_tungsten", "name": "tin\u2013tungsten greisen and veins", "tonnage_mt": 2.8884, "grades": {"Sn %": 0.3141, "W %": 0.0591}, "depth_m": 0, "blind": false, "strike_deg": 123, "dip_deg": 56, "length_m": 1389, "width_m": 18.6, "shape": "veins", "host": "granite", "chance": 0.4, "seen_by": {"geochemistry": true, "radiometrics": true}, "water_depth_m": 0}}, {"type": "Feature", "geometry": {"type": "Point", "coordinates": [-13.51746, -12.62641]}, "properties": {"id": "TRE2-SNW-012216B-02", "district_id": "TRE2-SNW-012216B", "belt_id": "TRE2-SNW-B0025", "kind": "tin_tungsten", "name": "tin\u2013tungsten greisen and veins", "tonnage_mt": 23.0653, "grades": {"Sn %": 0.222, "W %": 0.0457}, "depth_m": 0, "blind": false, "strike_deg": 128, "dip_deg": 80, "length_m": 1851, "width_m": 14.7, "shape": "veins", "host": "granite", "chance": 0.4, "seen_by": {"geochemistry": true, "radiometrics": true}, "water_depth_m": 0}}, {"type": "Feature", "geometry": {"type": "Point", "coordinates": [-13.52036, -12.56367]}, "properties": {"id": "TRE2-SNW-012216B-03", "district_id": "TRE2-SNW-012216B", "belt_id": "TRE2-SNW-B0025", "kind": "tin_tungsten", "name": "tin\u2013tungsten greisen and veins", "tonnage_mt": 0.3731, "grades": {"Sn %": 0.2436, "W %": 0.0934}, "depth_m": 0, "blind": false, "strike_deg": 123, "dip_deg": 62, "length_m": 1246, "width_m": 20.4, "shape": "veins", "host": "granite", "chance": 0.4, "seen_by": {"geochemistry": true, "radiometrics": true}, "water_depth_m": 0}}, {"type": "Feature", "geometry": {"type": "Point", "coordinates": [-13.43053, -12.59087]}, "properties": {"id": "TRE2-SNW-012216B-04", "district_id": "TRE2-SNW-012216B", "belt_id": "TRE2-SNW-B0025", "kind": "tin_tungsten", "name": "tin\u2013tungsten greisen and veins", "tonnage_mt": 0.2128, "grades": {"Sn %": 0.2652, "W %": 0.0928}, "depth_m": 0, "blind": false, "strike_deg": 131, "dip_deg": 59, "length_m": 1655, "width_m": 16.2, "shape": "veins", "host": "granite", "chance": 0.4, "seen_by": {"geochemistry": true, "radiometrics": true}, "water_depth_m": 0}}, {"type": "Feature", "geometry": {"type": "Point", "coordinates": [7.10389, -24.22095]}, "properties": {"id": "TRE2-SNW-014038A-01", "district_id": "TRE2-SNW-014038A", "belt_id": "TRE2-SNW-B0034", "kind": "tin_tungsten", "name": "tin\u2013tungsten greisen and veins", "tonnage_mt": 9.5213, "grades": {"Sn %": 0.2362, "W %": 0.1328}, "depth_m": 0, "blind": false, "strike_deg": 24, "dip_deg": 76, "length_m": 2114, "width_m": 25.6, "shape": "veins", "host": "carbonate", "chance": 0.4, "seen_by": {"geochemistry": true, "radiometrics": true}, "water_depth_m": 0}}, {"type": "Feature", "geometry": {"type": "Point", "coordinates": [7.16937, -24.41243]}, "properties": {"id": "TRE2-SNW-014038A-02", "district_id": "TRE2-SNW-014038A", "belt_id": "TRE2-SNW-B0034", "kind": "tin_tungsten", "name": "tin\u2013tungsten greisen and veins", "tonnage_mt": 15.5508, "grades": {"Sn %": 0.1815, "W %": 0.1659}, "depth_m": 0, "blind": false, "strike_deg": 19, "dip_deg": 76, "length_m": 1125, "width_m": 26.8, "shape": "veins", "host": "carbonate", "chance": 0.4, "seen_by": {"geochemistry": true, "radiometrics": true}, "water_depth_m": 0}}, {"type": "Feature", "geometry": {"type": "Point", "coordinates": [7.27049, -24.07734]}, "properties": {"id": "TRE2-SNW-014038A-03", "district_id": "TRE2-SNW-014038A", "belt_id": "TRE2-SNW-B0034", "kind": "tin_tungsten", "name": "tin\u2013tungsten greisen and veins", "tonnage_mt": 4.3656, "grades": {"Sn %": 0.4188, "W %": 0.1212}, "depth_m": 0, "blind": false, "strike_deg": 14, "dip_deg": 73, "length_m": 2388, "width_m": 27.3, "shape": "veins", "host": "carbonate", "chance": 0.4, "seen_by": {"geochemistry": true, "radiometrics": true}, "water_depth_m": 0}}, {"type": "Feature", "geometry": {"type": "Point", "coordinates": [-169.39245, -26.6133]}, "properties": {"id": "TRE2-SNW-014521A-01", "district_id": "TRE2-SNW-014521A", "belt_id": "TRE2-SNW-B0036", "kind": "tin_tungsten", "name": "tin\u2013tungsten greisen and veins", "tonnage_mt": 3.6748, "grades": {"Sn %": 0.1915, "W %": 0.1165}, "depth_m": 892, "blind": true, "strike_deg": 104, "dip_deg": 74, "length_m": 1425, "width_m": 18.8, "shape": "veins", "host": "schist", "chance": 0.4, "seen_by": {"geochemistry": false, "radiometrics": false}, "water_depth_m": 0}}, {"type": "Feature", "geometry": {"type": "Point", "coordinates": [-169.50128, -26.50385]}, "properties": {"id": "TRE2-SNW-014521A-02", "district_id": "TRE2-SNW-014521A", "belt_id": "TRE2-SNW-B0036", "kind": "tin_tungsten", "name": "tin\u2013tungsten greisen and veins", "tonnage_mt": 2.4808, "grades": {"Sn %": 0.2494, "W %": 0.0962}, "depth_m": 1089, "blind": true, "strike_deg": 87, "dip_deg": 56, "length_m": 874, "width_m": 13.0, "shape": "veins", "host": "schist", "chance": 0.4, "seen_by": {"geochemistry": false, "radiometrics": false}, "water_depth_m": 0}}, {"type": "Feature", "geometry": {"type": "Point", "coordinates": [-169.47596, -26.62388]}, "properties": {"id": "TRE2-SNW-014521A-03", "district_id": "TRE2-SNW-014521A", "belt_id": "TRE2-SNW-B0036", "kind": "tin_tungsten", "name": "tin\u2013tungsten greisen and veins", "tonnage_mt": 1.5503, "grades": {"Sn %": 0.2244, "W %": 0.1684}, "depth_m": 1058, "blind": true, "strike_deg": 107, "dip_deg": 81, "length_m": 1839, "width_m": 36.6, "shape": "veins", "host": "schist", "chance": 0.4, "seen_by": {"geochemistry": false, "radiometrics": false}, "water_depth_m": 0}}, {"type": "Feature", "geometry": {"type": "Point", "coordinates": [-169.11845, -26.64687]}, "properties": {"id": "TRE2-SNW-014521A-04", "district_id": "TRE2-SNW-014521A", "belt_id": "TRE2-SNW-B0036", "kind": "tin_tungsten", "name": "tin\u2013tungsten greisen and veins", "tonnage_mt": 5.2128, "grades": {"Sn %": 0.2833, "W %": 0.1084}, "depth_m": 1044, "blind": true, "strike_deg": 116, "dip_deg": 56, "length_m": 2733, "width_m": 13.0, "shape": "veins", "host": "schist", "chance": 0.4, "seen_by": {"geochemistry": false, "radiometrics": false}, "water_depth_m": 0}}, {"type": "Feature", "geometry": {"type": "Point", "coordinates": [-169.35553, -26.48587]}, "properties": {"id": "TRE2-SNW-014521A-05", "district_id": "TRE2-SNW-014521A", "belt_id": "TRE2-SNW-B0036", "kind": "tin_tungsten", "name": "tin\u2013tungsten greisen and veins", "tonnage_mt": 41.4034, "grades": {"Sn %": 0.3231, "W %": 0.0678}, "depth_m": 1113, "blind": true, "strike_deg": 108, "dip_deg": 59, "length_m": 1455, "width_m": 24.2, "shape": "veins", "host": "schist", "chance": 0.4, "seen_by": {"geochemistry": false, "radiometrics": false}, "water_depth_m": 0}}, {"type": "Feature", "geometry": {"type": "Point", "coordinates": [-169.3518, -26.52333]}, "properties": {"id": "TRE2-SNW-014521A-06", "district_id": "TRE2-SNW-014521A", "belt_id": "TRE2-SNW-B0036", "kind": "tin_tungsten", "name": "tin\u2013tungsten greisen and veins", "tonnage_mt": 15.332, "grades": {"Sn %": 0.5248, "W %": 0.0468}, "depth_m": 848, "blind": true, "strike_deg": 121, "dip_deg": 59, "length_m": 1411, "width_m": 30.0, "shape": "veins", "host": "schist", "chance": 0.4, "seen_by": {"geochemistry": false, "radiometrics": false}, "water_depth_m": 0}}, {"type": "Feature", "geometry": {"type": "Point", "coordinates": [104.23311, -31.64179]}, "properties": {"id": "TRE2-SNW-015273A-01", "district_id": "TRE2-SNW-015273A", "belt_id": "TRE2-SNW-B0041", "kind": "tin_tungsten", "name": "tin\u2013tungsten greisen and veins", "tonnage_mt": 7.1293, "grades": {"Sn %": 0.2186, "W %": 0.1473}, "depth_m": 612, "blind": true, "strike_deg": 117, "dip_deg": 55, "length_m": 1969, "width_m": 7.5, "shape": "veins", "host": "granite", "chance": 0.4, "seen_by": {"geochemistry": false, "radiometrics": false}, "water_depth_m": 0}}, {"type": "Feature", "geometry": {"type": "Point", "coordinates": [104.53044, -31.70738]}, "properties": {"id": "TRE2-SNW-015273A-02", "district_id": "TRE2-SNW-015273A", "belt_id": "TRE2-SNW-B0041", "kind": "tin_tungsten", "name": "tin\u2013tungsten greisen and veins", "tonnage_mt": 1.161, "grades": {"Sn %": 0.211, "W %": 0.0363}, "depth_m": 929, "blind": true, "strike_deg": 110, "dip_deg": 59, "length_m": 2054, "width_m": 18.8, "shape": "veins", "host": "granite", "chance": 0.4, "seen_by": {"geochemistry": false, "radiometrics": false}, "water_depth_m": 0}}, {"type": "Feature", "geometry": {"type": "Point", "coordinates": [104.4088, -31.78604]}, "properties": {"id": "TRE2-SNW-015273A-03", "district_id": "TRE2-SNW-015273A", "belt_id": "TRE2-SNW-B0041", "kind": "tin_tungsten", "name": "tin\u2013tungsten greisen and veins", "tonnage_mt": 1.7545, "grades": {"Sn %": 0.243, "W %": 0.0816}, "depth_m": 362, "blind": true, "strike_deg": 102, "dip_deg": 74, "length_m": 1764, "width_m": 16.3, "shape": "veins", "host": "granite", "chance": 0.4, "seen_by": {"geochemistry": false, "radiometrics": false}, "water_depth_m": 0}}, {"type": "Feature", "geometry": {"type": "Point", "coordinates": [19.07205, -43.01989]}, "properties": {"id": "TRE2-SNW-016779A-01", "district_id": "TRE2-SNW-016779A", "belt_id": "TRE2-SNW-B0051", "kind": "tin_tungsten", "name": "tin\u2013tungsten greisen and veins", "tonnage_mt": 1.7979, "grades": {"Sn %": 0.422, "W %": 0.0917}, "depth_m": 0, "blind": false, "strike_deg": 161, "dip_deg": 88, "length_m": 703, "width_m": 27.7, "shape": "veins", "host": "arc_plutonic", "chance": 0.64, "seen_by": {"geochemistry": true, "radiometrics": true}, "water_depth_m": 0}}, {"type": "Feature", "geometry": {"type": "Point", "coordinates": [19.29244, -43.09311]}, "properties": {"id": "TRE2-SNW-016779A-02", "district_id": "TRE2-SNW-016779A", "belt_id": "TRE2-SNW-B0051", "kind": "tin_tungsten", "name": "tin\u2013tungsten greisen and veins", "tonnage_mt": 34.9299, "grades": {"Sn %": 0.2427, "W %": 0.1102}, "depth_m": 52, "blind": false, "strike_deg": 175, "dip_deg": 56, "length_m": 1524, "width_m": 28.2, "shape": "veins", "host": "arc_plutonic", "chance": 0.64, "seen_by": {"geochemistry": false, "radiometrics": false}, "water_depth_m": 0}}, {"type": "Feature", "geometry": {"type": "Point", "coordinates": [19.11308, -42.92386]}, "properties": {"id": "TRE2-SNW-016779A-03", "district_id": "TRE2-SNW-016779A", "belt_id": "TRE2-SNW-B0051", "kind": "tin_tungsten", "name": "tin\u2013tungsten greisen and veins", "tonnage_mt": 1.6107, "grades": {"Sn %": 0.1564, "W %": 0.0546}, "depth_m": 0, "blind": false, "strike_deg": 2, "dip_deg": 69, "length_m": 2826, "width_m": 11.2, "shape": "veins", "host": "arc_plutonic", "chance": 0.64, "seen_by": {"geochemistry": true, "radiometrics": true}, "water_depth_m": 0}}, {"type": "Feature", "geometry": {"type": "Point", "coordinates": [19.36792, -43.06471]}, "properties": {"id": "TRE2-SNW-016779A-04", "district_id": "TRE2-SNW-016779A", "belt_id": "TRE2-SNW-B0051", "kind": "tin_tungsten", "name": "tin\u2013tungsten greisen and veins", "tonnage_mt": 6.633, "grades": {"Sn %": 0.6513, "W %": 0.0552}, "depth_m": 283, "blind": false, "strike_deg": 4, "dip_deg": 68, "length_m": 1459, "width_m": 26.0, "shape": "veins", "host": "arc_plutonic", "chance": 0.64, "seen_by": {"geochemistry": false, "radiometrics": false}, "water_depth_m": 0}}, {"type": "Feature", "geometry": {"type": "Point", "coordinates": [19.05213, -42.71207]}, "properties": {"id": "TRE2-SNW-016779A-05", "district_id": "TRE2-SNW-016779A", "belt_id": "TRE2-SNW-B0051", "kind": "tin_tungsten", "name": "tin\u2013tungsten greisen and veins", "tonnage_mt": 37.6667, "grades": {"Sn %": 0.3436, "W %": 0.0918}, "depth_m": 0, "blind": false, "strike_deg": 5, "dip_deg": 75, "length_m": 1494, "width_m": 26.6, "shape": "veins", "host": "arc_plutonic", "chance": 0.64, "seen_by": {"geochemistry": true, "radiometrics": true}, "water_depth_m": 0}}, {"type": "Feature", "geometry": {"type": "Point", "coordinates": [19.15332, -43.10597]}, "properties": {"id": "TRE2-SNW-016779A-06", "district_id": "TRE2-SNW-016779A", "belt_id": "TRE2-SNW-B0051", "kind": "tin_tungsten", "name": "tin\u2013tungsten greisen and veins", "tonnage_mt": 4.3705, "grades": {"Sn %": 0.4162, "W %": 0.0932}, "depth_m": 0, "blind": false, "strike_deg": 176, "dip_deg": 84, "length_m": 2356, "width_m": 14.4, "shape": "veins", "host": "arc_plutonic", "chance": 0.64, "seen_by": {"geochemistry": true, "radiometrics": true}, "water_depth_m": 0}}, {"type": "Feature", "geometry": {"type": "Point", "coordinates": [26.96524, -43.90213]}, "properties": {"id": "TRE2-SNW-016991A-01", "district_id": "TRE2-SNW-016991A", "belt_id": "TRE2-SNW-B0053", "kind": "tin_tungsten", "name": "tin\u2013tungsten greisen and veins", "tonnage_mt": 19.4548, "grades": {"Sn %": 0.139, "W %": 0.0627}, "depth_m": 0, "blind": false, "strike_deg": 158, "dip_deg": 86, "length_m": 1404, "width_m": 13.9, "shape": "veins", "host": "clastic", "chance": 0.64, "seen_by": {"geochemistry": true, "radiometrics": true}, "water_depth_m": 0}}, {"type": "Feature", "geometry": {"type": "Point", "coordinates": [26.90802, -43.9597]}, "properties": {"id": "TRE2-SNW-016991A-02", "district_id": "TRE2-SNW-016991A", "belt_id": "TRE2-SNW-B0053", "kind": "tin_tungsten", "name": "tin\u2013tungsten greisen and veins", "tonnage_mt": 1.4174, "grades": {"Sn %": 0.2059, "W %": 0.0939}, "depth_m": 0, "blind": false, "strike_deg": 154, "dip_deg": 64, "length_m": 2863, "width_m": 40.1, "shape": "veins", "host": "clastic", "chance": 0.64, "seen_by": {"geochemistry": true, "radiometrics": true}, "water_depth_m": 0}}, {"type": "Feature", "geometry": {"type": "Point", "coordinates": [27.22237, -44.21544]}, "properties": {"id": "TRE2-SNW-016991A-03", "district_id": "TRE2-SNW-016991A", "belt_id": "TRE2-SNW-B0053", "kind": "tin_tungsten", "name": "tin\u2013tungsten greisen and veins", "tonnage_mt": 0.4952, "grades": {"Sn %": 0.2578, "W %": 0.0785}, "depth_m": 0, "blind": false, "strike_deg": 154, "dip_deg": 81, "length_m": 993, "width_m": 19.4, "shape": "veins", "host": "clastic", "chance": 0.64, "seen_by": {"geochemistry": true, "radiometrics": true}, "water_depth_m": 0}}, {"type": "Feature", "geometry": {"type": "Point", "coordinates": [27.1031, -44.23433]}, "properties": {"id": "TRE2-SNW-016991A-04", "district_id": "TRE2-SNW-016991A", "belt_id": "TRE2-SNW-B0053", "kind": "tin_tungsten", "name": "tin\u2013tungsten greisen and veins", "tonnage_mt": 10.1357, "grades": {"Sn %": 0.2721, "W %": 0.1378}, "depth_m": 0, "blind": false, "strike_deg": 162, "dip_deg": 89, "length_m": 1147, "width_m": 27.4, "shape": "veins", "host": "clastic", "chance": 0.64, "seen_by": {"geochemistry": true, "radiometrics": true}, "water_depth_m": 0}}, {"type": "Feature", "geometry": {"type": "Point", "coordinates": [28.74412, -46.57998]}, "properties": {"id": "TRE2-SNW-017313A-01", "district_id": "TRE2-SNW-017313A", "belt_id": "TRE2-SNW-B0053", "kind": "tin_tungsten", "name": "tin\u2013tungsten greisen and veins", "tonnage_mt": 2.4705, "grades": {"Sn %": 0.1533, "W %": 0.1413}, "depth_m": 366, "blind": true, "strike_deg": 35, "dip_deg": 88, "length_m": 706, "width_m": 28.2, "shape": "veins", "host": "clastic", "chance": 0.4, "seen_by": {"geochemistry": false, "radiometrics": false}, "water_depth_m": 157}}, {"type": "Feature", "geometry": {"type": "Point", "coordinates": [28.98534, -46.41658]}, "properties": {"id": "TRE2-SNW-017313A-02", "district_id": "TRE2-SNW-017313A", "belt_id": "TRE2-SNW-B0053", "kind": "tin_tungsten", "name": "tin\u2013tungsten greisen and veins", "tonnage_mt": 118.2792, "grades": {"Sn %": 0.2259, "W %": 0.0898}, "depth_m": 540, "blind": true, "strike_deg": 39, "dip_deg": 59, "length_m": 547, "width_m": 20.9, "shape": "veins", "host": "clastic", "chance": 0.4, "seen_by": {"geochemistry": false, "radiometrics": false}, "water_depth_m": 157}}, {"type": "Feature", "geometry": {"type": "Point", "coordinates": [28.47107, -46.68358]}, "properties": {"id": "TRE2-SNW-017313A-03", "district_id": "TRE2-SNW-017313A", "belt_id": "TRE2-SNW-B0053", "kind": "tin_tungsten", "name": "tin\u2013tungsten greisen and veins", "tonnage_mt": 14.3078, "grades": {"Sn %": 0.3209, "W %": 0.0718}, "depth_m": 615, "blind": true, "strike_deg": 46, "dip_deg": 88, "length_m": 1907, "width_m": 30.9, "shape": "veins", "host": "clastic", "chance": 0.4, "seen_by": {"geochemistry": false, "radiometrics": false}, "water_depth_m": 157}}, {"type": "Feature", "geometry": {"type": "Point", "coordinates": [28.66298, -46.54377]}, "properties": {"id": "TRE2-SNW-017313A-04", "district_id": "TRE2-SNW-017313A", "belt_id": "TRE2-SNW-B0053", "kind": "tin_tungsten", "name": "tin\u2013tungsten greisen and veins", "tonnage_mt": 3.3661, "grades": {"Sn %": 0.2027, "W %": 0.2223}, "depth_m": 752, "blind": true, "strike_deg": 39, "dip_deg": 58, "length_m": 1579, "width_m": 14.0, "shape": "veins", "host": "clastic", "chance": 0.4, "seen_by": {"geochemistry": false, "radiometrics": false}, "water_depth_m": 157}}, {"type": "Feature", "geometry": {"type": "Point", "coordinates": [29.26335, -46.27961]}, "properties": {"id": "TRE2-SNW-017313A-05", "district_id": "TRE2-SNW-017313A", "belt_id": "TRE2-SNW-B0053", "kind": "tin_tungsten", "name": "tin\u2013tungsten greisen and veins", "tonnage_mt": 2.9663, "grades": {"Sn %": 0.187, "W %": 0.0864}, "depth_m": 679, "blind": true, "strike_deg": 44, "dip_deg": 58, "length_m": 835, "width_m": 32.4, "shape": "veins", "host": "clastic", "chance": 0.4, "seen_by": {"geochemistry": false, "radiometrics": false}, "water_depth_m": 157}}, {"type": "Feature", "geometry": {"type": "Point", "coordinates": [28.74707, -46.62941]}, "properties": {"id": "TRE2-SNW-017313A-06", "district_id": "TRE2-SNW-017313A", "belt_id": "TRE2-SNW-B0053", "kind": "tin_tungsten", "name": "tin\u2013tungsten greisen and veins", "tonnage_mt": 1.49, "grades": {"Sn %": 0.412, "W %": 0.0659}, "depth_m": 521, "blind": true, "strike_deg": 53, "dip_deg": 72, "length_m": 1085, "width_m": 27.1, "shape": "veins", "host": "clastic", "chance": 0.4, "seen_by": {"geochemistry": false, "radiometrics": false}, "water_depth_m": 157}}, {"type": "Feature", "geometry": {"type": "Point", "coordinates": [-57.59809, -81.6073]}, "properties": {"id": "TRE2-SNW-019895A-01", "district_id": "TRE2-SNW-019895A", "belt_id": "TRE2-SNW-B0056", "kind": "tin_tungsten", "name": "tin\u2013tungsten greisen and veins", "tonnage_mt": 14.2635, "grades": {"Sn %": 0.1506, "W %": 0.0819}, "depth_m": 0, "blind": false, "strike_deg": 9, "dip_deg": 61, "length_m": 1233, "width_m": 16.8, "shape": "veins", "host": "granite", "chance": 0.4, "seen_by": {"geochemistry": true, "radiometrics": true}, "water_depth_m": 0}}, {"type": "Feature", "geometry": {"type": "Point", "coordinates": [-57.18128, -81.53842]}, "properties": {"id": "TRE2-SNW-019895A-02", "district_id": "TRE2-SNW-019895A", "belt_id": "TRE2-SNW-B0056", "kind": "tin_tungsten", "name": "tin\u2013tungsten greisen and veins", "tonnage_mt": 2.4561, "grades": {"Sn %": 0.4029, "W %": 0.0439}, "depth_m": 0, "blind": false, "strike_deg": 176, "dip_deg": 57, "length_m": 995, "width_m": 18.6, "shape": "veins", "host": "granite", "chance": 0.4, "seen_by": {"geochemistry": true, "radiometrics": true}, "water_depth_m": 0}}, {"type": "Feature", "geometry": {"type": "Point", "coordinates": [-58.69781, -81.86203]}, "properties": {"id": "TRE2-SNW-019895A-03", "district_id": "TRE2-SNW-019895A", "belt_id": "TRE2-SNW-B0056", "kind": "tin_tungsten", "name": "tin\u2013tungsten greisen and veins", "tonnage_mt": 2.5158, "grades": {"Sn %": 0.2532, "W %": 0.0875}, "depth_m": 0, "blind": false, "strike_deg": 17, "dip_deg": 85, "length_m": 1662, "width_m": 30.7, "shape": "veins", "host": "granite", "chance": 0.4, "seen_by": {"geochemistry": true, "radiometrics": true}, "water_depth_m": 0}}, {"type": "Feature", "geometry": {"type": "Point", "coordinates": [-58.90702, -81.62575]}, "properties": {"id": "TRE2-SNW-019895A-04", "district_id": "TRE2-SNW-019895A", "belt_id": "TRE2-SNW-B0056", "kind": "tin_tungsten", "name": "tin\u2013tungsten greisen and veins", "tonnage_mt": 12.5177, "grades": {"Sn %": 0.5167, "W %": 0.1521}, "depth_m": 0, "blind": false, "strike_deg": 33, "dip_deg": 67, "length_m": 2388, "width_m": 21.5, "shape": "veins", "host": "granite", "chance": 0.4, "seen_by": {"geochemistry": true, "radiometrics": true}, "water_depth_m": 0}}, {"type": "Feature", "geometry": {"type": "Point", "coordinates": [-58.13295, -81.51527]}, "properties": {"id": "TRE2-SNW-019895A-05", "district_id": "TRE2-SNW-019895A", "belt_id": "TRE2-SNW-B0056", "kind": "tin_tungsten", "name": "tin\u2013tungsten greisen and veins", "tonnage_mt": 3.4141, "grades": {"Sn %": 0.2064, "W %": 0.0797}, "depth_m": 0, "blind": false, "strike_deg": 12, "dip_deg": 69, "length_m": 2021, "width_m": 21.3, "shape": "veins", "host": "granite", "chance": 0.4, "seen_by": {"geochemistry": true, "radiometrics": true}, "water_depth_m": 0}}, {"type": "Feature", "geometry": {"type": "Point", "coordinates": [-58.17282, -81.55921]}, "properties": {"id": "TRE2-SNW-019895A-06", "district_id": "TRE2-SNW-019895A", "belt_id": "TRE2-SNW-B0056", "kind": "tin_tungsten", "name": "tin\u2013tungsten greisen and veins", "tonnage_mt": 29.7511, "grades": {"Sn %": 0.3492, "W %": 0.082}, "depth_m": 0, "blind": false, "strike_deg": 13, "dip_deg": 69, "length_m": 1056, "width_m": 29.7, "shape": "veins", "host": "granite", "chance": 0.4, "seen_by": {"geochemistry": true, "radiometrics": true}, "water_depth_m": 0}}, {"type": "Feature", "geometry": {"type": "Point", "coordinates": [-17.26435, 51.99547]}, "properties": {"id": "TRE2-NIS-002079A-01", "district_id": "TRE2-NIS-002079A", "belt_id": "TRE2-NIS-B0007", "kind": "nickel_sulphide", "name": "magmatic nickel\u2013copper\u2013PGE", "tonnage_mt": 1.4964, "grades": {"Ni %": 1.1691, "Cu %": 0.4435, "PGE g/t": 0.5109, "S %": 14.6291}, "depth_m": 1690, "blind": true, "strike_deg": 157, "dip_deg": 34, "length_m": 1707, "width_m": 59.7, "shape": "lens", "host": "clastic", "chance": 0.221, "seen_by": {"geochemistry": false, "em": false, "magnetics": false}, "water_depth_m": 80}}, {"type": "Feature", "geometry": {"type": "Point", "coordinates": [-17.13379, 51.97795]}, "properties": {"id": "TRE2-NIS-002079A-02", "district_id": "TRE2-NIS-002079A", "belt_id": "TRE2-NIS-B0007", "kind": "nickel_sulphide", "name": "magmatic nickel\u2013copper\u2013PGE", "tonnage_mt": 5.953, "grades": {"Ni %": 0.8022, "Cu %": 0.6688, "PGE g/t": 1.1137, "S %": 14.6173}, "depth_m": 1761, "blind": true, "strike_deg": 166, "dip_deg": 39, "length_m": 1371, "width_m": 214.2, "shape": "lens", "host": "clastic", "chance": 0.221, "seen_by": {"geochemistry": false, "em": false, "magnetics": false}, "water_depth_m": 80}}, {"type": "Feature", "geometry": {"type": "Point", "coordinates": [-17.24845, 52.12212]}, "properties": {"id": "TRE2-NIS-002079A-03", "district_id": "TRE2-NIS-002079A", "belt_id": "TRE2-NIS-B0007", "kind": "nickel_sulphide", "name": "magmatic nickel\u2013copper\u2013PGE", "tonnage_mt": 0.0577, "grades": {"Ni %": 0.9966, "Cu %": 0.4847, "PGE g/t": 1.551, "S %": 14.6279}, "depth_m": 1896, "blind": true, "strike_deg": 159, "dip_deg": 66, "length_m": 1092, "width_m": 91.0, "shape": "lens", "host": "clastic", "chance": 0.221, "seen_by": {"geochemistry": false, "em": false, "magnetics": false}, "water_depth_m": 80}}, {"type": "Feature", "geometry": {"type": "Point", "coordinates": [-118.86491, 32.86598]}, "properties": {"id": "TRE2-NIS-004470A-01", "district_id": "TRE2-NIS-004470A", "belt_id": "TRE2-NIS-B0016", "kind": "nickel_sulphide", "name": "magmatic nickel\u2013copper\u2013PGE", "tonnage_mt": 4.7711, "grades": {"Ni %": 0.5548, "Cu %": 0.6571, "PGE g/t": 1.6672, "S %": 17.5142}, "depth_m": 556, "blind": true, "strike_deg": 8, "dip_deg": 61, "length_m": 1121, "width_m": 125.2, "shape": "lens", "host": "flood_basalt", "chance": 0.566, "seen_by": {"geochemistry": false, "em": false, "magnetics": true}, "water_depth_m": 0}}, {"type": "Feature", "geometry": {"type": "Point", "coordinates": [-118.81731, 32.98566]}, "properties": {"id": "TRE2-NIS-004470A-02", "district_id": "TRE2-NIS-004470A", "belt_id": "TRE2-NIS-B0016", "kind": "nickel_sulphide", "name": "magmatic nickel\u2013copper\u2013PGE", "tonnage_mt": 7.9283, "grades": {"Ni %": 1.0019, "Cu %": 0.5812, "PGE g/t": 1.0058, "S %": 8.1548}, "depth_m": 543, "blind": true, "strike_deg": 12, "dip_deg": 69, "length_m": 943, "width_m": 63.2, "shape": "lens", "host": "flood_basalt", "chance": 0.566, "seen_by": {"geochemistry": false, "em": false, "magnetics": true}, "water_depth_m": 0}}, {"type": "Feature", "geometry": {"type": "Point", "coordinates": [-118.82697, 32.97361]}, "properties": {"id": "TRE2-NIS-004470A-03", "district_id": "TRE2-NIS-004470A", "belt_id": "TRE2-NIS-B0016", "kind": "nickel_sulphide", "name": "magmatic nickel\u2013copper\u2013PGE", "tonnage_mt": 0.4276, "grades": {"Ni %": 1.0605, "Cu %": 0.3989, "PGE g/t": 1.2458, "S %": 10.5931}, "depth_m": 538, "blind": true, "strike_deg": 15, "dip_deg": 37, "length_m": 1459, "width_m": 145.9, "shape": "lens", "host": "flood_basalt", "chance": 0.566, "seen_by": {"geochemistry": false, "em": false, "magnetics": true}, "water_depth_m": 0}}, {"type": "Feature", "geometry": {"type": "Point", "coordinates": [142.22155, -32.63476]}, "properties": {"id": "TRE2-NIS-015312A-01", "district_id": "TRE2-NIS-015312A", "belt_id": "TRE2-NIS-B0075", "kind": "nickel_sulphide", "name": "magmatic nickel\u2013copper\u2013PGE", "tonnage_mt": 0.0184, "grades": {"Ni %": 1.9089, "Cu %": 0.7298, "PGE g/t": 0.4467, "S %": 9.652}, "depth_m": 0, "blind": false, "strike_deg": 35, "dip_deg": 71, "length_m": 778, "width_m": 51.5, "shape": "lens", "host": "basement", "chance": 0.304, "seen_by": {"geochemistry": true, "em": true, "magnetics": true}, "water_depth_m": 0}}, {"type": "Feature", "geometry": {"type": "Point", "coordinates": [142.36862, -32.51434]}, "properties": {"id": "TRE2-NIS-015312A-02", "district_id": "TRE2-NIS-015312A", "belt_id": "TRE2-NIS-B0075", "kind": "nickel_sulphide", "name": "magmatic nickel\u2013copper\u2013PGE", "tonnage_mt": 0.0247, "grades": {"Ni %": 0.9533, "Cu %": 0.4028, "PGE g/t": 1.9171, "S %": 9.671}, "depth_m": 0, "blind": false, "strike_deg": 16, "dip_deg": 45, "length_m": 895, "width_m": 141.4, "shape": "lens", "host": "basement", "chance": 0.304, "seen_by": {"geochemistry": true, "em": true, "magnetics": true}, "water_depth_m": 0}}, {"type": "Feature", "geometry": {"type": "Point", "coordinates": [134.67752, -54.84273]}, "properties": {"id": "TRE2-NIS-018150A-01", "district_id": "TRE2-NIS-018150A", "belt_id": "TRE2-NIS-B0101", "kind": "nickel_sulphide", "name": "magmatic nickel\u2013copper\u2013PGE", "tonnage_mt": 2.7166, "grades": {"Ni %": 0.3608, "Cu %": 0.4326, "PGE g/t": 1.2396, "S %": 15.0951}, "depth_m": 0, "blind": false, "strike_deg": 158, "dip_deg": 41, "length_m": 1201, "width_m": 33.2, "shape": "lens", "host": "clastic", "chance": 0.887, "seen_by": {"geochemistry": true, "em": true, "magnetics": true}, "water_depth_m": 0}}, {"type": "Feature", "geometry": {"type": "Point", "coordinates": [134.61905, -54.71703]}, "properties": {"id": "TRE2-NIS-018150A-02", "district_id": "TRE2-NIS-018150A", "belt_id": "TRE2-NIS-B0101", "kind": "nickel_sulphide", "name": "magmatic nickel\u2013copper\u2013PGE", "tonnage_mt": 10.8308, "grades": {"Ni %": 0.2882, "Cu %": 0.4661, "PGE g/t": 0.7164, "S %": 6.2181}, "depth_m": 0, "blind": false, "strike_deg": 167, "dip_deg": 50, "length_m": 989, "width_m": 75.2, "shape": "lens", "host": "clastic", "chance": 0.887, "seen_by": {"geochemistry": true, "em": true, "magnetics": true}, "water_depth_m": 0}}, {"type": "Feature", "geometry": {"type": "Point", "coordinates": [134.55284, -54.70144]}, "properties": {"id": "TRE2-NIS-018150A-03", "district_id": "TRE2-NIS-018150A", "belt_id": "TRE2-NIS-B0101", "kind": "nickel_sulphide", "name": "magmatic nickel\u2013copper\u2013PGE", "tonnage_mt": 0.4005, "grades": {"Ni %": 2.0065, "Cu %": 0.2944, "PGE g/t": 1.0585, "S %": 17.7866}, "depth_m": 0, "blind": false, "strike_deg": 143, "dip_deg": 76, "length_m": 893, "width_m": 60.5, "shape": "lens", "host": "clastic", "chance": 0.887, "seen_by": {"geochemistry": true, "em": true, "magnetics": true}, "water_depth_m": 0}}, {"type": "Feature", "geometry": {"type": "Point", "coordinates": [-79.67763, 10.21368]}, "properties": {"id": "TRE2-CHR-008169A-01", "district_id": "TRE2-CHR-008169A", "belt_id": "TRE2-CHR-B0000", "kind": "chromite", "name": "podiform chromite", "tonnage_mt": 0.0181, "grades": {"Cr2O3 %": 34.5607}, "depth_m": 0, "blind": false, "strike_deg": 34, "dip_deg": 77, "length_m": 208, "width_m": 33.3, "shape": "lens", "host": "carbonate", "chance": 0.35, "seen_by": {"gravity": true, "magnetics": true}, "water_depth_m": 0}}, {"type": "Feature", "geometry": {"type": "Point", "coordinates": [-79.66103, 10.2162]}, "properties": {"id": "TRE2-CHR-008169A-02", "district_id": "TRE2-CHR-008169A", "belt_id": "TRE2-CHR-B0000", "kind": "chromite", "name": "podiform chromite", "tonnage_mt": 0.0066, "grades": {"Cr2O3 %": 44.7369}, "depth_m": 0, "blind": false, "strike_deg": 26, "dip_deg": 72, "length_m": 170, "width_m": 30.5, "shape": "lens", "host": "carbonate", "chance": 0.35, "seen_by": {"gravity": true, "magnetics": true}, "water_depth_m": 0}}, {"type": "Feature", "geometry": {"type": "Point", "coordinates": [-79.69302, 10.22731]}, "properties": {"id": "TRE2-CHR-008169A-03", "district_id": "TRE2-CHR-008169A", "belt_id": "TRE2-CHR-B0000", "kind": "chromite", "name": "podiform chromite", "tonnage_mt": 0.0016, "grades": {"Cr2O3 %": 29.1169}, "depth_m": 0, "blind": false, "strike_deg": 50, "dip_deg": 40, "length_m": 176, "width_m": 27.1, "shape": "lens", "host": "carbonate", "chance": 0.35, "seen_by": {"gravity": true, "magnetics": true}, "water_depth_m": 0}}, {"type": "Feature", "geometry": {"type": "Point", "coordinates": [-79.6485, 10.25066]}, "properties": {"id": "TRE2-CHR-008169A-04", "district_id": "TRE2-CHR-008169A", "belt_id": "TRE2-CHR-B0000", "kind": "chromite", "name": "podiform chromite", "tonnage_mt": 0.0103, "grades": {"Cr2O3 %": 26.9372}, "depth_m": 0, "blind": false, "strike_deg": 17, "dip_deg": 46, "length_m": 307, "width_m": 42.0, "shape": "lens", "host": "carbonate", "chance": 0.35, "seen_by": {"gravity": true, "magnetics": true}, "water_depth_m": 0}}, {"type": "Feature", "geometry": {"type": "Point", "coordinates": [-79.69124, 10.20722]}, "properties": {"id": "TRE2-CHR-008169A-05", "district_id": "TRE2-CHR-008169A", "belt_id": "TRE2-CHR-B0000", "kind": "chromite", "name": "podiform chromite", "tonnage_mt": 0.0109, "grades": {"Cr2O3 %": 62.3207}, "depth_m": 0, "blind": false, "strike_deg": 44, "dip_deg": 43, "length_m": 176, "width_m": 45.4, "shape": "lens", "host": "carbonate", "chance": 0.35, "seen_by": {"gravity": true, "magnetics": true}, "water_depth_m": 0}}, {"type": "Feature", "geometry": {"type": "Point", "coordinates": [-79.62113, 10.27047]}, "properties": {"id": "TRE2-CHR-008169A-06", "district_id": "TRE2-CHR-008169A", "belt_id": "TRE2-CHR-B0000", "kind": "chromite", "name": "podiform chromite", "tonnage_mt": 0.0075, "grades": {"Cr2O3 %": 64.4358}, "depth_m": 0, "blind": false, "strike_deg": 56, "dip_deg": 36, "length_m": 189, "width_m": 15.0, "shape": "lens", "host": "carbonate", "chance": 0.35, "seen_by": {"gravity": true, "magnetics": true}, "water_depth_m": 0}}, {"type": "Feature", "geometry": {"type": "Point", "coordinates": [-79.67235, 10.26271]}, "properties": {"id": "TRE2-CHR-008169A-07", "district_id": "TRE2-CHR-008169A", "belt_id": "TRE2-CHR-B0000", "kind": "chromite", "name": "podiform chromite", "tonnage_mt": 0.0022, "grades": {"Cr2O3 %": 104.7367}, "depth_m": 0, "blind": false, "strike_deg": 29, "dip_deg": 49, "length_m": 218, "width_m": 15.7, "shape": "lens", "host": "carbonate", "chance": 0.35, "seen_by": {"gravity": true, "magnetics": true}, "water_depth_m": 0}}, {"type": "Feature", "geometry": {"type": "Point", "coordinates": [-79.65833, 10.24586]}, "properties": {"id": "TRE2-CHR-008169A-08", "district_id": "TRE2-CHR-008169A", "belt_id": "TRE2-CHR-B0000", "kind": "chromite", "name": "podiform chromite", "tonnage_mt": 0.0075, "grades": {"Cr2O3 %": 101.2116}, "depth_m": 0, "blind": false, "strike_deg": 42, "dip_deg": 63, "length_m": 194, "width_m": 46.9, "shape": "lens", "host": "carbonate", "chance": 0.35, "seen_by": {"gravity": true, "magnetics": true}, "water_depth_m": 0}}, {"type": "Feature", "geometry": {"type": "Point", "coordinates": [-79.73241, 10.22149]}, "properties": {"id": "TRE2-CHR-008169A-09", "district_id": "TRE2-CHR-008169A", "belt_id": "TRE2-CHR-B0000", "kind": "chromite", "name": "podiform chromite", "tonnage_mt": 0.0244, "grades": {"Cr2O3 %": 46.2987}, "depth_m": 0, "blind": false, "strike_deg": 42, "dip_deg": 62, "length_m": 193, "width_m": 16.2, "shape": "lens", "host": "carbonate", "chance": 0.35, "seen_by": {"gravity": true, "magnetics": true}, "water_depth_m": 0}}, {"type": "Feature", "geometry": {"type": "Point", "coordinates": [-79.63574, 10.26138]}, "properties": {"id": "TRE2-CHR-008169A-10", "district_id": "TRE2-CHR-008169A", "belt_id": "TRE2-CHR-B0000", "kind": "chromite", "name": "podiform chromite", "tonnage_mt": 0.0012, "grades": {"Cr2O3 %": 63.5788}, "depth_m": 0, "blind": false, "strike_deg": 53, "dip_deg": 79, "length_m": 512, "width_m": 50.9, "shape": "lens", "host": "carbonate", "chance": 0.35, "seen_by": {"gravity": true, "magnetics": true}, "water_depth_m": 0}}, {"type": "Feature", "geometry": {"type": "Point", "coordinates": [-79.67782, 10.27258]}, "properties": {"id": "TRE2-CHR-008169A-11", "district_id": "TRE2-CHR-008169A", "belt_id": "TRE2-CHR-B0000", "kind": "chromite", "name": "podiform chromite", "tonnage_mt": 0.0011, "grades": {"Cr2O3 %": 60.7116}, "depth_m": 0, "blind": false, "strike_deg": 54, "dip_deg": 65, "length_m": 128, "width_m": 16.3, "shape": "lens", "host": "carbonate", "chance": 0.35, "seen_by": {"gravity": true, "magnetics": true}, "water_depth_m": 0}}, {"type": "Feature", "geometry": {"type": "Point", "coordinates": [-79.44013, 10.25613]}, "properties": {"id": "TRE2-CHR-008169B-01", "district_id": "TRE2-CHR-008169B", "belt_id": "TRE2-CHR-B0000", "kind": "chromite", "name": "podiform chromite", "tonnage_mt": 0.0024, "grades": {"Cr2O3 %": 49.4782}, "depth_m": 0, "blind": false, "strike_deg": 51, "dip_deg": 65, "length_m": 132, "width_m": 16.8, "shape": "lens", "host": "carbonate", "chance": 0.35, "seen_by": {"gravity": true, "magnetics": true}, "water_depth_m": 0}}, {"type": "Feature", "geometry": {"type": "Point", "coordinates": [-79.42209, 10.22213]}, "properties": {"id": "TRE2-CHR-008169B-02", "district_id": "TRE2-CHR-008169B", "belt_id": "TRE2-CHR-B0000", "kind": "chromite", "name": "podiform chromite", "tonnage_mt": 0.0023, "grades": {"Cr2O3 %": 46.7055}, "depth_m": 0, "blind": false, "strike_deg": 37, "dip_deg": 69, "length_m": 145, "width_m": 31.4, "shape": "lens", "host": "carbonate", "chance": 0.35, "seen_by": {"gravity": true, "magnetics": true}, "water_depth_m": 0}}, {"type": "Feature", "geometry": {"type": "Point", "coordinates": [-79.48438, 10.19803]}, "properties": {"id": "TRE2-CHR-008169B-03", "district_id": "TRE2-CHR-008169B", "belt_id": "TRE2-CHR-B0000", "kind": "chromite", "name": "podiform chromite", "tonnage_mt": 0.0047, "grades": {"Cr2O3 %": 38.0832}, "depth_m": 0, "blind": false, "strike_deg": 51, "dip_deg": 63, "length_m": 270, "width_m": 36.0, "shape": "lens", "host": "carbonate", "chance": 0.35, "seen_by": {"gravity": true, "magnetics": true}, "water_depth_m": 0}}, {"type": "Feature", "geometry": {"type": "Point", "coordinates": [-79.50958, 10.23314]}, "properties": {"id": "TRE2-CHR-008169B-04", "district_id": "TRE2-CHR-008169B", "belt_id": "TRE2-CHR-B0000", "kind": "chromite", "name": "podiform chromite", "tonnage_mt": 0.0079, "grades": {"Cr2O3 %": 63.1708}, "depth_m": 0, "blind": false, "strike_deg": 47, "dip_deg": 35, "length_m": 143, "width_m": 27.8, "shape": "lens", "host": "carbonate", "chance": 0.35, "seen_by": {"gravity": true, "magnetics": true}, "water_depth_m": 0}}, {"type": "Feature", "geometry": {"type": "Point", "coordinates": [-79.4529, 10.25229]}, "properties": {"id": "TRE2-CHR-008169B-05", "district_id": "TRE2-CHR-008169B", "belt_id": "TRE2-CHR-B0000", "kind": "chromite", "name": "podiform chromite", "tonnage_mt": 0.0105, "grades": {"Cr2O3 %": 37.7407}, "depth_m": 0, "blind": false, "strike_deg": 40, "dip_deg": 42, "length_m": 290, "width_m": 42.1, "shape": "lens", "host": "carbonate", "chance": 0.35, "seen_by": {"gravity": true, "magnetics": true}, "water_depth_m": 0}}, {"type": "Feature", "geometry": {"type": "Point", "coordinates": [-79.48485, 10.22168]}, "properties": {"id": "TRE2-CHR-008169B-06", "district_id": "TRE2-CHR-008169B", "belt_id": "TRE2-CHR-B0000", "kind": "chromite", "name": "podiform chromite", "tonnage_mt": 0.0223, "grades": {"Cr2O3 %": 45.4107}, "depth_m": 0, "blind": false, "strike_deg": 35, "dip_deg": 54, "length_m": 268, "width_m": 36.7, "shape": "lens", "host": "carbonate", "chance": 0.35, "seen_by": {"gravity": true, "magnetics": true}, "water_depth_m": 0}}, {"type": "Feature", "geometry": {"type": "Point", "coordinates": [-79.41522, 10.31284]}, "properties": {"id": "TRE2-CHR-008169B-07", "district_id": "TRE2-CHR-008169B", "belt_id": "TRE2-CHR-B0000", "kind": "chromite", "name": "podiform chromite", "tonnage_mt": 0.0173, "grades": {"Cr2O3 %": 82.2939}, "depth_m": 0, "blind": false, "strike_deg": 37, "dip_deg": 67, "length_m": 96, "width_m": 14.9, "shape": "lens", "host": "carbonate", "chance": 0.35, "seen_by": {"gravity": true, "magnetics": true}, "water_depth_m": 0}}, {"type": "Feature", "geometry": {"type": "Point", "coordinates": [-79.50968, 10.2314]}, "properties": {"id": "TRE2-CHR-008169B-08", "district_id": "TRE2-CHR-008169B", "belt_id": "TRE2-CHR-B0000", "kind": "chromite", "name": "podiform chromite", "tonnage_mt": 0.0569, "grades": {"Cr2O3 %": 51.2435}, "depth_m": 0, "blind": false, "strike_deg": 40, "dip_deg": 60, "length_m": 136, "width_m": 32.2, "shape": "lens", "host": "carbonate", "chance": 0.35, "seen_by": {"gravity": true, "magnetics": true}, "water_depth_m": 0}}, {"type": "Feature", "geometry": {"type": "Point", "coordinates": [-79.44002, 10.2312]}, "properties": {"id": "TRE2-CHR-008169B-09", "district_id": "TRE2-CHR-008169B", "belt_id": "TRE2-CHR-B0000", "kind": "chromite", "name": "podiform chromite", "tonnage_mt": 0.0069, "grades": {"Cr2O3 %": 26.5328}, "depth_m": 0, "blind": false, "strike_deg": 44, "dip_deg": 45, "length_m": 285, "width_m": 35.9, "shape": "lens", "host": "carbonate", "chance": 0.35, "seen_by": {"gravity": true, "magnetics": true}, "water_depth_m": 0}}, {"type": "Feature", "geometry": {"type": "Point", "coordinates": [-79.47966, 10.21029]}, "properties": {"id": "TRE2-CHR-008169B-10", "district_id": "TRE2-CHR-008169B", "belt_id": "TRE2-CHR-B0000", "kind": "chromite", "name": "podiform chromite", "tonnage_mt": 0.0351, "grades": {"Cr2O3 %": 70.1621}, "depth_m": 0, "blind": false, "strike_deg": 32, "dip_deg": 47, "length_m": 284, "width_m": 41.9, "shape": "lens", "host": "carbonate", "chance": 0.35, "seen_by": {"gravity": true, "magnetics": true}, "water_depth_m": 0}}, {"type": "Feature", "geometry": {"type": "Point", "coordinates": [-79.55974, 10.18628]}, "properties": {"id": "TRE2-CHR-008169B-11", "district_id": "TRE2-CHR-008169B", "belt_id": "TRE2-CHR-B0000", "kind": "chromite", "name": "podiform chromite", "tonnage_mt": 0.1092, "grades": {"Cr2O3 %": 47.6688}, "depth_m": 0, "blind": false, "strike_deg": 32, "dip_deg": 67, "length_m": 154, "width_m": 56.8, "shape": "lens", "host": "carbonate", "chance": 0.35, "seen_by": {"gravity": true, "magnetics": true}, "water_depth_m": 0}}, {"type": "Feature", "geometry": {"type": "Point", "coordinates": [-79.51468, 10.22959]}, "properties": {"id": "TRE2-CHR-008169B-12", "district_id": "TRE2-CHR-008169B", "belt_id": "TRE2-CHR-B0000", "kind": "chromite", "name": "podiform chromite", "tonnage_mt": 0.0657, "grades": {"Cr2O3 %": 40.5823}, "depth_m": 0, "blind": false, "strike_deg": 34, "dip_deg": 46, "length_m": 335, "width_m": 20.0, "shape": "lens", "host": "carbonate", "chance": 0.35, "seen_by": {"gravity": true, "magnetics": true}, "water_depth_m": 0}}, {"type": "Feature", "geometry": {"type": "Point", "coordinates": [-81.16846, 10.19975]}, "properties": {"id": "TRE2-CHR-008313A-01", "district_id": "TRE2-CHR-008313A", "belt_id": "TRE2-CHR-B0000", "kind": "chromite", "name": "podiform chromite", "tonnage_mt": 0.0499, "grades": {"Cr2O3 %": 69.0887}, "depth_m": 0, "blind": false, "strike_deg": 48, "dip_deg": 44, "length_m": 238, "width_m": 37.9, "shape": "lens", "host": "carbonate", "chance": 0.35, "seen_by": {"gravity": true, "magnetics": true}, "water_depth_m": 0}}, {"type": "Feature", "geometry": {"type": "Point", "coordinates": [-81.20102, 10.24776]}, "properties": {"id": "TRE2-CHR-008313A-02", "district_id": "TRE2-CHR-008313A", "belt_id": "TRE2-CHR-B0000", "kind": "chromite", "name": "podiform chromite", "tonnage_mt": 0.0115, "grades": {"Cr2O3 %": 78.2557}, "depth_m": 0, "blind": false, "strike_deg": 35, "dip_deg": 43, "length_m": 135, "width_m": 21.2, "shape": "lens", "host": "carbonate", "chance": 0.35, "seen_by": {"gravity": true, "magnetics": true}, "water_depth_m": 0}}, {"type": "Feature", "geometry": {"type": "Point", "coordinates": [-81.18811, 10.20148]}, "properties": {"id": "TRE2-CHR-008313A-03", "district_id": "TRE2-CHR-008313A", "belt_id": "TRE2-CHR-B0000", "kind": "chromite", "name": "podiform chromite", "tonnage_mt": 0.0089, "grades": {"Cr2O3 %": 31.8066}, "depth_m": 0, "blind": false, "strike_deg": 49, "dip_deg": 67, "length_m": 211, "width_m": 27.3, "shape": "lens", "host": "carbonate", "chance": 0.35, "seen_by": {"gravity": true, "magnetics": true}, "water_depth_m": 0}}, {"type": "Feature", "geometry": {"type": "Point", "coordinates": [-81.19878, 10.16474]}, "properties": {"id": "TRE2-CHR-008313A-04", "district_id": "TRE2-CHR-008313A", "belt_id": "TRE2-CHR-B0000", "kind": "chromite", "name": "podiform chromite", "tonnage_mt": 0.0505, "grades": {"Cr2O3 %": 102.3771}, "depth_m": 0, "blind": false, "strike_deg": 38, "dip_deg": 64, "length_m": 112, "width_m": 40.7, "shape": "lens", "host": "carbonate", "chance": 0.35, "seen_by": {"gravity": true, "magnetics": true}, "water_depth_m": 0}}, {"type": "Feature", "geometry": {"type": "Point", "coordinates": [-80.67726, 9.36039]}, "properties": {"id": "TRE2-CHR-008313B-01", "district_id": "TRE2-CHR-008313B", "belt_id": "TRE2-CHR-B0000", "kind": "chromite", "name": "podiform chromite", "tonnage_mt": 0.0041, "grades": {"Cr2O3 %": 27.2461}, "depth_m": 0, "blind": false, "strike_deg": 55, "dip_deg": 71, "length_m": 329, "width_m": 22.4, "shape": "lens", "host": "carbonate", "chance": 0.35, "seen_by": {"gravity": true, "magnetics": true}, "water_depth_m": 0}}, {"type": "Feature", "geometry": {"type": "Point", "coordinates": [-80.65237, 9.34908]}, "properties": {"id": "TRE2-CHR-008313B-02", "district_id": "TRE2-CHR-008313B", "belt_id": "TRE2-CHR-B0000", "kind": "chromite", "name": "podiform chromite", "tonnage_mt": 0.1464, "grades": {"Cr2O3 %": 98.9365}, "depth_m": 0, "blind": false, "strike_deg": 45, "dip_deg": 53, "length_m": 297, "width_m": 21.0, "shape": "lens", "host": "carbonate", "chance": 0.35, "seen_by": {"gravity": true, "magnetics": true}, "water_depth_m": 0}}, {"type": "Feature", "geometry": {"type": "Point", "coordinates": [-80.75634, 9.35907]}, "properties": {"id": "TRE2-CHR-008313B-03", "district_id": "TRE2-CHR-008313B", "belt_id": "TRE2-CHR-B0000", "kind": "chromite", "name": "podiform chromite", "tonnage_mt": 0.0069, "grades": {"Cr2O3 %": 92.7049}, "depth_m": 0, "blind": false, "strike_deg": 63, "dip_deg": 74, "length_m": 168, "width_m": 19.4, "shape": "lens", "host": "carbonate", "chance": 0.35, "seen_by": {"gravity": true, "magnetics": true}, "water_depth_m": 0}}, {"type": "Feature", "geometry": {"type": "Point", "coordinates": [-80.67107, 9.32275]}, "properties": {"id": "TRE2-CHR-008313B-04", "district_id": "TRE2-CHR-008313B", "belt_id": "TRE2-CHR-B0000", "kind": "chromite", "name": "podiform chromite", "tonnage_mt": 0.0003, "grades": {"Cr2O3 %": 25.7354}, "depth_m": 0, "blind": false, "strike_deg": 37, "dip_deg": 30, "length_m": 340, "width_m": 19.9, "shape": "lens", "host": "carbonate", "chance": 0.35, "seen_by": {"gravity": true, "magnetics": true}, "water_depth_m": 0}}, {"type": "Feature", "geometry": {"type": "Point", "coordinates": [-80.72651, 9.29128]}, "properties": {"id": "TRE2-CHR-008313B-05", "district_id": "TRE2-CHR-008313B", "belt_id": "TRE2-CHR-B0000", "kind": "chromite", "name": "podiform chromite", "tonnage_mt": 0.002, "grades": {"Cr2O3 %": 45.1195}, "depth_m": 0, "blind": false, "strike_deg": 57, "dip_deg": 66, "length_m": 383, "width_m": 71.9, "shape": "lens", "host": "carbonate", "chance": 0.35, "seen_by": {"gravity": true, "magnetics": true}, "water_depth_m": 0}}, {"type": "Feature", "geometry": {"type": "Point", "coordinates": [-80.67257, 9.35305]}, "properties": {"id": "TRE2-CHR-008313B-06", "district_id": "TRE2-CHR-008313B", "belt_id": "TRE2-CHR-B0000", "kind": "chromite", "name": "podiform chromite", "tonnage_mt": 0.0068, "grades": {"Cr2O3 %": 38.118}, "depth_m": 0, "blind": false, "strike_deg": 63, "dip_deg": 65, "length_m": 109, "width_m": 23.2, "shape": "lens", "host": "carbonate", "chance": 0.35, "seen_by": {"gravity": true, "magnetics": true}, "water_depth_m": 0}}, {"type": "Feature", "geometry": {"type": "Point", "coordinates": [-80.69369, 9.34322]}, "properties": {"id": "TRE2-CHR-008313B-07", "district_id": "TRE2-CHR-008313B", "belt_id": "TRE2-CHR-B0000", "kind": "chromite", "name": "podiform chromite", "tonnage_mt": 0.001, "grades": {"Cr2O3 %": 44.2519}, "depth_m": 0, "blind": false, "strike_deg": 35, "dip_deg": 77, "length_m": 102, "width_m": 41.0, "shape": "lens", "host": "carbonate", "chance": 0.35, "seen_by": {"gravity": true, "magnetics": true}, "water_depth_m": 0}}, {"type": "Feature", "geometry": {"type": "Point", "coordinates": [-80.63725, 9.34765]}, "properties": {"id": "TRE2-CHR-008313B-08", "district_id": "TRE2-CHR-008313B", "belt_id": "TRE2-CHR-B0000", "kind": "chromite", "name": "podiform chromite", "tonnage_mt": 0.0083, "grades": {"Cr2O3 %": 56.5182}, "depth_m": 0, "blind": false, "strike_deg": 48, "dip_deg": 55, "length_m": 332, "width_m": 34.8, "shape": "lens", "host": "carbonate", "chance": 0.35, "seen_by": {"gravity": true, "magnetics": true}, "water_depth_m": 0}}, {"type": "Feature", "geometry": {"type": "Point", "coordinates": [47.72585, 4.72584]}, "properties": {"id": "TRE2-CHR-009231A-01", "district_id": "TRE2-CHR-009231A", "belt_id": "TRE2-CHR-B0001", "kind": "chromite", "name": "podiform chromite", "tonnage_mt": 0.0278, "grades": {"Cr2O3 %": 43.7073}, "depth_m": 0, "blind": false, "strike_deg": 162, "dip_deg": 57, "length_m": 268, "width_m": 33.3, "shape": "lens", "host": "basement", "chance": 0.35, "seen_by": {"gravity": true, "magnetics": true}, "water_depth_m": 0}}, {"type": "Feature", "geometry": {"type": "Point", "coordinates": [47.67741, 4.75169]}, "properties": {"id": "TRE2-CHR-009231A-02", "district_id": "TRE2-CHR-009231A", "belt_id": "TRE2-CHR-B0001", "kind": "chromite", "name": "podiform chromite", "tonnage_mt": 0.0024, "grades": {"Cr2O3 %": 31.2356}, "depth_m": 0, "blind": false, "strike_deg": 142, "dip_deg": 31, "length_m": 196, "width_m": 23.8, "shape": "lens", "host": "basement", "chance": 0.35, "seen_by": {"gravity": true, "magnetics": true}, "water_depth_m": 0}}, {"type": "Feature", "geometry": {"type": "Point", "coordinates": [47.69309, 4.73606]}, "properties": {"id": "TRE2-CHR-009231A-03", "district_id": "TRE2-CHR-009231A", "belt_id": "TRE2-CHR-B0001", "kind": "chromite", "name": "podiform chromite", "tonnage_mt": 0.0054, "grades": {"Cr2O3 %": 76.3765}, "depth_m": 0, "blind": false, "strike_deg": 151, "dip_deg": 41, "length_m": 168, "width_m": 13.9, "shape": "lens", "host": "basement", "chance": 0.35, "seen_by": {"gravity": true, "magnetics": true}, "water_depth_m": 0}}, {"type": "Feature", "geometry": {"type": "Point", "coordinates": [47.70564, 4.66371]}, "properties": {"id": "TRE2-CHR-009231A-04", "district_id": "TRE2-CHR-009231A", "belt_id": "TRE2-CHR-B0001", "kind": "chromite", "name": "podiform chromite", "tonnage_mt": 0.0243, "grades": {"Cr2O3 %": 26.9417}, "depth_m": 0, "blind": false, "strike_deg": 151, "dip_deg": 67, "length_m": 222, "width_m": 38.9, "shape": "lens", "host": "basement", "chance": 0.35, "seen_by": {"gravity": true, "magnetics": true}, "water_depth_m": 0}}, {"type": "Feature", "geometry": {"type": "Point", "coordinates": [-86.3334, 1.7529]}, "properties": {"id": "TRE2-CHR-009643A-01", "district_id": "TRE2-CHR-009643A", "belt_id": "TRE2-CHR-B0002", "kind": "chromite", "name": "podiform chromite", "tonnage_mt": 0.0754, "grades": {"Cr2O3 %": 37.3327}, "depth_m": 968, "blind": true, "strike_deg": 110, "dip_deg": 76, "length_m": 277, "width_m": 19.1, "shape": "lens", "host": "arc_volcanic", "chance": 0.35, "seen_by": {"gravity": false, "magnetics": false}, "water_depth_m": 0}}, {"type": "Feature", "geometry": {"type": "Point", "coordinates": [-86.31275, 1.76208]}, "properties": {"id": "TRE2-CHR-009643A-02", "district_id": "TRE2-CHR-009643A", "belt_id": "TRE2-CHR-B0002", "kind": "chromite", "name": "podiform chromite", "tonnage_mt": 0.0472, "grades": {"Cr2O3 %": 51.0734}, "depth_m": 406, "blind": true, "strike_deg": 136, "dip_deg": 43, "length_m": 158, "width_m": 60.3, "shape": "lens", "host": "arc_volcanic", "chance": 0.35, "seen_by": {"gravity": true, "magnetics": true}, "water_depth_m": 0}}, {"type": "Feature", "geometry": {"type": "Point", "coordinates": [-86.34147, 1.77386]}, "properties": {"id": "TRE2-CHR-009643A-03", "district_id": "TRE2-CHR-009643A", "belt_id": "TRE2-CHR-B0002", "kind": "chromite", "name": "podiform chromite", "tonnage_mt": 0.0314, "grades": {"Cr2O3 %": 45.4008}, "depth_m": 675, "blind": true, "strike_deg": 145, "dip_deg": 52, "length_m": 600, "width_m": 17.4, "shape": "lens", "host": "arc_volcanic", "chance": 0.35, "seen_by": {"gravity": true, "magnetics": true}, "water_depth_m": 0}}, {"type": "Feature", "geometry": {"type": "Point", "coordinates": [-86.32482, 1.72289]}, "properties": {"id": "TRE2-CHR-009643A-04", "district_id": "TRE2-CHR-009643A", "belt_id": "TRE2-CHR-B0002", "kind": "chromite", "name": "podiform chromite", "tonnage_mt": 0.0402, "grades": {"Cr2O3 %": 76.4915}, "depth_m": 641, "blind": true, "strike_deg": 134, "dip_deg": 34, "length_m": 152, "width_m": 16.9, "shape": "lens", "host": "arc_volcanic", "chance": 0.35, "seen_by": {"gravity": true, "magnetics": true}, "water_depth_m": 0}}, {"type": "Feature", "geometry": {"type": "Point", "coordinates": [-86.35601, 1.82808]}, "properties": {"id": "TRE2-CHR-009643A-05", "district_id": "TRE2-CHR-009643A", "belt_id": "TRE2-CHR-B0002", "kind": "chromite", "name": "podiform chromite", "tonnage_mt": 0.1196, "grades": {"Cr2O3 %": 39.7801}, "depth_m": 786, "blind": true, "strike_deg": 123, "dip_deg": 76, "length_m": 258, "width_m": 23.3, "shape": "lens", "host": "arc_volcanic", "chance": 0.35, "seen_by": {"gravity": true, "magnetics": true}, "water_depth_m": 0}}, {"type": "Feature", "geometry": {"type": "Point", "coordinates": [-86.32373, 1.76193]}, "properties": {"id": "TRE2-CHR-009643A-06", "district_id": "TRE2-CHR-009643A", "belt_id": "TRE2-CHR-B0002", "kind": "chromite", "name": "podiform chromite", "tonnage_mt": 0.0644, "grades": {"Cr2O3 %": 46.0385}, "depth_m": 696, "blind": true, "strike_deg": 134, "dip_deg": 45, "length_m": 171, "width_m": 21.1, "shape": "lens", "host": "arc_volcanic", "chance": 0.35, "seen_by": {"gravity": true, "magnetics": true}, "water_depth_m": 0}}, {"type": "Feature", "geometry": {"type": "Point", "coordinates": [-86.30952, 1.76398]}, "properties": {"id": "TRE2-CHR-009643A-07", "district_id": "TRE2-CHR-009643A", "belt_id": "TRE2-CHR-B0002", "kind": "chromite", "name": "podiform chromite", "tonnage_mt": 0.0145, "grades": {"Cr2O3 %": 19.2209}, "depth_m": 638, "blind": true, "strike_deg": 152, "dip_deg": 37, "length_m": 289, "width_m": 74.4, "shape": "lens", "host": "arc_volcanic", "chance": 0.35, "seen_by": {"gravity": true, "magnetics": true}, "water_depth_m": 0}}, {"type": "Feature", "geometry": {"type": "Point", "coordinates": [-86.29885, 1.71645]}, "properties": {"id": "TRE2-CHR-009643A-08", "district_id": "TRE2-CHR-009643A", "belt_id": "TRE2-CHR-B0002", "kind": "chromite", "name": "podiform chromite", "tonnage_mt": 0.0014, "grades": {"Cr2O3 %": 39.1392}, "depth_m": 664, "blind": true, "strike_deg": 140, "dip_deg": 70, "length_m": 204, "width_m": 29.0, "shape": "lens", "host": "arc_volcanic", "chance": 0.35, "seen_by": {"gravity": true, "magnetics": true}, "water_depth_m": 0}}, {"type": "Feature", "geometry": {"type": "Point", "coordinates": [-86.33493, 1.71637]}, "properties": {"id": "TRE2-CHR-009643A-09", "district_id": "TRE2-CHR-009643A", "belt_id": "TRE2-CHR-B0002", "kind": "chromite", "name": "podiform chromite", "tonnage_mt": 0.034, "grades": {"Cr2O3 %": 21.3002}, "depth_m": 731, "blind": true, "strike_deg": 125, "dip_deg": 41, "length_m": 125, "width_m": 24.2, "shape": "lens", "host": "arc_volcanic", "chance": 0.35, "seen_by": {"gravity": true, "magnetics": true}, "water_depth_m": 0}}, {"type": "Feature", "geometry": {"type": "Point", "coordinates": [-86.3287, 1.74388]}, "properties": {"id": "TRE2-CHR-009643A-10", "district_id": "TRE2-CHR-009643A", "belt_id": "TRE2-CHR-B0002", "kind": "chromite", "name": "podiform chromite", "tonnage_mt": 0.022, "grades": {"Cr2O3 %": 32.9782}, "depth_m": 613, "blind": true, "strike_deg": 132, "dip_deg": 79, "length_m": 243, "width_m": 43.4, "shape": "lens", "host": "arc_volcanic", "chance": 0.35, "seen_by": {"gravity": true, "magnetics": true}, "water_depth_m": 0}}, {"type": "Feature", "geometry": {"type": "Point", "coordinates": [-86.3221, 1.79757]}, "properties": {"id": "TRE2-CHR-009643A-11", "district_id": "TRE2-CHR-009643A", "belt_id": "TRE2-CHR-B0002", "kind": "chromite", "name": "podiform chromite", "tonnage_mt": 0.0082, "grades": {"Cr2O3 %": 40.1211}, "depth_m": 655, "blind": true, "strike_deg": 138, "dip_deg": 35, "length_m": 117, "width_m": 24.8, "shape": "lens", "host": "arc_volcanic", "chance": 0.35, "seen_by": {"gravity": true, "magnetics": true}, "water_depth_m": 0}}, {"type": "Feature", "geometry": {"type": "Point", "coordinates": [-85.75384, 1.62373]}, "properties": {"id": "TRE2-CHR-009643B-01", "district_id": "TRE2-CHR-009643B", "belt_id": "TRE2-CHR-B0002", "kind": "chromite", "name": "podiform chromite", "tonnage_mt": 0.0072, "grades": {"Cr2O3 %": 37.5912}, "depth_m": 768, "blind": true, "strike_deg": 125, "dip_deg": 51, "length_m": 250, "width_m": 20.2, "shape": "lens", "host": "arc_volcanic", "chance": 0.35, "seen_by": {"gravity": true, "magnetics": true}, "water_depth_m": 0}}, {"type": "Feature", "geometry": {"type": "Point", "coordinates": [-85.68825, 1.59255]}, "properties": {"id": "TRE2-CHR-009643B-02", "district_id": "TRE2-CHR-009643B", "belt_id": "TRE2-CHR-B0002", "kind": "chromite", "name": "podiform chromite", "tonnage_mt": 0.0428, "grades": {"Cr2O3 %": 49.4113}, "depth_m": 321, "blind": true, "strike_deg": 137, "dip_deg": 34, "length_m": 293, "width_m": 23.4, "shape": "lens", "host": "arc_volcanic", "chance": 0.35, "seen_by": {"gravity": true, "magnetics": true}, "water_depth_m": 0}}, {"type": "Feature", "geometry": {"type": "Point", "coordinates": [-85.66553, 1.54517]}, "properties": {"id": "TRE2-CHR-009643B-03", "district_id": "TRE2-CHR-009643B", "belt_id": "TRE2-CHR-B0002", "kind": "chromite", "name": "podiform chromite", "tonnage_mt": 0.0065, "grades": {"Cr2O3 %": 43.4904}, "depth_m": 284, "blind": false, "strike_deg": 131, "dip_deg": 47, "length_m": 149, "width_m": 13.5, "shape": "lens", "host": "arc_volcanic", "chance": 0.35, "seen_by": {"gravity": true, "magnetics": true}, "water_depth_m": 0}}, {"type": "Feature", "geometry": {"type": "Point", "coordinates": [-85.65375, 1.61974]}, "properties": {"id": "TRE2-CHR-009643B-04", "district_id": "TRE2-CHR-009643B", "belt_id": "TRE2-CHR-B0002", "kind": "chromite", "name": "podiform chromite", "tonnage_mt": 0.0375, "grades": {"Cr2O3 %": 38.9659}, "depth_m": 507, "blind": true, "strike_deg": 134, "dip_deg": 37, "length_m": 232, "width_m": 28.4, "shape": "lens", "host": "arc_volcanic", "chance": 0.35, "seen_by": {"gravity": true, "magnetics": true}, "water_depth_m": 0}}, {"type": "Feature", "geometry": {"type": "Point", "coordinates": [-85.63432, 1.5554]}, "properties": {"id": "TRE2-CHR-009643B-05", "district_id": "TRE2-CHR-009643B", "belt_id": "TRE2-CHR-B0002", "kind": "chromite", "name": "podiform chromite", "tonnage_mt": 0.0121, "grades": {"Cr2O3 %": 48.0367}, "depth_m": 471, "blind": true, "strike_deg": 142, "dip_deg": 68, "length_m": 162, "width_m": 23.7, "shape": "lens", "host": "arc_volcanic", "chance": 0.35, "seen_by": {"gravity": true, "magnetics": true}, "water_depth_m": 0}}, {"type": "Feature", "geometry": {"type": "Point", "coordinates": [-85.69773, 1.62524]}, "properties": {"id": "TRE2-CHR-009643B-06", "district_id": "TRE2-CHR-009643B", "belt_id": "TRE2-CHR-B0002", "kind": "chromite", "name": "podiform chromite", "tonnage_mt": 0.193, "grades": {"Cr2O3 %": 52.0926}, "depth_m": 801, "blind": true, "strike_deg": 122, "dip_deg": 48, "length_m": 193, "width_m": 23.5, "shape": "lens", "host": "arc_volcanic", "chance": 0.35, "seen_by": {"gravity": false, "magnetics": false}, "water_depth_m": 0}}, {"type": "Feature", "geometry": {"type": "Point", "coordinates": [-85.72286, 1.60734]}, "properties": {"id": "TRE2-CHR-009643B-07", "district_id": "TRE2-CHR-009643B", "belt_id": "TRE2-CHR-B0002", "kind": "chromite", "name": "podiform chromite", "tonnage_mt": 0.0699, "grades": {"Cr2O3 %": 96.6227}, "depth_m": 395, "blind": true, "strike_deg": 145, "dip_deg": 57, "length_m": 151, "width_m": 36.1, "shape": "lens", "host": "arc_volcanic", "chance": 0.35, "seen_by": {"gravity": true, "magnetics": true}, "water_depth_m": 0}}, {"type": "Feature", "geometry": {"type": "Point", "coordinates": [-85.65705, 1.58874]}, "properties": {"id": "TRE2-CHR-009643B-08", "district_id": "TRE2-CHR-009643B", "belt_id": "TRE2-CHR-B0002", "kind": "chromite", "name": "podiform chromite", "tonnage_mt": 0.1996, "grades": {"Cr2O3 %": 40.9522}, "depth_m": 319, "blind": true, "strike_deg": 138, "dip_deg": 43, "length_m": 334, "width_m": 47.1, "shape": "lens", "host": "arc_volcanic", "chance": 0.35, "seen_by": {"gravity": true, "magnetics": true}, "water_depth_m": 0}}, {"type": "Feature", "geometry": {"type": "Point", "coordinates": [-85.68495, 1.62737]}, "properties": {"id": "TRE2-CHR-009643B-09", "district_id": "TRE2-CHR-009643B", "belt_id": "TRE2-CHR-B0002", "kind": "chromite", "name": "podiform chromite", "tonnage_mt": 0.0284, "grades": {"Cr2O3 %": 46.3844}, "depth_m": 547, "blind": true, "strike_deg": 146, "dip_deg": 78, "length_m": 181, "width_m": 26.5, "shape": "lens", "host": "arc_volcanic", "chance": 0.35, "seen_by": {"gravity": true, "magnetics": true}, "water_depth_m": 0}}, {"type": "Feature", "geometry": {"type": "Point", "coordinates": [-85.7375, 1.64073]}, "properties": {"id": "TRE2-CHR-009643B-10", "district_id": "TRE2-CHR-009643B", "belt_id": "TRE2-CHR-B0002", "kind": "chromite", "name": "podiform chromite", "tonnage_mt": 0.0098, "grades": {"Cr2O3 %": 48.8578}, "depth_m": 223, "blind": false, "strike_deg": 132, "dip_deg": 35, "length_m": 198, "width_m": 37.8, "shape": "lens", "host": "arc_volcanic", "chance": 0.35, "seen_by": {"gravity": true, "magnetics": true}, "water_depth_m": 0}}, {"type": "Feature", "geometry": {"type": "Point", "coordinates": [-85.71842, 1.6078]}, "properties": {"id": "TRE2-CHR-009643B-11", "district_id": "TRE2-CHR-009643B", "belt_id": "TRE2-CHR-B0002", "kind": "chromite", "name": "podiform chromite", "tonnage_mt": 0.0063, "grades": {"Cr2O3 %": 26.378}, "depth_m": 362, "blind": true, "strike_deg": 139, "dip_deg": 34, "length_m": 167, "width_m": 36.7, "shape": "lens", "host": "arc_volcanic", "chance": 0.35, "seen_by": {"gravity": true, "magnetics": true}, "water_depth_m": 0}}, {"type": "Feature", "geometry": {"type": "Point", "coordinates": [-85.73035, 1.61736]}, "properties": {"id": "TRE2-CHR-009643B-12", "district_id": "TRE2-CHR-009643B", "belt_id": "TRE2-CHR-B0002", "kind": "chromite", "name": "podiform chromite", "tonnage_mt": 0.0111, "grades": {"Cr2O3 %": 43.0904}, "depth_m": 544, "blind": true, "strike_deg": 158, "dip_deg": 80, "length_m": 257, "width_m": 36.0, "shape": "lens", "host": "arc_volcanic", "chance": 0.35, "seen_by": {"gravity": true, "magnetics": true}, "water_depth_m": 0}}, {"type": "Feature", "geometry": {"type": "Point", "coordinates": [-85.67436, 1.57844]}, "properties": {"id": "TRE2-CHR-009643B-13", "district_id": "TRE2-CHR-009643B", "belt_id": "TRE2-CHR-B0002", "kind": "chromite", "name": "podiform chromite", "tonnage_mt": 0.0055, "grades": {"Cr2O3 %": 39.3188}, "depth_m": 679, "blind": true, "strike_deg": 130, "dip_deg": 44, "length_m": 245, "width_m": 27.4, "shape": "lens", "host": "arc_volcanic", "chance": 0.35, "seen_by": {"gravity": true, "magnetics": true}, "water_depth_m": 0}}, {"type": "Feature", "geometry": {"type": "Point", "coordinates": [-86.14859, 2.29483]}, "properties": {"id": "TRE2-CHR-009643C-01", "district_id": "TRE2-CHR-009643C", "belt_id": "TRE2-CHR-B0002", "kind": "chromite", "name": "podiform chromite", "tonnage_mt": 0.0026, "grades": {"Cr2O3 %": 50.1894}, "depth_m": 621, "blind": true, "strike_deg": 155, "dip_deg": 31, "length_m": 114, "width_m": 28.9, "shape": "lens", "host": "arc_volcanic", "chance": 0.35, "seen_by": {"gravity": true, "magnetics": true}, "water_depth_m": 0}}, {"type": "Feature", "geometry": {"type": "Point", "coordinates": [-86.21518, 2.42323]}, "properties": {"id": "TRE2-CHR-009643C-02", "district_id": "TRE2-CHR-009643C", "belt_id": "TRE2-CHR-B0002", "kind": "chromite", "name": "podiform chromite", "tonnage_mt": 0.1331, "grades": {"Cr2O3 %": 53.3536}, "depth_m": 855, "blind": true, "strike_deg": 152, "dip_deg": 47, "length_m": 264, "width_m": 43.2, "shape": "lens", "host": "arc_volcanic", "chance": 0.35, "seen_by": {"gravity": false, "magnetics": false}, "water_depth_m": 0}}, {"type": "Feature", "geometry": {"type": "Point", "coordinates": [-86.16985, 2.36679]}, "properties": {"id": "TRE2-CHR-009643C-03", "district_id": "TRE2-CHR-009643C", "belt_id": "TRE2-CHR-B0002", "kind": "chromite", "name": "podiform chromite", "tonnage_mt": 0.0238, "grades": {"Cr2O3 %": 107.6126}, "depth_m": 469, "blind": true, "strike_deg": 131, "dip_deg": 34, "length_m": 162, "width_m": 25.6, "shape": "lens", "host": "arc_volcanic", "chance": 0.35, "seen_by": {"gravity": true, "magnetics": true}, "water_depth_m": 0}}, {"type": "Feature", "geometry": {"type": "Point", "coordinates": [-86.07102, 2.36758]}, "properties": {"id": "TRE2-CHR-009643C-04", "district_id": "TRE2-CHR-009643C", "belt_id": "TRE2-CHR-B0002", "kind": "chromite", "name": "podiform chromite", "tonnage_mt": 0.0105, "grades": {"Cr2O3 %": 47.3427}, "depth_m": 798, "blind": true, "strike_deg": 145, "dip_deg": 61, "length_m": 151, "width_m": 30.9, "shape": "lens", "host": "arc_volcanic", "chance": 0.35, "seen_by": {"gravity": true, "magnetics": true}, "water_depth_m": 0}}, {"type": "Feature", "geometry": {"type": "Point", "coordinates": [-86.074, 2.39696]}, "properties": {"id": "TRE2-CHR-009643C-05", "district_id": "TRE2-CHR-009643C", "belt_id": "TRE2-CHR-B0002", "kind": "chromite", "name": "podiform chromite", "tonnage_mt": 0.1515, "grades": {"Cr2O3 %": 33.9727}, "depth_m": 477, "blind": true, "strike_deg": 144, "dip_deg": 55, "length_m": 297, "width_m": 28.6, "shape": "lens", "host": "arc_volcanic", "chance": 0.35, "seen_by": {"gravity": true, "magnetics": true}, "water_depth_m": 0}}, {"type": "Feature", "geometry": {"type": "Point", "coordinates": [-86.12232, 2.33305]}, "properties": {"id": "TRE2-CHR-009643C-06", "district_id": "TRE2-CHR-009643C", "belt_id": "TRE2-CHR-B0002", "kind": "chromite", "name": "podiform chromite", "tonnage_mt": 0.0843, "grades": {"Cr2O3 %": 56.9168}, "depth_m": 510, "blind": true, "strike_deg": 135, "dip_deg": 61, "length_m": 138, "width_m": 47.2, "shape": "lens", "host": "arc_volcanic", "chance": 0.35, "seen_by": {"gravity": true, "magnetics": true}, "water_depth_m": 0}}, {"type": "Feature", "geometry": {"type": "Point", "coordinates": [-86.14052, 2.39387]}, "properties": {"id": "TRE2-CHR-009643C-07", "district_id": "TRE2-CHR-009643C", "belt_id": "TRE2-CHR-B0002", "kind": "chromite", "name": "podiform chromite", "tonnage_mt": 0.1276, "grades": {"Cr2O3 %": 32.0905}, "depth_m": 323, "blind": true, "strike_deg": 133, "dip_deg": 76, "length_m": 209, "width_m": 54.9, "shape": "lens", "host": "arc_volcanic", "chance": 0.35, "seen_by": {"gravity": true, "magnetics": true}, "water_depth_m": 0}}, {"type": "Feature", "geometry": {"type": "Point", "coordinates": [-86.16926, 2.3826]}, "properties": {"id": "TRE2-CHR-009643C-08", "district_id": "TRE2-CHR-009643C", "belt_id": "TRE2-CHR-B0002", "kind": "chromite", "name": "podiform chromite", "tonnage_mt": 0.0044, "grades": {"Cr2O3 %": 64.9788}, "depth_m": 519, "blind": true, "strike_deg": 146, "dip_deg": 66, "length_m": 336, "width_m": 50.5, "shape": "lens", "host": "arc_volcanic", "chance": 0.35, "seen_by": {"gravity": true, "magnetics": true}, "water_depth_m": 0}}, {"type": "Feature", "geometry": {"type": "Point", "coordinates": [-86.16084, 2.3644]}, "properties": {"id": "TRE2-CHR-009643C-09", "district_id": "TRE2-CHR-009643C", "belt_id": "TRE2-CHR-B0002", "kind": "chromite", "name": "podiform chromite", "tonnage_mt": 0.0133, "grades": {"Cr2O3 %": 19.4248}, "depth_m": 420, "blind": true, "strike_deg": 138, "dip_deg": 69, "length_m": 141, "width_m": 23.6, "shape": "lens", "host": "arc_volcanic", "chance": 0.35, "seen_by": {"gravity": true, "magnetics": true}, "water_depth_m": 0}}, {"type": "Feature", "geometry": {"type": "Point", "coordinates": [-86.1232, 2.30917]}, "properties": {"id": "TRE2-CHR-009643C-10", "district_id": "TRE2-CHR-009643C", "belt_id": "TRE2-CHR-B0002", "kind": "chromite", "name": "podiform chromite", "tonnage_mt": 0.1288, "grades": {"Cr2O3 %": 62.5512}, "depth_m": 631, "blind": true, "strike_deg": 129, "dip_deg": 58, "length_m": 184, "width_m": 52.2, "shape": "lens", "host": "arc_volcanic", "chance": 0.35, "seen_by": {"gravity": true, "magnetics": true}, "water_depth_m": 0}}, {"type": "Feature", "geometry": {"type": "Point", "coordinates": [-86.79383, 2.08495]}, "properties": {"id": "TRE2-CHR-009643D-01", "district_id": "TRE2-CHR-009643D", "belt_id": "TRE2-CHR-B0002", "kind": "chromite", "name": "podiform chromite", "tonnage_mt": 0.6991, "grades": {"Cr2O3 %": 46.537}, "depth_m": 401, "blind": true, "strike_deg": 140, "dip_deg": 63, "length_m": 162, "width_m": 36.8, "shape": "lens", "host": "arc_volcanic", "chance": 0.35, "seen_by": {"gravity": true, "magnetics": true}, "water_depth_m": 0}}, {"type": "Feature", "geometry": {"type": "Point", "coordinates": [-86.83453, 2.15684]}, "properties": {"id": "TRE2-CHR-009643D-02", "district_id": "TRE2-CHR-009643D", "belt_id": "TRE2-CHR-B0002", "kind": "chromite", "name": "podiform chromite", "tonnage_mt": 0.0105, "grades": {"Cr2O3 %": 61.0664}, "depth_m": 582, "blind": true, "strike_deg": 133, "dip_deg": 54, "length_m": 224, "width_m": 28.9, "shape": "lens", "host": "arc_volcanic", "chance": 0.35, "seen_by": {"gravity": true, "magnetics": true}, "water_depth_m": 0}}, {"type": "Feature", "geometry": {"type": "Point", "coordinates": [-86.72827, 2.10217]}, "properties": {"id": "TRE2-CHR-009643D-03", "district_id": "TRE2-CHR-009643D", "belt_id": "TRE2-CHR-B0002", "kind": "chromite", "name": "podiform chromite", "tonnage_mt": 0.3111, "grades": {"Cr2O3 %": 61.6063}, "depth_m": 927, "blind": true, "strike_deg": 132, "dip_deg": 33, "length_m": 212, "width_m": 30.3, "shape": "lens", "host": "arc_volcanic", "chance": 0.35, "seen_by": {"gravity": false, "magnetics": false}, "water_depth_m": 0}}, {"type": "Feature", "geometry": {"type": "Point", "coordinates": [-86.76183, 2.06185]}, "properties": {"id": "TRE2-CHR-009643D-04", "district_id": "TRE2-CHR-009643D", "belt_id": "TRE2-CHR-B0002", "kind": "chromite", "name": "podiform chromite", "tonnage_mt": 0.0393, "grades": {"Cr2O3 %": 28.6638}, "depth_m": 604, "blind": true, "strike_deg": 131, "dip_deg": 53, "length_m": 148, "width_m": 31.1, "shape": "lens", "host": "arc_volcanic", "chance": 0.35, "seen_by": {"gravity": true, "magnetics": true}, "water_depth_m": 0}}, {"type": "Feature", "geometry": {"type": "Point", "coordinates": [-86.82649, 2.12236]}, "properties": {"id": "TRE2-CHR-009643D-05", "district_id": "TRE2-CHR-009643D", "belt_id": "TRE2-CHR-B0002", "kind": "chromite", "name": "podiform chromite", "tonnage_mt": 0.0158, "grades": {"Cr2O3 %": 39.6504}, "depth_m": 504, "blind": true, "strike_deg": 132, "dip_deg": 74, "length_m": 258, "width_m": 30.7, "shape": "lens", "host": "arc_volcanic", "chance": 0.35, "seen_by": {"gravity": true, "magnetics": true}, "water_depth_m": 0}}, {"type": "Feature", "geometry": {"type": "Point", "coordinates": [-86.82711, 2.12117]}, "properties": {"id": "TRE2-CHR-009643D-06", "district_id": "TRE2-CHR-009643D", "belt_id": "TRE2-CHR-B0002", "kind": "chromite", "name": "podiform chromite", "tonnage_mt": 0.0111, "grades": {"Cr2O3 %": 26.7227}, "depth_m": 429, "blind": true, "strike_deg": 131, "dip_deg": 80, "length_m": 445, "width_m": 40.6, "shape": "lens", "host": "arc_volcanic", "chance": 0.35, "seen_by": {"gravity": true, "magnetics": true}, "water_depth_m": 0}}, {"type": "Feature", "geometry": {"type": "Point", "coordinates": [-86.86403, 2.08538]}, "properties": {"id": "TRE2-CHR-009643D-07", "district_id": "TRE2-CHR-009643D", "belt_id": "TRE2-CHR-B0002", "kind": "chromite", "name": "podiform chromite", "tonnage_mt": 0.0073, "grades": {"Cr2O3 %": 26.4469}, "depth_m": 540, "blind": true, "strike_deg": 151, "dip_deg": 64, "length_m": 183, "width_m": 42.4, "shape": "lens", "host": "arc_volcanic", "chance": 0.35, "seen_by": {"gravity": true, "magnetics": true}, "water_depth_m": 0}}, {"type": "Feature", "geometry": {"type": "Point", "coordinates": [-86.88144, 2.12692]}, "properties": {"id": "TRE2-CHR-009643D-08", "district_id": "TRE2-CHR-009643D", "belt_id": "TRE2-CHR-B0002", "kind": "chromite", "name": "podiform chromite", "tonnage_mt": 0.0925, "grades": {"Cr2O3 %": 55.9734}, "depth_m": 776, "blind": true, "strike_deg": 141, "dip_deg": 34, "length_m": 109, "width_m": 23.2, "shape": "lens", "host": "arc_volcanic", "chance": 0.35, "seen_by": {"gravity": true, "magnetics": true}, "water_depth_m": 0}}, {"type": "Feature", "geometry": {"type": "Point", "coordinates": [-86.79803, 2.09497]}, "properties": {"id": "TRE2-CHR-009643D-09", "district_id": "TRE2-CHR-009643D", "belt_id": "TRE2-CHR-B0002", "kind": "chromite", "name": "podiform chromite", "tonnage_mt": 0.2066, "grades": {"Cr2O3 %": 44.5154}, "depth_m": 706, "blind": true, "strike_deg": 133, "dip_deg": 79, "length_m": 486, "width_m": 40.7, "shape": "lens", "host": "arc_volcanic", "chance": 0.35, "seen_by": {"gravity": true, "magnetics": true}, "water_depth_m": 0}}, {"type": "Feature", "geometry": {"type": "Point", "coordinates": [-85.97723, 2.3277]}, "properties": {"id": "TRE2-CHR-009643E-01", "district_id": "TRE2-CHR-009643E", "belt_id": "TRE2-CHR-B0002", "kind": "chromite", "name": "podiform chromite", "tonnage_mt": 0.0017, "grades": {"Cr2O3 %": 33.2826}, "depth_m": 409, "blind": true, "strike_deg": 127, "dip_deg": 62, "length_m": 232, "width_m": 53.2, "shape": "lens", "host": "arc_volcanic", "chance": 0.35, "seen_by": {"gravity": true, "magnetics": true}, "water_depth_m": 0}}, {"type": "Feature", "geometry": {"type": "Point", "coordinates": [-85.92529, 2.33441]}, "properties": {"id": "TRE2-CHR-009643E-02", "district_id": "TRE2-CHR-009643E", "belt_id": "TRE2-CHR-B0002", "kind": "chromite", "name": "podiform chromite", "tonnage_mt": 0.0053, "grades": {"Cr2O3 %": 56.325}, "depth_m": 648, "blind": true, "strike_deg": 126, "dip_deg": 80, "length_m": 322, "width_m": 33.9, "shape": "lens", "host": "arc_volcanic", "chance": 0.35, "seen_by": {"gravity": true, "magnetics": true}, "water_depth_m": 0}}, {"type": "Feature", "geometry": {"type": "Point", "coordinates": [-85.93743, 2.3531]}, "properties": {"id": "TRE2-CHR-009643E-03", "district_id": "TRE2-CHR-009643E", "belt_id": "TRE2-CHR-B0002", "kind": "chromite", "name": "podiform chromite", "tonnage_mt": 0.032, "grades": {"Cr2O3 %": 59.7169}, "depth_m": 625, "blind": true, "strike_deg": 137, "dip_deg": 79, "length_m": 109, "width_m": 68.6, "shape": "lens", "host": "arc_volcanic", "chance": 0.35, "seen_by": {"gravity": true, "magnetics": true}, "water_depth_m": 0}}, {"type": "Feature", "geometry": {"type": "Point", "coordinates": [-85.95707, 2.32445]}, "properties": {"id": "TRE2-CHR-009643E-04", "district_id": "TRE2-CHR-009643E", "belt_id": "TRE2-CHR-B0002", "kind": "chromite", "name": "podiform chromite", "tonnage_mt": 0.3178, "grades": {"Cr2O3 %": 51.8176}, "depth_m": 830, "blind": true, "strike_deg": 127, "dip_deg": 32, "length_m": 215, "width_m": 37.3, "shape": "lens", "host": "arc_volcanic", "chance": 0.35, "seen_by": {"gravity": false, "magnetics": false}, "water_depth_m": 0}}, {"type": "Feature", "geometry": {"type": "Point", "coordinates": [-85.93877, 2.36057]}, "properties": {"id": "TRE2-CHR-009643E-05", "district_id": "TRE2-CHR-009643E", "belt_id": "TRE2-CHR-B0002", "kind": "chromite", "name": "podiform chromite", "tonnage_mt": 0.0038, "grades": {"Cr2O3 %": 40.4042}, "depth_m": 506, "blind": true, "strike_deg": 153, "dip_deg": 52, "length_m": 219, "width_m": 18.7, "shape": "lens", "host": "arc_volcanic", "chance": 0.35, "seen_by": {"gravity": true, "magnetics": true}, "water_depth_m": 0}}, {"type": "Feature", "geometry": {"type": "Point", "coordinates": [-85.94816, 2.39986]}, "properties": {"id": "TRE2-CHR-009643E-06", "district_id": "TRE2-CHR-009643E", "belt_id": "TRE2-CHR-B0002", "kind": "chromite", "name": "podiform chromite", "tonnage_mt": 0.0098, "grades": {"Cr2O3 %": 39.9689}, "depth_m": 642, "blind": true, "strike_deg": 129, "dip_deg": 69, "length_m": 155, "width_m": 27.0, "shape": "lens", "host": "arc_volcanic", "chance": 0.35, "seen_by": {"gravity": true, "magnetics": true}, "water_depth_m": 0}}, {"type": "Feature", "geometry": {"type": "Point", "coordinates": [-85.87167, 2.37169]}, "properties": {"id": "TRE2-CHR-009643E-07", "district_id": "TRE2-CHR-009643E", "belt_id": "TRE2-CHR-B0002", "kind": "chromite", "name": "podiform chromite", "tonnage_mt": 0.0119, "grades": {"Cr2O3 %": 84.4393}, "depth_m": 749, "blind": true, "strike_deg": 126, "dip_deg": 72, "length_m": 205, "width_m": 29.0, "shape": "lens", "host": "arc_volcanic", "chance": 0.35, "seen_by": {"gravity": true, "magnetics": true}, "water_depth_m": 0}}, {"type": "Feature", "geometry": {"type": "Point", "coordinates": [-85.95464, 2.37087]}, "properties": {"id": "TRE2-CHR-009643E-08", "district_id": "TRE2-CHR-009643E", "belt_id": "TRE2-CHR-B0002", "kind": "chromite", "name": "podiform chromite", "tonnage_mt": 0.0684, "grades": {"Cr2O3 %": 26.8253}, "depth_m": 544, "blind": true, "strike_deg": 134, "dip_deg": 50, "length_m": 325, "width_m": 21.9, "shape": "lens", "host": "arc_volcanic", "chance": 0.35, "seen_by": {"gravity": true, "magnetics": true}, "water_depth_m": 0}}, {"type": "Feature", "geometry": {"type": "Point", "coordinates": [-85.90599, 2.39734]}, "properties": {"id": "TRE2-CHR-009643E-09", "district_id": "TRE2-CHR-009643E", "belt_id": "TRE2-CHR-B0002", "kind": "chromite", "name": "podiform chromite", "tonnage_mt": 0.0025, "grades": {"Cr2O3 %": 74.4482}, "depth_m": 708, "blind": true, "strike_deg": 145, "dip_deg": 43, "length_m": 404, "width_m": 13.0, "shape": "lens", "host": "arc_volcanic", "chance": 0.35, "seen_by": {"gravity": true, "magnetics": true}, "water_depth_m": 0}}, {"type": "Feature", "geometry": {"type": "Point", "coordinates": [-85.9435, 2.36402]}, "properties": {"id": "TRE2-CHR-009643E-10", "district_id": "TRE2-CHR-009643E", "belt_id": "TRE2-CHR-B0002", "kind": "chromite", "name": "podiform chromite", "tonnage_mt": 0.0011, "grades": {"Cr2O3 %": 81.5717}, "depth_m": 492, "blind": true, "strike_deg": 144, "dip_deg": 56, "length_m": 210, "width_m": 25.4, "shape": "lens", "host": "arc_volcanic", "chance": 0.35, "seen_by": {"gravity": true, "magnetics": true}, "water_depth_m": 0}}, {"type": "Feature", "geometry": {"type": "Point", "coordinates": [-85.95268, 2.4199]}, "properties": {"id": "TRE2-CHR-009643E-11", "district_id": "TRE2-CHR-009643E", "belt_id": "TRE2-CHR-B0002", "kind": "chromite", "name": "podiform chromite", "tonnage_mt": 0.0218, "grades": {"Cr2O3 %": 72.185}, "depth_m": 634, "blind": true, "strike_deg": 138, "dip_deg": 37, "length_m": 234, "width_m": 29.7, "shape": "lens", "host": "arc_volcanic", "chance": 0.35, "seen_by": {"gravity": true, "magnetics": true}, "water_depth_m": 0}}, {"type": "Feature", "geometry": {"type": "Point", "coordinates": [-85.94954, 2.37549]}, "properties": {"id": "TRE2-CHR-009643E-12", "district_id": "TRE2-CHR-009643E", "belt_id": "TRE2-CHR-B0002", "kind": "chromite", "name": "podiform chromite", "tonnage_mt": 0.0136, "grades": {"Cr2O3 %": 43.9966}, "depth_m": 571, "blind": true, "strike_deg": 133, "dip_deg": 76, "length_m": 111, "width_m": 32.0, "shape": "lens", "host": "arc_volcanic", "chance": 0.35, "seen_by": {"gravity": true, "magnetics": true}, "water_depth_m": 0}}, {"type": "Feature", "geometry": {"type": "Point", "coordinates": [-85.95204, 2.39362]}, "properties": {"id": "TRE2-CHR-009643E-13", "district_id": "TRE2-CHR-009643E", "belt_id": "TRE2-CHR-B0002", "kind": "chromite", "name": "podiform chromite", "tonnage_mt": 0.0088, "grades": {"Cr2O3 %": 69.3374}, "depth_m": 660, "blind": true, "strike_deg": 144, "dip_deg": 57, "length_m": 140, "width_m": 27.9, "shape": "lens", "host": "arc_volcanic", "chance": 0.35, "seen_by": {"gravity": true, "magnetics": true}, "water_depth_m": 0}}, {"type": "Feature", "geometry": {"type": "Point", "coordinates": [-85.98469, 2.34067]}, "properties": {"id": "TRE2-CHR-009643E-14", "district_id": "TRE2-CHR-009643E", "belt_id": "TRE2-CHR-B0002", "kind": "chromite", "name": "podiform chromite", "tonnage_mt": 0.0036, "grades": {"Cr2O3 %": 24.2564}, "depth_m": 793, "blind": true, "strike_deg": 134, "dip_deg": 35, "length_m": 183, "width_m": 32.4, "shape": "lens", "host": "arc_volcanic", "chance": 0.35, "seen_by": {"gravity": true, "magnetics": true}, "water_depth_m": 0}}, {"type": "Feature", "geometry": {"type": "Point", "coordinates": [-85.9617, 2.35796]}, "properties": {"id": "TRE2-CHR-009643E-15", "district_id": "TRE2-CHR-009643E", "belt_id": "TRE2-CHR-B0002", "kind": "chromite", "name": "podiform chromite", "tonnage_mt": 0.0098, "grades": {"Cr2O3 %": 52.4487}, "depth_m": 491, "blind": true, "strike_deg": 124, "dip_deg": 76, "length_m": 253, "width_m": 52.5, "shape": "lens", "host": "arc_volcanic", "chance": 0.35, "seen_by": {"gravity": true, "magnetics": true}, "water_depth_m": 0}}, {"type": "Feature", "geometry": {"type": "Point", "coordinates": [-97.00913, -0.20883]}, "properties": {"id": "TRE2-CHR-010096A-01", "district_id": "TRE2-CHR-010096A", "belt_id": "TRE2-CHR-B0003", "kind": "chromite", "name": "podiform chromite", "tonnage_mt": 0.0038, "grades": {"Cr2O3 %": 23.996}, "depth_m": 0, "blind": false, "strike_deg": 41, "dip_deg": 51, "length_m": 179, "width_m": 35.3, "shape": "lens", "host": "schist", "chance": 0.35, "seen_by": {"gravity": true, "magnetics": true}, "water_depth_m": 0}}, {"type": "Feature", "geometry": {"type": "Point", "coordinates": [-97.01419, -0.2403]}, "properties": {"id": "TRE2-CHR-010096A-02", "district_id": "TRE2-CHR-010096A", "belt_id": "TRE2-CHR-B0003", "kind": "chromite", "name": "podiform chromite", "tonnage_mt": 0.0005, "grades": {"Cr2O3 %": 81.6395}, "depth_m": 0, "blind": false, "strike_deg": 43, "dip_deg": 70, "length_m": 247, "width_m": 38.3, "shape": "lens", "host": "schist", "chance": 0.35, "seen_by": {"gravity": true, "magnetics": true}, "water_depth_m": 0}}, {"type": "Feature", "geometry": {"type": "Point", "coordinates": [-96.99691, -0.22624]}, "properties": {"id": "TRE2-CHR-010096A-03", "district_id": "TRE2-CHR-010096A", "belt_id": "TRE2-CHR-B0003", "kind": "chromite", "name": "podiform chromite", "tonnage_mt": 0.0136, "grades": {"Cr2O3 %": 37.556}, "depth_m": 0, "blind": false, "strike_deg": 82, "dip_deg": 64, "length_m": 211, "width_m": 12.1, "shape": "lens", "host": "schist", "chance": 0.35, "seen_by": {"gravity": true, "magnetics": true}, "water_depth_m": 0}}, {"type": "Feature", "geometry": {"type": "Point", "coordinates": [-96.97505, -0.24939]}, "properties": {"id": "TRE2-CHR-010096A-04", "district_id": "TRE2-CHR-010096A", "belt_id": "TRE2-CHR-B0003", "kind": "chromite", "name": "podiform chromite", "tonnage_mt": 0.0001, "grades": {"Cr2O3 %": 46.3338}, "depth_m": 0, "blind": false, "strike_deg": 63, "dip_deg": 35, "length_m": 175, "width_m": 16.2, "shape": "lens", "host": "schist", "chance": 0.35, "seen_by": {"gravity": true, "magnetics": true}, "water_depth_m": 0}}, {"type": "Feature", "geometry": {"type": "Point", "coordinates": [-96.98857, -0.21154]}, "properties": {"id": "TRE2-CHR-010096A-05", "district_id": "TRE2-CHR-010096A", "belt_id": "TRE2-CHR-B0003", "kind": "chromite", "name": "podiform chromite", "tonnage_mt": 0.0057, "grades": {"Cr2O3 %": 56.9093}, "depth_m": 0, "blind": false, "strike_deg": 66, "dip_deg": 76, "length_m": 260, "width_m": 38.1, "shape": "lens", "host": "schist", "chance": 0.35, "seen_by": {"gravity": true, "magnetics": true}, "water_depth_m": 0}}, {"type": "Feature", "geometry": {"type": "Point", "coordinates": [-97.07183, -0.24642]}, "properties": {"id": "TRE2-CHR-010096A-06", "district_id": "TRE2-CHR-010096A", "belt_id": "TRE2-CHR-B0003", "kind": "chromite", "name": "podiform chromite", "tonnage_mt": 0.0004, "grades": {"Cr2O3 %": 41.9873}, "depth_m": 0, "blind": false, "strike_deg": 54, "dip_deg": 46, "length_m": 157, "width_m": 21.9, "shape": "lens", "host": "schist", "chance": 0.35, "seen_by": {"gravity": true, "magnetics": true}, "water_depth_m": 0}}, {"type": "Feature", "geometry": {"type": "Point", "coordinates": [-97.01414, -0.2186]}, "properties": {"id": "TRE2-CHR-010096A-07", "district_id": "TRE2-CHR-010096A", "belt_id": "TRE2-CHR-B0003", "kind": "chromite", "name": "podiform chromite", "tonnage_mt": 0.0014, "grades": {"Cr2O3 %": 25.7509}, "depth_m": 0, "blind": false, "strike_deg": 45, "dip_deg": 30, "length_m": 231, "width_m": 51.0, "shape": "lens", "host": "schist", "chance": 0.35, "seen_by": {"gravity": true, "magnetics": true}, "water_depth_m": 0}}, {"type": "Feature", "geometry": {"type": "Point", "coordinates": [-97.03972, -0.28089]}, "properties": {"id": "TRE2-CHR-010096A-08", "district_id": "TRE2-CHR-010096A", "belt_id": "TRE2-CHR-B0003", "kind": "chromite", "name": "podiform chromite", "tonnage_mt": 0.001, "grades": {"Cr2O3 %": 39.0874}, "depth_m": 0, "blind": false, "strike_deg": 31, "dip_deg": 67, "length_m": 232, "width_m": 47.0, "shape": "lens", "host": "schist", "chance": 0.35, "seen_by": {"gravity": true, "magnetics": true}, "water_depth_m": 0}}, {"type": "Feature", "geometry": {"type": "Point", "coordinates": [-97.00436, -0.30103]}, "properties": {"id": "TRE2-CHR-010096A-09", "district_id": "TRE2-CHR-010096A", "belt_id": "TRE2-CHR-B0003", "kind": "chromite", "name": "podiform chromite", "tonnage_mt": 0.0007, "grades": {"Cr2O3 %": 62.3391}, "depth_m": 0, "blind": false, "strike_deg": 45, "dip_deg": 59, "length_m": 102, "width_m": 18.8, "shape": "lens", "host": "schist", "chance": 0.35, "seen_by": {"gravity": true, "magnetics": true}, "water_depth_m": 0}}, {"type": "Feature", "geometry": {"type": "Point", "coordinates": [113.35573, -53.91165]}, "properties": {"id": "TRE2-CHR-018069A-01", "district_id": "TRE2-CHR-018069A", "belt_id": "TRE2-CHR-B0004", "kind": "chromite", "name": "podiform chromite", "tonnage_mt": 0.0045, "grades": {"Cr2O3 %": 71.36}, "depth_m": 0, "blind": false, "strike_deg": 61, "dip_deg": 39, "length_m": 158, "width_m": 24.0, "shape": "lens", "host": "arc_volcanic", "chance": 0.35, "seen_by": {"gravity": true, "magnetics": true}, "water_depth_m": 0}}, {"type": "Feature", "geometry": {"type": "Point", "coordinates": [113.43951, -53.95233]}, "properties": {"id": "TRE2-CHR-018069A-02", "district_id": "TRE2-CHR-018069A", "belt_id": "TRE2-CHR-B0004", "kind": "chromite", "name": "podiform chromite", "tonnage_mt": 0.0135, "grades": {"Cr2O3 %": 32.9274}, "depth_m": 0, "blind": false, "strike_deg": 61, "dip_deg": 30, "length_m": 159, "width_m": 24.9, "shape": "lens", "host": "arc_volcanic", "chance": 0.35, "seen_by": {"gravity": true, "magnetics": true}, "water_depth_m": 0}}, {"type": "Feature", "geometry": {"type": "Point", "coordinates": [113.47768, -53.93699]}, "properties": {"id": "TRE2-CHR-018069A-03", "district_id": "TRE2-CHR-018069A", "belt_id": "TRE2-CHR-B0004", "kind": "chromite", "name": "podiform chromite", "tonnage_mt": 0.0484, "grades": {"Cr2O3 %": 39.3539}, "depth_m": 0, "blind": false, "strike_deg": 64, "dip_deg": 71, "length_m": 256, "width_m": 36.9, "shape": "lens", "host": "arc_volcanic", "chance": 0.35, "seen_by": {"gravity": true, "magnetics": true}, "water_depth_m": 0}}, {"type": "Feature", "geometry": {"type": "Point", "coordinates": [113.2939, -53.96055]}, "properties": {"id": "TRE2-CHR-018069A-04", "district_id": "TRE2-CHR-018069A", "belt_id": "TRE2-CHR-B0004", "kind": "chromite", "name": "podiform chromite", "tonnage_mt": 0.0077, "grades": {"Cr2O3 %": 37.0795}, "depth_m": 0, "blind": false, "strike_deg": 73, "dip_deg": 30, "length_m": 236, "width_m": 42.0, "shape": "lens", "host": "arc_volcanic", "chance": 0.35, "seen_by": {"gravity": true, "magnetics": true}, "water_depth_m": 0}}, {"type": "Feature", "geometry": {"type": "Point", "coordinates": [113.56883, -53.97399]}, "properties": {"id": "TRE2-CHR-018069A-05", "district_id": "TRE2-CHR-018069A", "belt_id": "TRE2-CHR-B0004", "kind": "chromite", "name": "podiform chromite", "tonnage_mt": 0.0033, "grades": {"Cr2O3 %": 37.0715}, "depth_m": 0, "blind": false, "strike_deg": 72, "dip_deg": 39, "length_m": 116, "width_m": 23.7, "shape": "lens", "host": "arc_volcanic", "chance": 0.35, "seen_by": {"gravity": true, "magnetics": true}, "water_depth_m": 0}}, {"type": "Feature", "geometry": {"type": "Point", "coordinates": [113.35551, -53.97578]}, "properties": {"id": "TRE2-CHR-018069A-06", "district_id": "TRE2-CHR-018069A", "belt_id": "TRE2-CHR-B0004", "kind": "chromite", "name": "podiform chromite", "tonnage_mt": 0.0004, "grades": {"Cr2O3 %": 40.0757}, "depth_m": 0, "blind": false, "strike_deg": 69, "dip_deg": 33, "length_m": 215, "width_m": 22.8, "shape": "lens", "host": "arc_volcanic", "chance": 0.35, "seen_by": {"gravity": true, "magnetics": true}, "water_depth_m": 0}}, {"type": "Feature", "geometry": {"type": "Point", "coordinates": [113.41794, -53.95915]}, "properties": {"id": "TRE2-CHR-018069A-07", "district_id": "TRE2-CHR-018069A", "belt_id": "TRE2-CHR-B0004", "kind": "chromite", "name": "podiform chromite", "tonnage_mt": 0.0291, "grades": {"Cr2O3 %": 31.6101}, "depth_m": 0, "blind": false, "strike_deg": 51, "dip_deg": 71, "length_m": 225, "width_m": 35.1, "shape": "lens", "host": "arc_volcanic", "chance": 0.35, "seen_by": {"gravity": true, "magnetics": true}, "water_depth_m": 0}}, {"type": "Feature", "geometry": {"type": "Point", "coordinates": [-30.86908, 47.57477]}, "properties": {"id": "TRE2-BIF-002587A-01", "district_id": "TRE2-BIF-002587A", "belt_id": null, "kind": "iron_formation", "name": "banded iron formation", "tonnage_mt": 59.5461, "grades": {"Fe %": 52.4306}, "depth_m": 0, "blind": false, "strike_deg": 50, "dip_deg": 17, "length_m": 14278, "width_m": 230.8, "shape": "strata", "host": "arc_volcanic", "chance": 0.149, "seen_by": {"magnetics": true, "gravity": true, "geochemistry": true}, "water_depth_m": 0}}, {"type": "Feature", "geometry": {"type": "Point", "coordinates": [-178.48118, 40.45705]}, "properties": {"id": "TRE2-BIF-003507A-01", "district_id": "TRE2-BIF-003507A", "belt_id": "TRE2-BIF-B0001", "kind": "iron_formation", "name": "banded iron formation", "tonnage_mt": 36.8866, "grades": {"Fe %": 38.2771}, "depth_m": 880, "blind": true, "strike_deg": 74, "dip_deg": 6, "length_m": 17285, "width_m": 512.6, "shape": "strata", "host": "arc_plutonic", "chance": 0.783, "seen_by": {"magnetics": false, "gravity": false, "geochemistry": false}, "water_depth_m": 0}}, {"type": "Feature", "geometry": {"type": "Point", "coordinates": [-179.1287, 40.4094]}, "properties": {"id": "TRE2-BIF-003507A-02", "district_id": "TRE2-BIF-003507A", "belt_id": "TRE2-BIF-B0001", "kind": "iron_formation", "name": "banded iron formation", "tonnage_mt": 227.9679, "grades": {"Fe %": 43.34}, "depth_m": 940, "blind": true, "strike_deg": 95, "dip_deg": 37, "length_m": 24979, "width_m": 302.6, "shape": "strata", "host": "arc_plutonic", "chance": 0.783, "seen_by": {"magnetics": false, "gravity": false, "geochemistry": false}, "water_depth_m": 0}}, {"type": "Feature", "geometry": {"type": "Point", "coordinates": [-177.9383, 40.51707]}, "properties": {"id": "TRE2-BIF-003507A-03", "district_id": "TRE2-BIF-003507A", "belt_id": "TRE2-BIF-B0001", "kind": "iron_formation", "name": "banded iron formation", "tonnage_mt": 432.0486, "grades": {"Fe %": 106.223}, "depth_m": 957, "blind": true, "strike_deg": 85, "dip_deg": 10, "length_m": 15772, "width_m": 568.0, "shape": "strata", "host": "arc_plutonic", "chance": 0.783, "seen_by": {"magnetics": false, "gravity": false, "geochemistry": false}, "water_depth_m": 0}}, {"type": "Feature", "geometry": {"type": "Point", "coordinates": [-178.28106, 40.41384]}, "properties": {"id": "TRE2-BIF-003507A-04", "district_id": "TRE2-BIF-003507A", "belt_id": "TRE2-BIF-B0001", "kind": "iron_formation", "name": "banded iron formation", "tonnage_mt": 289.3991, "grades": {"Fe %": 38.5136}, "depth_m": 771, "blind": true, "strike_deg": 99, "dip_deg": 12, "length_m": 16407, "width_m": 329.0, "shape": "strata", "host": "arc_plutonic", "chance": 0.783, "seen_by": {"magnetics": true, "gravity": true, "geochemistry": false}, "water_depth_m": 0}}, {"type": "Feature", "geometry": {"type": "Point", "coordinates": [-178.18196, 39.84934]}, "properties": {"id": "TRE2-BIF-003507B-01", "district_id": "TRE2-BIF-003507B", "belt_id": "TRE2-BIF-B0001", "kind": "iron_formation", "name": "banded iron formation", "tonnage_mt": 600.8981, "grades": {"Fe %": 38.6104}, "depth_m": 839, "blind": true, "strike_deg": 79, "dip_deg": 5, "length_m": 7916, "width_m": 562.7, "shape": "strata", "host": "arc_plutonic", "chance": 0.783, "seen_by": {"magnetics": false, "gravity": false, "geochemistry": false}, "water_depth_m": 0}}, {"type": "Feature", "geometry": {"type": "Point", "coordinates": [-179.1959, 39.76528]}, "properties": {"id": "TRE2-BIF-003507B-02", "district_id": "TRE2-BIF-003507B", "belt_id": "TRE2-BIF-B0001", "kind": "iron_formation", "name": "banded iron formation", "tonnage_mt": 1053.9401, "grades": {"Fe %": 56.8868}, "depth_m": 894, "blind": true, "strike_deg": 79, "dip_deg": 14, "length_m": 22774, "width_m": 296.8, "shape": "strata", "host": "arc_plutonic", "chance": 0.783, "seen_by": {"magnetics": false, "gravity": false, "geochemistry": false}, "water_depth_m": 0}}, {"type": "Feature", "geometry": {"type": "Point", "coordinates": [161.2936, 37.71048]}, "properties": {"id": "TRE2-BIF-003892A-01", "district_id": "TRE2-BIF-003892A", "belt_id": "TRE2-BIF-B0002", "kind": "iron_formation", "name": "banded iron formation", "tonnage_mt": 170.1062, "grades": {"Fe %": 74.0231}, "depth_m": 252, "blind": false, "strike_deg": 70, "dip_deg": 9, "length_m": 8468, "width_m": 509.7, "shape": "strata", "host": "arc_plutonic", "chance": 0.869, "seen_by": {"magnetics": true, "gravity": true, "geochemistry": false}, "water_depth_m": 0}}, {"type": "Feature", "geometry": {"type": "Point", "coordinates": [161.21273, 37.66978]}, "properties": {"id": "TRE2-BIF-003892A-02", "district_id": "TRE2-BIF-003892A", "belt_id": "TRE2-BIF-B0002", "kind": "iron_formation", "name": "banded iron formation", "tonnage_mt": 2110.6003, "grades": {"Fe %": 42.1986}, "depth_m": 63, "blind": false, "strike_deg": 68, "dip_deg": 6, "length_m": 16842, "width_m": 219.7, "shape": "strata", "host": "arc_plutonic", "chance": 0.869, "seen_by": {"magnetics": true, "gravity": true, "geochemistry": false}, "water_depth_m": 0}}, {"type": "Feature", "geometry": {"type": "Point", "coordinates": [161.0455, 35.82385]}, "properties": {"id": "TRE2-BIF-004125A-01", "district_id": "TRE2-BIF-004125A", "belt_id": "TRE2-BIF-B0002", "kind": "iron_formation", "name": "banded iron formation", "tonnage_mt": 51.0718, "grades": {"Fe %": 50.5042}, "depth_m": 229, "blind": false, "strike_deg": 75, "dip_deg": 21, "length_m": 8240, "width_m": 452.4, "shape": "strata", "host": "arc_plutonic", "chance": 0.869, "seen_by": {"magnetics": true, "gravity": true, "geochemistry": false}, "water_depth_m": 0}}, {"type": "Feature", "geometry": {"type": "Point", "coordinates": [161.08662, 35.83489]}, "properties": {"id": "TRE2-BIF-004125A-02", "district_id": "TRE2-BIF-004125A", "belt_id": "TRE2-BIF-B0002", "kind": "iron_formation", "name": "banded iron formation", "tonnage_mt": 388.2589, "grades": {"Fe %": 67.5081}, "depth_m": 321, "blind": true, "strike_deg": 74, "dip_deg": 16, "length_m": 24001, "width_m": 415.4, "shape": "strata", "host": "arc_plutonic", "chance": 0.869, "seen_by": {"magnetics": true, "gravity": true, "geochemistry": false}, "water_depth_m": 0}}, {"type": "Feature", "geometry": {"type": "Point", "coordinates": [-13.58212, -0.1543]}, "properties": {"id": "TRE2-BIF-010009A-01", "district_id": "TRE2-BIF-010009A", "belt_id": null, "kind": "iron_formation", "name": "banded iron formation", "tonnage_mt": 53.6266, "grades": {"Fe %": 87.1671}, "depth_m": 0, "blind": false, "strike_deg": 114, "dip_deg": 28, "length_m": 21496, "width_m": 392.7, "shape": "strata", "host": "arc_plutonic", "chance": 0.159, "seen_by": {"magnetics": true, "gravity": true, "geochemistry": true}, "water_depth_m": 0}}, {"type": "Feature", "geometry": {"type": "Point", "coordinates": [-13.70518, -0.02476]}, "properties": {"id": "TRE2-BIF-010009A-02", "district_id": "TRE2-BIF-010009A", "belt_id": null, "kind": "iron_formation", "name": "banded iron formation", "tonnage_mt": 47.5909, "grades": {"Fe %": 76.1905}, "depth_m": 0, "blind": false, "strike_deg": 100, "dip_deg": 15, "length_m": 21161, "width_m": 660.9, "shape": "strata", "host": "arc_plutonic", "chance": 0.159, "seen_by": {"magnetics": true, "gravity": true, "geochemistry": true}, "water_depth_m": 0}}, {"type": "Feature", "geometry": {"type": "Point", "coordinates": [-14.715, 0.22578]}, "properties": {"id": "TRE2-BIF-010009B-01", "district_id": "TRE2-BIF-010009B", "belt_id": null, "kind": "iron_formation", "name": "banded iron formation", "tonnage_mt": 92.094, "grades": {"Fe %": 49.0659}, "depth_m": 0, "blind": false, "strike_deg": 113, "dip_deg": 24, "length_m": 15909, "width_m": 503.1, "shape": "strata", "host": "arc_plutonic", "chance": 0.159, "seen_by": {"magnetics": true, "gravity": true, "geochemistry": true}, "water_depth_m": 0}}, {"type": "Feature", "geometry": {"type": "Point", "coordinates": [-14.67644, 0.2488]}, "properties": {"id": "TRE2-BIF-010009B-02", "district_id": "TRE2-BIF-010009B", "belt_id": null, "kind": "iron_formation", "name": "banded iron formation", "tonnage_mt": 6.1271, "grades": {"Fe %": 78.7745}, "depth_m": 0, "blind": false, "strike_deg": 102, "dip_deg": 39, "length_m": 20261, "width_m": 299.1, "shape": "strata", "host": "arc_plutonic", "chance": 0.159, "seen_by": {"magnetics": true, "gravity": true, "geochemistry": true}, "water_depth_m": 0}}, {"type": "Feature", "geometry": {"type": "Point", "coordinates": [-14.22957, 0.09988]}, "properties": {"id": "TRE2-BIF-010009B-03", "district_id": "TRE2-BIF-010009B", "belt_id": null, "kind": "iron_formation", "name": "banded iron formation", "tonnage_mt": 72.459, "grades": {"Fe %": 117.587}, "depth_m": 0, "blind": false, "strike_deg": 112, "dip_deg": 27, "length_m": 18293, "width_m": 258.4, "shape": "strata", "host": "arc_plutonic", "chance": 0.159, "seen_by": {"magnetics": true, "gravity": true, "geochemistry": true}, "water_depth_m": 0}}, {"type": "Feature", "geometry": {"type": "Point", "coordinates": [-171.5148, -25.36438]}, "properties": {"id": "TRE2-BIF-014199A-01", "district_id": "TRE2-BIF-014199A", "belt_id": "TRE2-BIF-B0006", "kind": "iron_formation", "name": "banded iron formation", "tonnage_mt": 308.2564, "grades": {"Fe %": 63.87}, "depth_m": 0, "blind": false, "strike_deg": 90, "dip_deg": 31, "length_m": 10866, "width_m": 397.7, "shape": "strata", "host": "carbonate", "chance": 0.494, "seen_by": {"magnetics": true, "gravity": true, "geochemistry": true}, "water_depth_m": 0}}, {"type": "Feature", "geometry": {"type": "Point", "coordinates": [-171.76698, -24.6837]}, "properties": {"id": "TRE2-BIF-014199B-01", "district_id": "TRE2-BIF-014199B", "belt_id": "TRE2-BIF-B0006", "kind": "iron_formation", "name": "banded iron formation", "tonnage_mt": 58.1765, "grades": {"Fe %": 45.8404}, "depth_m": 16, "blind": false, "strike_deg": 102, "dip_deg": 25, "length_m": 19438, "width_m": 495.0, "shape": "strata", "host": "carbonate", "chance": 0.494, "seen_by": {"magnetics": true, "gravity": true, "geochemistry": true}, "water_depth_m": 0}}, {"type": "Feature", "geometry": {"type": "Point", "coordinates": [-170.75298, -25.00695]}, "properties": {"id": "TRE2-BIF-014199B-02", "district_id": "TRE2-BIF-014199B", "belt_id": "TRE2-BIF-B0006", "kind": "iron_formation", "name": "banded iron formation", "tonnage_mt": 100.9102, "grades": {"Fe %": 38.523}, "depth_m": 0, "blind": false, "strike_deg": 126, "dip_deg": 7, "length_m": 6504, "width_m": 345.4, "shape": "strata", "host": "carbonate", "chance": 0.494, "seen_by": {"magnetics": true, "gravity": true, "geochemistry": true}, "water_depth_m": 0}}, {"type": "Feature", "geometry": {"type": "Point", "coordinates": [-77.0553, 52.38403]}, "properties": {"id": "TRE2-MVT-002103A-01", "district_id": "TRE2-MVT-002103A", "belt_id": null, "kind": "mvt", "name": "carbonate-hosted lead\u2013zinc (MVT)", "tonnage_mt": 0.5632, "grades": {"Zn %": 3.8062, "Pb %": 1.0585, "S %": 5.2514}, "depth_m": 576, "blind": true, "strike_deg": 101, "dip_deg": 33, "length_m": 917, "width_m": 623.6, "shape": "strata", "host": "clastic", "chance": 0.142, "seen_by": {"geochemistry": false, "ip": false}, "water_depth_m": 0}}, {"type": "Feature", "geometry": {"type": "Point", "coordinates": [-76.55297, 52.35934]}, "properties": {"id": "TRE2-MVT-002103A-02", "district_id": "TRE2-MVT-002103A", "belt_id": null, "kind": "mvt", "name": "carbonate-hosted lead\u2013zinc (MVT)", "tonnage_mt": 9.0706, "grades": {"Zn %": 5.6427, "Pb %": 1.5925, "S %": 6.4623}, "depth_m": 592, "blind": true, "strike_deg": 114, "dip_deg": 37, "length_m": 580, "width_m": 302.0, "shape": "strata", "host": "clastic", "chance": 0.142, "seen_by": {"geochemistry": false, "ip": false}, "water_depth_m": 0}}, {"type": "Feature", "geometry": {"type": "Point", "coordinates": [-76.9412, 52.43117]}, "properties": {"id": "TRE2-MVT-002103A-03", "district_id": "TRE2-MVT-002103A", "belt_id": null, "kind": "mvt", "name": "carbonate-hosted lead\u2013zinc (MVT)", "tonnage_mt": 7.4897, "grades": {"Zn %": 3.4295, "Pb %": 1.3144, "S %": 12.3473}, "depth_m": 556, "blind": true, "strike_deg": 100, "dip_deg": 27, "length_m": 1175, "width_m": 405.1, "shape": "strata", "host": "clastic", "chance": 0.142, "seen_by": {"geochemistry": false, "ip": false}, "water_depth_m": 0}}, {"type": "Feature", "geometry": {"type": "Point", "coordinates": [-76.59896, 52.36422]}, "properties": {"id": "TRE2-MVT-002103A-04", "district_id": "TRE2-MVT-002103A", "belt_id": null, "kind": "mvt", "name": "carbonate-hosted lead\u2013zinc (MVT)", "tonnage_mt": 26.321, "grades": {"Zn %": 3.0014, "Pb %": 1.0125, "S %": 4.2029}, "depth_m": 349, "blind": true, "strike_deg": 78, "dip_deg": 14, "length_m": 3083, "width_m": 581.8, "shape": "strata", "host": "clastic", "chance": 0.142, "seen_by": {"geochemistry": false, "ip": true}, "water_depth_m": 0}}, {"type": "Feature", "geometry": {"type": "Point", "coordinates": [-77.14832, 52.44905]}, "properties": {"id": "TRE2-MVT-002103A-05", "district_id": "TRE2-MVT-002103A", "belt_id": null, "kind": "mvt", "name": "carbonate-hosted lead\u2013zinc (MVT)", "tonnage_mt": 2.5757, "grades": {"Zn %": 5.1542, "Pb %": 1.2659, "S %": 4.8176}, "depth_m": 489, "blind": true, "strike_deg": 99, "dip_deg": 13, "length_m": 691, "width_m": 740.3, "shape": "strata", "host": "clastic", "chance": 0.142, "seen_by": {"geochemistry": false, "ip": true}, "water_depth_m": 0}}, {"type": "Feature", "geometry": {"type": "Point", "coordinates": [-77.17435, 52.30965]}, "properties": {"id": "TRE2-MVT-002103A-06", "district_id": "TRE2-MVT-002103A", "belt_id": null, "kind": "mvt", "name": "carbonate-hosted lead\u2013zinc (MVT)", "tonnage_mt": 1.4104, "grades": {"Zn %": 3.5971, "Pb %": 1.956, "S %": 4.0655}, "depth_m": 715, "blind": true, "strike_deg": 87, "dip_deg": 38, "length_m": 1708, "width_m": 459.8, "shape": "strata", "host": "clastic", "chance": 0.142, "seen_by": {"geochemistry": false, "ip": false}, "water_depth_m": 0}}, {"type": "Feature", "geometry": {"type": "Point", "coordinates": [-104.02463, 15.43217]}, "properties": {"id": "TRE2-MVT-007389A-01", "district_id": "TRE2-MVT-007389A", "belt_id": null, "kind": "mvt", "name": "carbonate-hosted lead\u2013zinc (MVT)", "tonnage_mt": 3.305, "grades": {"Zn %": 3.3562, "Pb %": 0.631, "S %": 2.3899}, "depth_m": 55, "blind": false, "strike_deg": 3, "dip_deg": 9, "length_m": 2229, "width_m": 329.4, "shape": "strata", "host": "carbonate", "chance": 0.103, "seen_by": {"geochemistry": false, "ip": true}, "water_depth_m": 0}}, {"type": "Feature", "geometry": {"type": "Point", "coordinates": [-104.33172, 15.35904]}, "properties": {"id": "TRE2-MVT-007389A-02", "district_id": "TRE2-MVT-007389A", "belt_id": null, "kind": "mvt", "name": "carbonate-hosted lead\u2013zinc (MVT)", "tonnage_mt": 11.58, "grades": {"Zn %": 2.7206, "Pb %": 1.115, "S %": 3.3266}, "depth_m": 0, "blind": false, "strike_deg": 177, "dip_deg": 22, "length_m": 688, "width_m": 451.7, "shape": "strata", "host": "carbonate", "chance": 0.103, "seen_by": {"geochemistry": true, "ip": true}, "water_depth_m": 0}}, {"type": "Feature", "geometry": {"type": "Point", "coordinates": [-104.20396, 15.51548]}, "properties": {"id": "TRE2-MVT-007389A-03", "district_id": "TRE2-MVT-007389A", "belt_id": null, "kind": "mvt", "name": "carbonate-hosted lead\u2013zinc (MVT)", "tonnage_mt": 1.3901, "grades": {"Zn %": 5.5893, "Pb %": 0.8548, "S %": 3.1896}, "depth_m": 81, "blind": false, "strike_deg": 16, "dip_deg": 27, "length_m": 1503, "width_m": 722.5, "shape": "strata", "host": "carbonate", "chance": 0.103, "seen_by": {"geochemistry": false, "ip": true}, "water_depth_m": 0}}, {"type": "Feature", "geometry": {"type": "Point", "coordinates": [-104.16262, 15.54577]}, "properties": {"id": "TRE2-MVT-007389A-04", "district_id": "TRE2-MVT-007389A", "belt_id": null, "kind": "mvt", "name": "carbonate-hosted lead\u2013zinc (MVT)", "tonnage_mt": 7.3315, "grades": {"Zn %": 2.884, "Pb %": 0.7763, "S %": 6.1739}, "depth_m": 182, "blind": false, "strike_deg": 11, "dip_deg": 25, "length_m": 1614, "width_m": 232.6, "shape": "strata", "host": "carbonate", "chance": 0.103, "seen_by": {"geochemistry": false, "ip": true}, "water_depth_m": 0}}, {"type": "Feature", "geometry": {"type": "Point", "coordinates": [-104.22299, 15.38717]}, "properties": {"id": "TRE2-MVT-007389A-05", "district_id": "TRE2-MVT-007389A", "belt_id": null, "kind": "mvt", "name": "carbonate-hosted lead\u2013zinc (MVT)", "tonnage_mt": 0.4785, "grades": {"Zn %": 3.4171, "Pb %": 0.8894, "S %": 4.4269}, "depth_m": 0, "blind": false, "strike_deg": 7, "dip_deg": 23, "length_m": 1410, "width_m": 554.9, "shape": "strata", "host": "carbonate", "chance": 0.103, "seen_by": {"geochemistry": true, "ip": true}, "water_depth_m": 0}}, {"type": "Feature", "geometry": {"type": "Point", "coordinates": [-104.30097, 15.3985]}, "properties": {"id": "TRE2-MVT-007389A-06", "district_id": "TRE2-MVT-007389A", "belt_id": null, "kind": "mvt", "name": "carbonate-hosted lead\u2013zinc (MVT)", "tonnage_mt": 29.4488, "grades": {"Zn %": 4.1537, "Pb %": 0.7771, "S %": 3.4468}, "depth_m": 81, "blind": false, "strike_deg": 2, "dip_deg": 32, "length_m": 1680, "width_m": 456.0, "shape": "strata", "host": "carbonate", "chance": 0.103, "seen_by": {"geochemistry": false, "ip": true}, "water_depth_m": 0}}, {"type": "Feature", "geometry": {"type": "Point", "coordinates": [-104.36998, 15.02562]}, "properties": {"id": "TRE2-MVT-007389A-07", "district_id": "TRE2-MVT-007389A", "belt_id": null, "kind": "mvt", "name": "carbonate-hosted lead\u2013zinc (MVT)", "tonnage_mt": 0.544, "grades": {"Zn %": 5.073, "Pb %": 1.3598, "S %": 6.6726}, "depth_m": 0, "blind": false, "strike_deg": 6, "dip_deg": 35, "length_m": 1313, "width_m": 588.6, "shape": "strata", "host": "carbonate", "chance": 0.103, "seen_by": {"geochemistry": true, "ip": true}, "water_depth_m": 0}}, {"type": "Feature", "geometry": {"type": "Point", "coordinates": [-104.19667, 15.34246]}, "properties": {"id": "TRE2-MVT-007389A-08", "district_id": "TRE2-MVT-007389A", "belt_id": null, "kind": "mvt", "name": "carbonate-hosted lead\u2013zinc (MVT)", "tonnage_mt": 2.5905, "grades": {"Zn %": 2.4086, "Pb %": 1.9994, "S %": 6.3595}, "depth_m": 0, "blind": false, "strike_deg": 8, "dip_deg": 6, "length_m": 1732, "width_m": 581.8, "shape": "strata", "host": "carbonate", "chance": 0.103, "seen_by": {"geochemistry": true, "ip": true}, "water_depth_m": 0}}, {"type": "Feature", "geometry": {"type": "Point", "coordinates": [-104.2071, 14.96117]}, "properties": {"id": "TRE2-MVT-007389A-09", "district_id": "TRE2-MVT-007389A", "belt_id": null, "kind": "mvt", "name": "carbonate-hosted lead\u2013zinc (MVT)", "tonnage_mt": 12.9695, "grades": {"Zn %": 2.8383, "Pb %": 1.1304, "S %": 7.1879}, "depth_m": 84, "blind": false, "strike_deg": 11, "dip_deg": 19, "length_m": 2873, "width_m": 315.3, "shape": "strata", "host": "carbonate", "chance": 0.103, "seen_by": {"geochemistry": false, "ip": true}, "water_depth_m": 0}}, {"type": "Feature", "geometry": {"type": "Point", "coordinates": [59.23871, -24.03133]}, "properties": {"id": "TRE2-MVT-014035A-01", "district_id": "TRE2-MVT-014035A", "belt_id": "TRE2-MVT-B0090", "kind": "mvt", "name": "carbonate-hosted lead\u2013zinc (MVT)", "tonnage_mt": 3.4824, "grades": {"Zn %": 5.3799, "Pb %": 0.9744, "S %": 6.7845}, "depth_m": 669, "blind": true, "strike_deg": 42, "dip_deg": 35, "length_m": 1404, "width_m": 537.7, "shape": "strata", "host": "carbonate", "chance": 0.372, "seen_by": {"geochemistry": false, "ip": false}, "water_depth_m": 148}}, {"type": "Feature", "geometry": {"type": "Point", "coordinates": [59.10901, -23.79572]}, "properties": {"id": "TRE2-MVT-014035A-02", "district_id": "TRE2-MVT-014035A", "belt_id": "TRE2-MVT-B0090", "kind": "mvt", "name": "carbonate-hosted lead\u2013zinc (MVT)", "tonnage_mt": 14.8353, "grades": {"Zn %": 2.2876, "Pb %": 1.2871, "S %": 2.8234}, "depth_m": 1023, "blind": true, "strike_deg": 60, "dip_deg": 11, "length_m": 3009, "width_m": 381.9, "shape": "strata", "host": "carbonate", "chance": 0.372, "seen_by": {"geochemistry": false, "ip": false}, "water_depth_m": 148}}, {"type": "Feature", "geometry": {"type": "Point", "coordinates": [59.25263, -23.7772]}, "properties": {"id": "TRE2-MVT-014035A-03", "district_id": "TRE2-MVT-014035A", "belt_id": "TRE2-MVT-B0090", "kind": "mvt", "name": "carbonate-hosted lead\u2013zinc (MVT)", "tonnage_mt": 72.3482, "grades": {"Zn %": 9.4306, "Pb %": 1.3137, "S %": 3.5384}, "depth_m": 601, "blind": true, "strike_deg": 51, "dip_deg": 31, "length_m": 1442, "width_m": 677.0, "shape": "strata", "host": "carbonate", "chance": 0.372, "seen_by": {"geochemistry": false, "ip": false}, "water_depth_m": 148}}, {"type": "Feature", "geometry": {"type": "Point", "coordinates": [59.11511, -23.90442]}, "properties": {"id": "TRE2-MVT-014035A-04", "district_id": "TRE2-MVT-014035A", "belt_id": "TRE2-MVT-B0090", "kind": "mvt", "name": "carbonate-hosted lead\u2013zinc (MVT)", "tonnage_mt": 6.5099, "grades": {"Zn %": 4.3751, "Pb %": 2.0383, "S %": 7.4227}, "depth_m": 605, "blind": true, "strike_deg": 59, "dip_deg": 33, "length_m": 1115, "width_m": 463.6, "shape": "strata", "host": "carbonate", "chance": 0.372, "seen_by": {"geochemistry": false, "ip": false}, "water_depth_m": 148}}, {"type": "Feature", "geometry": {"type": "Point", "coordinates": [59.19082, -24.08537]}, "properties": {"id": "TRE2-MVT-014035A-05", "district_id": "TRE2-MVT-014035A", "belt_id": "TRE2-MVT-B0090", "kind": "mvt", "name": "carbonate-hosted lead\u2013zinc (MVT)", "tonnage_mt": 1.3839, "grades": {"Zn %": 2.5384, "Pb %": 0.9894, "S %": 3.5748}, "depth_m": 994, "blind": true, "strike_deg": 44, "dip_deg": 17, "length_m": 1092, "width_m": 338.1, "shape": "strata", "host": "carbonate", "chance": 0.372, "seen_by": {"geochemistry": false, "ip": false}, "water_depth_m": 148}}, {"type": "Feature", "geometry": {"type": "Point", "coordinates": [-161.27567, 46.47102]}, "properties": {"id": "TRE2-SDX-002711A-01", "district_id": "TRE2-SDX-002711A", "belt_id": "TRE2-SDX-B0029", "kind": "sedex", "name": "shale-hosted zinc\u2013lead (SEDEX)", "tonnage_mt": 54.2433, "grades": {"Zn %": 9.9641, "Pb %": 2.9654, "Ag g/t": 139.1574, "S %": 16.7008}, "depth_m": 0, "blind": false, "strike_deg": 94, "dip_deg": 26, "length_m": 1671, "width_m": 1536.4, "shape": "strata", "host": "granite", "chance": 0.3, "seen_by": {"geochemistry": true, "em": true, "gravity": true}, "water_depth_m": 0}}, {"type": "Feature", "geometry": {"type": "Point", "coordinates": [-161.50635, 46.57787]}, "properties": {"id": "TRE2-SDX-002711A-02", "district_id": "TRE2-SDX-002711A", "belt_id": "TRE2-SDX-B0029", "kind": "sedex", "name": "shale-hosted zinc\u2013lead (SEDEX)", "tonnage_mt": 13.2311, "grades": {"Zn %": 7.7042, "Pb %": 2.6415, "Ag g/t": 29.6149, "S %": 14.3049}, "depth_m": 0, "blind": false, "strike_deg": 100, "dip_deg": 8, "length_m": 1031, "width_m": 893.7, "shape": "strata", "host": "granite", "chance": 0.3, "seen_by": {"geochemistry": true, "em": true, "gravity": true}, "water_depth_m": 0}}, {"type": "Feature", "geometry": {"type": "Point", "coordinates": [157.97834, 34.05823]}, "properties": {"id": "TRE2-SDX-004324A-01", "district_id": "TRE2-SDX-004324A", "belt_id": "TRE2-SDX-B0034", "kind": "sedex", "name": "shale-hosted zinc\u2013lead (SEDEX)", "tonnage_mt": 7.2951, "grades": {"Zn %": 4.8093, "Pb %": 4.5215, "Ag g/t": 43.475, "S %": 30.6346}, "depth_m": 1157, "blind": true, "strike_deg": 80, "dip_deg": 33, "length_m": 1820, "width_m": 884.6, "shape": "strata", "host": "carbonate", "chance": 0.76, "seen_by": {"geochemistry": false, "em": false, "gravity": false}, "water_depth_m": 0}}, {"type": "Feature", "geometry": {"type": "Point", "coordinates": [53.28782, 25.31911]}, "properties": {"id": "TRE2-SDX-005783A-01", "district_id": "TRE2-SDX-005783A", "belt_id": "TRE2-SDX-B0050", "kind": "sedex", "name": "shale-hosted zinc\u2013lead (SEDEX)", "tonnage_mt": 5.6336, "grades": {"Zn %": 3.278, "Pb %": 1.4007, "Ag g/t": 42.4461, "S %": 10.3813}, "depth_m": 1925, "blind": true, "strike_deg": 19, "dip_deg": 8, "length_m": 1781, "width_m": 604.3, "shape": "strata", "host": "arc_volcanic", "chance": 0.657, "seen_by": {"geochemistry": false, "em": false, "gravity": false}, "water_depth_m": 0}}, {"type": "Feature", "geometry": {"type": "Point", "coordinates": [53.38444, 25.29347]}, "properties": {"id": "TRE2-SDX-005783A-02", "district_id": "TRE2-SDX-005783A", "belt_id": "TRE2-SDX-B0050", "kind": "sedex", "name": "shale-hosted zinc\u2013lead (SEDEX)", "tonnage_mt": 15.5614, "grades": {"Zn %": 4.1622, "Pb %": 7.5782, "Ag g/t": 73.1297, "S %": 29.8915}, "depth_m": 1825, "blind": true, "strike_deg": 5, "dip_deg": 10, "length_m": 1318, "width_m": 1159.0, "shape": "strata", "host": "arc_volcanic", "chance": 0.657, "seen_by": {"geochemistry": false, "em": false, "gravity": false}, "water_depth_m": 0}}, {"type": "Feature", "geometry": {"type": "Point", "coordinates": [54.15154, 24.48067]}, "properties": {"id": "TRE2-SDX-005783B-01", "district_id": "TRE2-SDX-005783B", "belt_id": "TRE2-SDX-B0050", "kind": "sedex", "name": "shale-hosted zinc\u2013lead (SEDEX)", "tonnage_mt": 21.5011, "grades": {"Zn %": 5.346, "Pb %": 3.0112, "Ag g/t": 59.2603, "S %": 29.1779}, "depth_m": 1756, "blind": true, "strike_deg": 11, "dip_deg": 27, "length_m": 2926, "width_m": 1486.2, "shape": "strata", "host": "arc_volcanic", "chance": 0.657, "seen_by": {"geochemistry": false, "em": false, "gravity": false}, "water_depth_m": 0}}, {"type": "Feature", "geometry": {"type": "Point", "coordinates": [-76.67856, 13.85829]}, "properties": {"id": "TRE2-SDX-007504A-01", "district_id": "TRE2-SDX-007504A", "belt_id": "TRE2-SDX-B0065", "kind": "sedex", "name": "shale-hosted zinc\u2013lead (SEDEX)", "tonnage_mt": 2.1286, "grades": {"Zn %": 4.5903, "Pb %": 2.2763, "Ag g/t": 45.2178, "S %": 14.2252}, "depth_m": 881, "blind": true, "strike_deg": 164, "dip_deg": 24, "length_m": 2383, "width_m": 1603.5, "shape": "strata", "host": "carbonate", "chance": 0.3, "seen_by": {"geochemistry": false, "em": false, "gravity": false}, "water_depth_m": 0}}, {"type": "Feature", "geometry": {"type": "Point", "coordinates": [-76.87597, 14.08546]}, "properties": {"id": "TRE2-SDX-007504A-02", "district_id": "TRE2-SDX-007504A", "belt_id": "TRE2-SDX-B0065", "kind": "sedex", "name": "shale-hosted zinc\u2013lead (SEDEX)", "tonnage_mt": 1.6226, "grades": {"Zn %": 5.5615, "Pb %": 1.2734, "Ag g/t": 46.2006, "S %": 8.5988}, "depth_m": 782, "blind": true, "strike_deg": 139, "dip_deg": 26, "length_m": 2930, "width_m": 741.8, "shape": "strata", "host": "carbonate", "chance": 0.3, "seen_by": {"geochemistry": false, "em": false, "gravity": true}, "water_depth_m": 0}}, {"type": "Feature", "geometry": {"type": "Point", "coordinates": [-15.91642, 3.85059]}, "properties": {"id": "TRE2-SDX-009310A-01", "district_id": "TRE2-SDX-009310A", "belt_id": "TRE2-SDX-B0079", "kind": "sedex", "name": "shale-hosted zinc\u2013lead (SEDEX)", "tonnage_mt": 28.6774, "grades": {"Zn %": 14.3335, "Pb %": 3.3012, "Ag g/t": 68.961, "S %": 13.9316}, "depth_m": 1, "blind": false, "strike_deg": 49, "dip_deg": 40, "length_m": 2324, "width_m": 831.4, "shape": "strata", "host": "arc_plutonic", "chance": 0.3, "seen_by": {"geochemistry": true, "em": true, "gravity": true}, "water_depth_m": 0}}, {"type": "Feature", "geometry": {"type": "Point", "coordinates": [-15.99599, 3.88773]}, "properties": {"id": "TRE2-SDX-009310A-02", "district_id": "TRE2-SDX-009310A", "belt_id": "TRE2-SDX-B0079", "kind": "sedex", "name": "shale-hosted zinc\u2013lead (SEDEX)", "tonnage_mt": 10.0127, "grades": {"Zn %": 6.7725, "Pb %": 4.2745, "Ag g/t": 130.6744, "S %": 24.4217}, "depth_m": 0, "blind": false, "strike_deg": 49, "dip_deg": 34, "length_m": 1885, "width_m": 502.2, "shape": "strata", "host": "arc_plutonic", "chance": 0.3, "seen_by": {"geochemistry": true, "em": true, "gravity": true}, "water_depth_m": 0}}, {"type": "Feature", "geometry": {"type": "Point", "coordinates": [-127.64553, -13.11278]}, "properties": {"id": "TRE2-SDX-012154A-01", "district_id": "TRE2-SDX-012154A", "belt_id": "TRE2-SDX-B0123", "kind": "sedex", "name": "shale-hosted zinc\u2013lead (SEDEX)", "tonnage_mt": 9.378, "grades": {"Zn %": 4.3176, "Pb %": 1.5627, "Ag g/t": 97.2557, "S %": 16.5169}, "depth_m": 1413, "blind": true, "strike_deg": 117, "dip_deg": 37, "length_m": 3030, "width_m": 545.0, "shape": "strata", "host": "arc_volcanic", "chance": 0.3, "seen_by": {"geochemistry": false, "em": false, "gravity": false}, "water_depth_m": 0}}, {"type": "Feature", "geometry": {"type": "Point", "coordinates": [55.46671, -25.74178]}, "properties": {"id": "TRE2-SDX-014234A-01", "district_id": "TRE2-SDX-014234A", "belt_id": "TRE2-SDX-B0147", "kind": "sedex", "name": "shale-hosted zinc\u2013lead (SEDEX)", "tonnage_mt": 4.6156, "grades": {"Zn %": 5.7454, "Pb %": 5.8977, "Ag g/t": 54.4667, "S %": 25.1248}, "depth_m": 2084, "blind": true, "strike_deg": 50, "dip_deg": 29, "length_m": 2103, "width_m": 506.2, "shape": "strata", "host": "carbonate", "chance": 0.3, "seen_by": {"geochemistry": false, "em": false, "gravity": false}, "water_depth_m": 0}}, {"type": "Feature", "geometry": {"type": "Point", "coordinates": [55.43142, -25.69695]}, "properties": {"id": "TRE2-SDX-014234A-02", "district_id": "TRE2-SDX-014234A", "belt_id": "TRE2-SDX-B0147", "kind": "sedex", "name": "shale-hosted zinc\u2013lead (SEDEX)", "tonnage_mt": 31.4287, "grades": {"Zn %": 2.6546, "Pb %": 2.1759, "Ag g/t": 44.0431, "S %": 9.9489}, "depth_m": 1975, "blind": true, "strike_deg": 66, "dip_deg": 18, "length_m": 2565, "width_m": 756.4, "shape": "strata", "host": "carbonate", "chance": 0.3, "seen_by": {"geochemistry": false, "em": false, "gravity": false}, "water_depth_m": 0}}, {"type": "Feature", "geometry": {"type": "Point", "coordinates": [55.59515, -25.75346]}, "properties": {"id": "TRE2-SDX-014234A-03", "district_id": "TRE2-SDX-014234A", "belt_id": "TRE2-SDX-B0147", "kind": "sedex", "name": "shale-hosted zinc\u2013lead (SEDEX)", "tonnage_mt": 22.4552, "grades": {"Zn %": 8.2188, "Pb %": 2.017, "Ag g/t": 36.6901, "S %": 10.9922}, "depth_m": 2122, "blind": true, "strike_deg": 62, "dip_deg": 13, "length_m": 2178, "width_m": 613.1, "shape": "strata", "host": "carbonate", "chance": 0.3, "seen_by": {"geochemistry": false, "em": false, "gravity": false}, "water_depth_m": 0}}, {"type": "Feature", "geometry": {"type": "Point", "coordinates": [125.87072, -29.67988]}, "properties": {"id": "TRE2-SDX-014888A-01", "district_id": "TRE2-SDX-014888A", "belt_id": "TRE2-SDX-B0163", "kind": "sedex", "name": "shale-hosted zinc\u2013lead (SEDEX)", "tonnage_mt": 4.4139, "grades": {"Zn %": 1.4797, "Pb %": 1.896, "Ag g/t": 99.9515, "S %": 17.3155}, "depth_m": 0, "blind": false, "strike_deg": 174, "dip_deg": 30, "length_m": 1615, "width_m": 984.1, "shape": "strata", "host": "arc_plutonic", "chance": 0.51, "seen_by": {"geochemistry": true, "em": true, "gravity": true}, "water_depth_m": 0}}, {"type": "Feature", "geometry": {"type": "Point", "coordinates": [125.74588, -29.72897]}, "properties": {"id": "TRE2-SDX-014888A-02", "district_id": "TRE2-SDX-014888A", "belt_id": "TRE2-SDX-B0163", "kind": "sedex", "name": "shale-hosted zinc\u2013lead (SEDEX)", "tonnage_mt": 0.5235, "grades": {"Zn %": 5.9366, "Pb %": 1.8482, "Ag g/t": 36.5117, "S %": 11.7876}, "depth_m": 0, "blind": false, "strike_deg": 143, "dip_deg": 16, "length_m": 2431, "width_m": 824.9, "shape": "strata", "host": "arc_plutonic", "chance": 0.51, "seen_by": {"geochemistry": true, "em": true, "gravity": true}, "water_depth_m": 0}}, {"type": "Feature", "geometry": {"type": "Point", "coordinates": [-24.53124, 85.56294]}, "properties": {"id": "TRE2-SCU-000037A-01", "district_id": "TRE2-SCU-000037A", "belt_id": "TRE2-SCU-B0000", "kind": "sediment_copper", "name": "sediment-hosted copper", "tonnage_mt": 14.1165, "grades": {"Cu %": 2.0456, "Ag g/t": 17.1207, "S %": 1.5919}, "depth_m": 550, "blind": true, "strike_deg": 109, "dip_deg": 16, "length_m": 5681, "width_m": 2189.6, "shape": "strata", "host": "arc_volcanic", "chance": 0.657, "seen_by": {"geochemistry": false, "ip": false}, "water_depth_m": 0}}, {"type": "Feature", "geometry": {"type": "Point", "coordinates": [-32.81235, 85.4349]}, "properties": {"id": "TRE2-SCU-000037A-02", "district_id": "TRE2-SCU-000037A", "belt_id": "TRE2-SCU-B0000", "kind": "sediment_copper", "name": "sediment-hosted copper", "tonnage_mt": 39.461, "grades": {"Cu %": 2.4075, "Ag g/t": 14.026, "S %": 2.9607}, "depth_m": 912, "blind": true, "strike_deg": 75, "dip_deg": 22, "length_m": 6537, "width_m": 3417.1, "shape": "strata", "host": "arc_volcanic", "chance": 0.657, "seen_by": {"geochemistry": false, "ip": false}, "water_depth_m": 0}}, {"type": "Feature", "geometry": {"type": "Point", "coordinates": [-53.43777, 83.71287]}, "properties": {"id": "TRE2-SCU-000066A-01", "district_id": "TRE2-SCU-000066A", "belt_id": "TRE2-SCU-B0000", "kind": "sediment_copper", "name": "sediment-hosted copper", "tonnage_mt": 21.7253, "grades": {"Cu %": 3.244, "Ag g/t": 8.0832, "S %": 2.4003}, "depth_m": 1124, "blind": true, "strike_deg": 177, "dip_deg": 39, "length_m": 13474, "width_m": 787.4, "shape": "strata", "host": "arc_plutonic", "chance": 0.657, "seen_by": {"geochemistry": false, "ip": false}, "water_depth_m": 0}}, {"type": "Feature", "geometry": {"type": "Point", "coordinates": [-53.59684, 83.47696]}, "properties": {"id": "TRE2-SCU-000066A-02", "district_id": "TRE2-SCU-000066A", "belt_id": "TRE2-SCU-B0000", "kind": "sediment_copper", "name": "sediment-hosted copper", "tonnage_mt": 11.6714, "grades": {"Cu %": 1.3715, "Ag g/t": 33.0737, "S %": 1.7586}, "depth_m": 1031, "blind": true, "strike_deg": 169, "dip_deg": 14, "length_m": 8102, "width_m": 1201.8, "shape": "strata", "host": "arc_plutonic", "chance": 0.657, "seen_by": {"geochemistry": false, "ip": false}, "water_depth_m": 0}}, {"type": "Feature", "geometry": {"type": "Point", "coordinates": [-52.46508, 82.96092]}, "properties": {"id": "TRE2-SCU-000066A-03", "district_id": "TRE2-SCU-000066A", "belt_id": "TRE2-SCU-B0000", "kind": "sediment_copper", "name": "sediment-hosted copper", "tonnage_mt": 4.3904, "grades": {"Cu %": 2.1364, "Ag g/t": 14.366, "S %": 0.8116}, "depth_m": 1064, "blind": true, "strike_deg": 1, "dip_deg": 34, "length_m": 10822, "width_m": 3706.1, "shape": "strata", "host": "arc_plutonic", "chance": 0.657, "seen_by": {"geochemistry": false, "ip": false}, "water_depth_m": 0}}, {"type": "Feature", "geometry": {"type": "Point", "coordinates": [-52.75687, 83.39449]}, "properties": {"id": "TRE2-SCU-000066A-04", "district_id": "TRE2-SCU-000066A", "belt_id": "TRE2-SCU-B0000", "kind": "sediment_copper", "name": "sediment-hosted copper", "tonnage_mt": 1.0893, "grades": {"Cu %": 3.3555, "Ag g/t": 40.5302, "S %": 2.7297}, "depth_m": 984, "blind": true, "strike_deg": 166, "dip_deg": 26, "length_m": 4385, "width_m": 1401.0, "shape": "strata", "host": "arc_plutonic", "chance": 0.657, "seen_by": {"geochemistry": false, "ip": false}, "water_depth_m": 0}}, {"type": "Feature", "geometry": {"type": "Point", "coordinates": [-54.01928, 83.65317]}, "properties": {"id": "TRE2-SCU-000066A-05", "district_id": "TRE2-SCU-000066A", "belt_id": "TRE2-SCU-B0000", "kind": "sediment_copper", "name": "sediment-hosted copper", "tonnage_mt": 37.0787, "grades": {"Cu %": 2.0573, "Ag g/t": 23.4386, "S %": 0.7773}, "depth_m": 657, "blind": true, "strike_deg": 162, "dip_deg": 17, "length_m": 5286, "width_m": 4136.0, "shape": "strata", "host": "arc_plutonic", "chance": 0.657, "seen_by": {"geochemistry": false, "ip": false}, "water_depth_m": 0}}, {"type": "Feature", "geometry": {"type": "Point", "coordinates": [-87.02878, 49.50842]}, "properties": {"id": "TRE2-SCU-002412A-01", "district_id": "TRE2-SCU-002412A", "belt_id": "TRE2-SCU-B0026", "kind": "sediment_copper", "name": "sediment-hosted copper", "tonnage_mt": 145.0802, "grades": {"Cu %": 4.1258, "Ag g/t": 12.0413, "S %": 2.8937}, "depth_m": 526, "blind": true, "strike_deg": 172, "dip_deg": 27, "length_m": 3915, "width_m": 1725.6, "shape": "strata", "host": "clastic", "chance": 0.3, "seen_by": {"geochemistry": false, "ip": false}, "water_depth_m": 0}}, {"type": "Feature", "geometry": {"type": "Point", "coordinates": [-87.4175, 49.66211]}, "properties": {"id": "TRE2-SCU-002412A-02", "district_id": "TRE2-SCU-002412A", "belt_id": "TRE2-SCU-B0026", "kind": "sediment_copper", "name": "sediment-hosted copper", "tonnage_mt": 46.6735, "grades": {"Cu %": 2.2222, "Ag g/t": 16.8029, "S %": 2.1986}, "depth_m": 603, "blind": true, "strike_deg": 169, "dip_deg": 15, "length_m": 5997, "width_m": 1582.6, "shape": "strata", "host": "clastic", "chance": 0.3, "seen_by": {"geochemistry": false, "ip": false}, "water_depth_m": 0}}, {"type": "Feature", "geometry": {"type": "Point", "coordinates": [-87.18259, 49.77561]}, "properties": {"id": "TRE2-SCU-002412A-03", "district_id": "TRE2-SCU-002412A", "belt_id": "TRE2-SCU-B0026", "kind": "sediment_copper", "name": "sediment-hosted copper", "tonnage_mt": 9.4035, "grades": {"Cu %": 2.7914, "Ag g/t": 15.0536, "S %": 1.9535}, "depth_m": 467, "blind": true, "strike_deg": 178, "dip_deg": 14, "length_m": 9683, "width_m": 2005.1, "shape": "strata", "host": "clastic", "chance": 0.3, "seen_by": {"geochemistry": false, "ip": true}, "water_depth_m": 0}}, {"type": "Feature", "geometry": {"type": "Point", "coordinates": [-87.095, 49.7624]}, "properties": {"id": "TRE2-SCU-002412A-04", "district_id": "TRE2-SCU-002412A", "belt_id": "TRE2-SCU-B0026", "kind": "sediment_copper", "name": "sediment-hosted copper", "tonnage_mt": 12.1734, "grades": {"Cu %": 1.419, "Ag g/t": 32.491, "S %": 1.5929}, "depth_m": 792, "blind": true, "strike_deg": 166, "dip_deg": 13, "length_m": 14491, "width_m": 1666.5, "shape": "strata", "host": "clastic", "chance": 0.3, "seen_by": {"geochemistry": false, "ip": false}, "water_depth_m": 0}}, {"type": "Feature", "geometry": {"type": "Point", "coordinates": [-87.04874, 49.83179]}, "properties": {"id": "TRE2-SCU-002412A-05", "district_id": "TRE2-SCU-002412A", "belt_id": "TRE2-SCU-B0026", "kind": "sediment_copper", "name": "sediment-hosted copper", "tonnage_mt": 4.095, "grades": {"Cu %": 4.1969, "Ag g/t": 22.9375, "S %": 1.2674}, "depth_m": 415, "blind": true, "strike_deg": 176, "dip_deg": 39, "length_m": 6675, "width_m": 1194.1, "shape": "strata", "host": "clastic", "chance": 0.3, "seen_by": {"geochemistry": false, "ip": true}, "water_depth_m": 0}}, {"type": "Feature", "geometry": {"type": "Point", "coordinates": [-86.98645, 48.82993]}, "properties": {"id": "TRE2-SCU-002412A-06", "district_id": "TRE2-SCU-002412A", "belt_id": "TRE2-SCU-B0026", "kind": "sediment_copper", "name": "sediment-hosted copper", "tonnage_mt": 2.1064, "grades": {"Cu %": 1.4261, "Ag g/t": 22.2702, "S %": 0.9031}, "depth_m": 246, "blind": false, "strike_deg": 9, "dip_deg": 29, "length_m": 6586, "width_m": 2642.7, "shape": "strata", "host": "clastic", "chance": 0.3, "seen_by": {"geochemistry": false, "ip": true}, "water_depth_m": 0}}, {"type": "Feature", "geometry": {"type": "Point", "coordinates": [-152.18711, 35.66785]}, "properties": {"id": "TRE2-SCU-004232A-01", "district_id": "TRE2-SCU-004232A", "belt_id": "TRE2-SCU-B0033", "kind": "sediment_copper", "name": "sediment-hosted copper", "tonnage_mt": 5.637, "grades": {"Cu %": 1.8916, "Ag g/t": 20.1424, "S %": 2.971}, "depth_m": 783, "blind": true, "strike_deg": 121, "dip_deg": 40, "length_m": 9079, "width_m": 957.1, "shape": "strata", "host": "arc_volcanic", "chance": 0.3, "seen_by": {"geochemistry": false, "ip": false}, "water_depth_m": 0}}, {"type": "Feature", "geometry": {"type": "Point", "coordinates": [-151.79389, 35.3249]}, "properties": {"id": "TRE2-SCU-004232A-02", "district_id": "TRE2-SCU-004232A", "belt_id": "TRE2-SCU-B0033", "kind": "sediment_copper", "name": "sediment-hosted copper", "tonnage_mt": 107.7126, "grades": {"Cu %": 2.663, "Ag g/t": 25.933, "S %": 1.8879}, "depth_m": 470, "blind": true, "strike_deg": 138, "dip_deg": 19, "length_m": 5487, "width_m": 1845.6, "shape": "strata", "host": "arc_volcanic", "chance": 0.3, "seen_by": {"geochemistry": false, "ip": true}, "water_depth_m": 0}}, {"type": "Feature", "geometry": {"type": "Point", "coordinates": [-152.57604, 35.83048]}, "properties": {"id": "TRE2-SCU-004232A-03", "district_id": "TRE2-SCU-004232A", "belt_id": "TRE2-SCU-B0033", "kind": "sediment_copper", "name": "sediment-hosted copper", "tonnage_mt": 43.2629, "grades": {"Cu %": 2.3564, "Ag g/t": 15.927, "S %": 1.3501}, "depth_m": 518, "blind": true, "strike_deg": 135, "dip_deg": 36, "length_m": 6152, "width_m": 1042.0, "shape": "strata", "host": "arc_volcanic", "chance": 0.3, "seen_by": {"geochemistry": false, "ip": false}, "water_depth_m": 0}}, {"type": "Feature", "geometry": {"type": "Point", "coordinates": [158.87112, 30.85193]}, "properties": {"id": "TRE2-SCU-004790A-01", "district_id": "TRE2-SCU-004790A", "belt_id": "TRE2-SCU-B0032", "kind": "sediment_copper", "name": "sediment-hosted copper", "tonnage_mt": 2.7723, "grades": {"Cu %": 2.6586, "Ag g/t": 25.4303, "S %": 2.4255}, "depth_m": 1569, "blind": true, "strike_deg": 168, "dip_deg": 16, "length_m": 11374, "width_m": 2097.5, "shape": "strata", "host": "carbonate", "chance": 0.3, "seen_by": {"geochemistry": false, "ip": false}, "water_depth_m": 181}}, {"type": "Feature", "geometry": {"type": "Point", "coordinates": [158.57548, 31.10781]}, "properties": {"id": "TRE2-SCU-004790A-02", "district_id": "TRE2-SCU-004790A", "belt_id": "TRE2-SCU-B0032", "kind": "sediment_copper", "name": "sediment-hosted copper", "tonnage_mt": 31.4359, "grades": {"Cu %": 1.9295, "Ag g/t": 19.0371, "S %": 1.8616}, "depth_m": 1837, "blind": true, "strike_deg": 144, "dip_deg": 8, "length_m": 9118, "width_m": 4801.5, "shape": "strata", "host": "carbonate", "chance": 0.3, "seen_by": {"geochemistry": false, "ip": false}, "water_depth_m": 181}}, {"type": "Feature", "geometry": {"type": "Point", "coordinates": [158.66082, 30.85503]}, "properties": {"id": "TRE2-SCU-004790A-03", "district_id": "TRE2-SCU-004790A", "belt_id": "TRE2-SCU-B0032", "kind": "sediment_copper", "name": "sediment-hosted copper", "tonnage_mt": 9.7758, "grades": {"Cu %": 1.7773, "Ag g/t": 17.7574, "S %": 1.8354}, "depth_m": 1620, "blind": true, "strike_deg": 142, "dip_deg": 22, "length_m": 11343, "width_m": 2222.9, "shape": "strata", "host": "carbonate", "chance": 0.3, "seen_by": {"geochemistry": false, "ip": false}, "water_depth_m": 181}}, {"type": "Feature", "geometry": {"type": "Point", "coordinates": [-155.19023, -4.63759]}, "properties": {"id": "TRE2-SCU-010819A-01", "district_id": "TRE2-SCU-010819A", "belt_id": "TRE2-SCU-B0098", "kind": "sediment_copper", "name": "sediment-hosted copper", "tonnage_mt": 8.8795, "grades": {"Cu %": 3.4739, "Ag g/t": 20.025, "S %": 5.1972}, "depth_m": 1029, "blind": true, "strike_deg": 57, "dip_deg": 34, "length_m": 7778, "width_m": 2249.2, "shape": "strata", "host": "carbonate", "chance": 0.3, "seen_by": {"geochemistry": false, "ip": false}, "water_depth_m": 0}}, {"type": "Feature", "geometry": {"type": "Point", "coordinates": [-154.60474, -4.21917]}, "properties": {"id": "TRE2-SCU-010819A-02", "district_id": "TRE2-SCU-010819A", "belt_id": "TRE2-SCU-B0098", "kind": "sediment_copper", "name": "sediment-hosted copper", "tonnage_mt": 387.1127, "grades": {"Cu %": 1.3059, "Ag g/t": 20.608, "S %": 1.5063}, "depth_m": 918, "blind": true, "strike_deg": 73, "dip_deg": 29, "length_m": 5988, "width_m": 1131.2, "shape": "strata", "host": "carbonate", "chance": 0.3, "seen_by": {"geochemistry": false, "ip": false}, "water_depth_m": 0}}, {"type": "Feature", "geometry": {"type": "Point", "coordinates": [7.71685, -40.42542]}, "properties": {"id": "TRE2-SCU-016478A-01", "district_id": "TRE2-SCU-016478A", "belt_id": "TRE2-SCU-B0187", "kind": "sediment_copper", "name": "sediment-hosted copper", "tonnage_mt": 56.4888, "grades": {"Cu %": 2.1801, "Ag g/t": 29.1571, "S %": 2.2393}, "depth_m": 124, "blind": false, "strike_deg": 146, "dip_deg": 5, "length_m": 14386, "width_m": 1306.6, "shape": "strata", "host": "schist", "chance": 0.657, "seen_by": {"geochemistry": false, "ip": true}, "water_depth_m": 0}}, {"type": "Feature", "geometry": {"type": "Point", "coordinates": [8.00422, -40.43937]}, "properties": {"id": "TRE2-SCU-016478A-02", "district_id": "TRE2-SCU-016478A", "belt_id": "TRE2-SCU-B0187", "kind": "sediment_copper", "name": "sediment-hosted copper", "tonnage_mt": 9.4765, "grades": {"Cu %": 2.5783, "Ag g/t": 18.0972, "S %": 2.3303}, "depth_m": 24, "blind": false, "strike_deg": 137, "dip_deg": 31, "length_m": 6915, "width_m": 1849.0, "shape": "strata", "host": "schist", "chance": 0.657, "seen_by": {"geochemistry": true, "ip": true}, "water_depth_m": 0}}, {"type": "Feature", "geometry": {"type": "Point", "coordinates": [58.94065, -82.37317]}, "properties": {"id": "TRE2-SCU-019902A-01", "district_id": "TRE2-SCU-019902A", "belt_id": "TRE2-SCU-B0226", "kind": "sediment_copper", "name": "sediment-hosted copper", "tonnage_mt": 26.6348, "grades": {"Cu %": 3.2326, "Ag g/t": 44.1239, "S %": 1.1807}, "depth_m": 1631, "blind": true, "strike_deg": 147, "dip_deg": 21, "length_m": 12582, "width_m": 2703.7, "shape": "strata", "host": "clastic", "chance": 0.3, "seen_by": {"geochemistry": false, "ip": false}, "water_depth_m": 28}}, {"type": "Feature", "geometry": {"type": "Point", "coordinates": [159.87938, 55.95862]}, "properties": {"id": "TRE2-KIM-001685A-01", "district_id": "TRE2-KIM-001685A", "belt_id": null, "kind": "diamond", "name": "kimberlite diamonds", "tonnage_mt": 13.065, "grades": {"diamond ct/t": 0.2947}, "depth_m": 26, "blind": false, "strike_deg": 15, "dip_deg": 90, "length_m": 811, "width_m": 434.7, "shape": "pipe", "host": "schist", "chance": 0.15, "seen_by": {"magnetics": true, "geochemistry": true}, "water_depth_m": 0}}, {"type": "Feature", "geometry": {"type": "Point", "coordinates": [160.00112, 55.90376]}, "properties": {"id": "TRE2-KIM-001685A-02", "district_id": "TRE2-KIM-001685A", "belt_id": null, "kind": "diamond", "name": "kimberlite diamonds", "tonnage_mt": 10.5974, "grades": {"diamond ct/t": 0.4052}, "depth_m": 0, "blind": false, "strike_deg": 23, "dip_deg": 86, "length_m": 971, "width_m": 645.9, "shape": "pipe", "host": "schist", "chance": 0.15, "seen_by": {"magnetics": true, "geochemistry": true}, "water_depth_m": 0}}, {"type": "Feature", "geometry": {"type": "Point", "coordinates": [159.81405, 55.91172]}, "properties": {"id": "TRE2-KIM-001685A-03", "district_id": "TRE2-KIM-001685A", "belt_id": null, "kind": "diamond", "name": "kimberlite diamonds", "tonnage_mt": 5.2086, "grades": {"diamond ct/t": 0.4054}, "depth_m": 261, "blind": false, "strike_deg": 22, "dip_deg": 87, "length_m": 351, "width_m": 636.9, "shape": "pipe", "host": "schist", "chance": 0.15, "seen_by": {"magnetics": true, "geochemistry": false}, "water_depth_m": 0}}, {"type": "Feature", "geometry": {"type": "Point", "coordinates": [160.13373, 55.83511]}, "properties": {"id": "TRE2-KIM-001685A-04", "district_id": "TRE2-KIM-001685A", "belt_id": null, "kind": "diamond", "name": "kimberlite diamonds", "tonnage_mt": 22.7719, "grades": {"diamond ct/t": 0.3251}, "depth_m": 0, "blind": false, "strike_deg": 38, "dip_deg": 87, "length_m": 338, "width_m": 1017.8, "shape": "pipe", "host": "schist", "chance": 0.15, "seen_by": {"magnetics": true, "geochemistry": true}, "water_depth_m": 0}}, {"type": "Feature", "geometry": {"type": "Point", "coordinates": [159.66982, 56.02589]}, "properties": {"id": "TRE2-KIM-001685A-05", "district_id": "TRE2-KIM-001685A", "belt_id": null, "kind": "diamond", "name": "kimberlite diamonds", "tonnage_mt": 15.8908, "grades": {"diamond ct/t": 0.2242}, "depth_m": 0, "blind": false, "strike_deg": 13, "dip_deg": 90, "length_m": 395, "width_m": 673.2, "shape": "pipe", "host": "schist", "chance": 0.15, "seen_by": {"magnetics": true, "geochemistry": true}, "water_depth_m": 0}}, {"type": "Feature", "geometry": {"type": "Point", "coordinates": [159.96895, 55.93174]}, "properties": {"id": "TRE2-KIM-001685A-06", "district_id": "TRE2-KIM-001685A", "belt_id": null, "kind": "diamond", "name": "kimberlite diamonds", "tonnage_mt": 14.6947, "grades": {"diamond ct/t": 0.6692}, "depth_m": 206, "blind": false, "strike_deg": 17, "dip_deg": 88, "length_m": 993, "width_m": 504.7, "shape": "pipe", "host": "schist", "chance": 0.15, "seen_by": {"magnetics": true, "geochemistry": false}, "water_depth_m": 0}}, {"type": "Feature", "geometry": {"type": "Point", "coordinates": [159.68996, 56.07373]}, "properties": {"id": "TRE2-KIM-001685A-07", "district_id": "TRE2-KIM-001685A", "belt_id": null, "kind": "diamond", "name": "kimberlite diamonds", "tonnage_mt": 216.7765, "grades": {"diamond ct/t": 0.3016}, "depth_m": 76, "blind": false, "strike_deg": 20, "dip_deg": 86, "length_m": 372, "width_m": 647.9, "shape": "pipe", "host": "schist", "chance": 0.15, "seen_by": {"magnetics": true, "geochemistry": false}, "water_depth_m": 0}}, {"type": "Feature", "geometry": {"type": "Point", "coordinates": [160.05689, 56.15677]}, "properties": {"id": "TRE2-KIM-001685A-08", "district_id": "TRE2-KIM-001685A", "belt_id": null, "kind": "diamond", "name": "kimberlite diamonds", "tonnage_mt": 12.0395, "grades": {"diamond ct/t": 0.5279}, "depth_m": 0, "blind": false, "strike_deg": 13, "dip_deg": 88, "length_m": 340, "width_m": 886.5, "shape": "pipe", "host": "schist", "chance": 0.15, "seen_by": {"magnetics": true, "geochemistry": true}, "water_depth_m": 0}}, {"type": "Feature", "geometry": {"type": "Point", "coordinates": [-16.68971, 14.93601]}, "properties": {"id": "TRE2-KIM-007480A-01", "district_id": "TRE2-KIM-007480A", "belt_id": null, "kind": "diamond", "name": "kimberlite diamonds", "tonnage_mt": 118.0593, "grades": {"diamond ct/t": 0.4702}, "depth_m": 41, "blind": false, "strike_deg": 60, "dip_deg": 89, "length_m": 651, "width_m": 502.4, "shape": "pipe", "host": "carbonate", "chance": 0.15, "seen_by": {"magnetics": true, "geochemistry": true}, "water_depth_m": 0}}, {"type": "Feature", "geometry": {"type": "Point", "coordinates": [-16.83452, 14.93957]}, "properties": {"id": "TRE2-KIM-007480A-02", "district_id": "TRE2-KIM-007480A", "belt_id": null, "kind": "diamond", "name": "kimberlite diamonds", "tonnage_mt": 41.9434, "grades": {"diamond ct/t": 0.389}, "depth_m": 16, "blind": false, "strike_deg": 65, "dip_deg": 86, "length_m": 799, "width_m": 247.5, "shape": "pipe", "host": "carbonate", "chance": 0.15, "seen_by": {"magnetics": true, "geochemistry": true}, "water_depth_m": 0}}, {"type": "Feature", "geometry": {"type": "Point", "coordinates": [-16.69614, 14.83068]}, "properties": {"id": "TRE2-KIM-007480A-03", "district_id": "TRE2-KIM-007480A", "belt_id": null, "kind": "diamond", "name": "kimberlite diamonds", "tonnage_mt": 6.2745, "grades": {"diamond ct/t": 0.6078}, "depth_m": 0, "blind": false, "strike_deg": 56, "dip_deg": 89, "length_m": 319, "width_m": 300.6, "shape": "pipe", "host": "carbonate", "chance": 0.15, "seen_by": {"magnetics": true, "geochemistry": true}, "water_depth_m": 0}}, {"type": "Feature", "geometry": {"type": "Point", "coordinates": [-16.65313, 14.99578]}, "properties": {"id": "TRE2-KIM-007480A-04", "district_id": "TRE2-KIM-007480A", "belt_id": null, "kind": "diamond", "name": "kimberlite diamonds", "tonnage_mt": 47.9021, "grades": {"diamond ct/t": 0.3163}, "depth_m": 0, "blind": false, "strike_deg": 58, "dip_deg": 88, "length_m": 484, "width_m": 332.9, "shape": "pipe", "host": "carbonate", "chance": 0.15, "seen_by": {"magnetics": true, "geochemistry": true}, "water_depth_m": 0}}, {"type": "Feature", "geometry": {"type": "Point", "coordinates": [-16.77851, 14.81925]}, "properties": {"id": "TRE2-KIM-007480A-05", "district_id": "TRE2-KIM-007480A", "belt_id": null, "kind": "diamond", "name": "kimberlite diamonds", "tonnage_mt": 29.1482, "grades": {"diamond ct/t": 0.3903}, "depth_m": 266, "blind": false, "strike_deg": 62, "dip_deg": 88, "length_m": 464, "width_m": 487.8, "shape": "pipe", "host": "carbonate", "chance": 0.15, "seen_by": {"magnetics": true, "geochemistry": false}, "water_depth_m": 0}}, {"type": "Feature", "geometry": {"type": "Point", "coordinates": [-16.51568, 14.78084]}, "properties": {"id": "TRE2-KIM-007480A-06", "district_id": "TRE2-KIM-007480A", "belt_id": null, "kind": "diamond", "name": "kimberlite diamonds", "tonnage_mt": 111.4795, "grades": {"diamond ct/t": 0.4996}, "depth_m": 166, "blind": false, "strike_deg": 63, "dip_deg": 88, "length_m": 438, "width_m": 759.1, "shape": "pipe", "host": "carbonate", "chance": 0.15, "seen_by": {"magnetics": true, "geochemistry": false}, "water_depth_m": 0}}, {"type": "Feature", "geometry": {"type": "Point", "coordinates": [-16.66219, 14.78841]}, "properties": {"id": "TRE2-KIM-007480A-07", "district_id": "TRE2-KIM-007480A", "belt_id": null, "kind": "diamond", "name": "kimberlite diamonds", "tonnage_mt": 23.1734, "grades": {"diamond ct/t": 0.5525}, "depth_m": 0, "blind": false, "strike_deg": 76, "dip_deg": 88, "length_m": 463, "width_m": 415.3, "shape": "pipe", "host": "carbonate", "chance": 0.15, "seen_by": {"magnetics": true, "geochemistry": true}, "water_depth_m": 0}}, {"type": "Feature", "geometry": {"type": "Point", "coordinates": [59.17603, -12.712]}, "properties": {"id": "TRE2-KIM-012205A-01", "district_id": "TRE2-KIM-012205A", "belt_id": null, "kind": "diamond", "name": "kimberlite diamonds", "tonnage_mt": 87.2832, "grades": {"diamond ct/t": 0.3717}, "depth_m": 5, "blind": false, "strike_deg": 47, "dip_deg": 90, "length_m": 574, "width_m": 826.9, "shape": "pipe", "host": "carbonate", "chance": 0.15, "seen_by": {"magnetics": true, "geochemistry": true}, "water_depth_m": 0}}, {"type": "Feature", "geometry": {"type": "Point", "coordinates": [59.287, -12.62909]}, "properties": {"id": "TRE2-KIM-012205A-02", "district_id": "TRE2-KIM-012205A", "belt_id": null, "kind": "diamond", "name": "kimberlite diamonds", "tonnage_mt": 31.6494, "grades": {"diamond ct/t": 0.6641}, "depth_m": 59, "blind": false, "strike_deg": 53, "dip_deg": 89, "length_m": 520, "width_m": 529.4, "shape": "pipe", "host": "carbonate", "chance": 0.15, "seen_by": {"magnetics": true, "geochemistry": false}, "water_depth_m": 0}}, {"type": "Feature", "geometry": {"type": "Point", "coordinates": [59.14627, -12.68478]}, "properties": {"id": "TRE2-KIM-012205A-03", "district_id": "TRE2-KIM-012205A", "belt_id": null, "kind": "diamond", "name": "kimberlite diamonds", "tonnage_mt": 157.3365, "grades": {"diamond ct/t": 0.4469}, "depth_m": 125, "blind": false, "strike_deg": 32, "dip_deg": 86, "length_m": 1050, "width_m": 880.8, "shape": "pipe", "host": "carbonate", "chance": 0.15, "seen_by": {"magnetics": true, "geochemistry": false}, "water_depth_m": 0}}, {"type": "Feature", "geometry": {"type": "Point", "coordinates": [59.12321, -12.50956]}, "properties": {"id": "TRE2-KIM-012205A-04", "district_id": "TRE2-KIM-012205A", "belt_id": null, "kind": "diamond", "name": "kimberlite diamonds", "tonnage_mt": 31.4421, "grades": {"diamond ct/t": 0.5168}, "depth_m": 114, "blind": false, "strike_deg": 53, "dip_deg": 85, "length_m": 337, "width_m": 606.5, "shape": "pipe", "host": "carbonate", "chance": 0.15, "seen_by": {"magnetics": true, "geochemistry": false}, "water_depth_m": 0}}, {"type": "Feature", "geometry": {"type": "Point", "coordinates": [59.07931, -12.42635]}, "properties": {"id": "TRE2-KIM-012205A-05", "district_id": "TRE2-KIM-012205A", "belt_id": null, "kind": "diamond", "name": "kimberlite diamonds", "tonnage_mt": 8.2785, "grades": {"diamond ct/t": 0.3754}, "depth_m": 9, "blind": false, "strike_deg": 60, "dip_deg": 89, "length_m": 297, "width_m": 413.6, "shape": "pipe", "host": "carbonate", "chance": 0.15, "seen_by": {"magnetics": true, "geochemistry": true}, "water_depth_m": 0}}, {"type": "Feature", "geometry": {"type": "Point", "coordinates": [59.15599, -12.41778]}, "properties": {"id": "TRE2-KIM-012205A-06", "district_id": "TRE2-KIM-012205A", "belt_id": null, "kind": "diamond", "name": "kimberlite diamonds", "tonnage_mt": 3.2294, "grades": {"diamond ct/t": 0.5658}, "depth_m": 94, "blind": false, "strike_deg": 44, "dip_deg": 89, "length_m": 514, "width_m": 681.0, "shape": "pipe", "host": "carbonate", "chance": 0.15, "seen_by": {"magnetics": true, "geochemistry": false}, "water_depth_m": 0}}, {"type": "Feature", "geometry": {"type": "Point", "coordinates": [59.31323, -12.40179]}, "properties": {"id": "TRE2-KIM-012205A-07", "district_id": "TRE2-KIM-012205A", "belt_id": null, "kind": "diamond", "name": "kimberlite diamonds", "tonnage_mt": 35.8854, "grades": {"diamond ct/t": 0.5013}, "depth_m": 0, "blind": false, "strike_deg": 49, "dip_deg": 86, "length_m": 300, "width_m": 816.6, "shape": "pipe", "host": "carbonate", "chance": 0.15, "seen_by": {"magnetics": true, "geochemistry": true}, "water_depth_m": 0}}, {"type": "Feature", "geometry": {"type": "Point", "coordinates": [59.18935, -12.35825]}, "properties": {"id": "TRE2-KIM-012205A-08", "district_id": "TRE2-KIM-012205A", "belt_id": null, "kind": "diamond", "name": "kimberlite diamonds", "tonnage_mt": 17.5342, "grades": {"diamond ct/t": 1.0864}, "depth_m": 0, "blind": false, "strike_deg": 43, "dip_deg": 86, "length_m": 499, "width_m": 614.1, "shape": "pipe", "host": "carbonate", "chance": 0.15, "seen_by": {"magnetics": true, "geochemistry": true}, "water_depth_m": 0}}, {"type": "Feature", "geometry": {"type": "Point", "coordinates": [59.23101, -12.4622]}, "properties": {"id": "TRE2-KIM-012205A-09", "district_id": "TRE2-KIM-012205A", "belt_id": null, "kind": "diamond", "name": "kimberlite diamonds", "tonnage_mt": 48.1359, "grades": {"diamond ct/t": 0.3677}, "depth_m": 0, "blind": false, "strike_deg": 62, "dip_deg": 90, "length_m": 430, "width_m": 391.9, "shape": "pipe", "host": "carbonate", "chance": 0.15, "seen_by": {"magnetics": true, "geochemistry": true}, "water_depth_m": 0}}, {"type": "Feature", "geometry": {"type": "Point", "coordinates": [59.41821, -12.53551]}, "properties": {"id": "TRE2-KIM-012205A-10", "district_id": "TRE2-KIM-012205A", "belt_id": null, "kind": "diamond", "name": "kimberlite diamonds", "tonnage_mt": 18.1904, "grades": {"diamond ct/t": 0.4962}, "depth_m": 117, "blind": false, "strike_deg": 54, "dip_deg": 86, "length_m": 455, "width_m": 317.3, "shape": "pipe", "host": "carbonate", "chance": 0.15, "seen_by": {"magnetics": true, "geochemistry": false}, "water_depth_m": 0}}, {"type": "Feature", "geometry": {"type": "Point", "coordinates": [59.49427, -12.54376]}, "properties": {"id": "TRE2-KIM-012205A-11", "district_id": "TRE2-KIM-012205A", "belt_id": null, "kind": "diamond", "name": "kimberlite diamonds", "tonnage_mt": 81.7937, "grades": {"diamond ct/t": 0.4319}, "depth_m": 270, "blind": false, "strike_deg": 49, "dip_deg": 89, "length_m": 425, "width_m": 454.0, "shape": "pipe", "host": "carbonate", "chance": 0.15, "seen_by": {"magnetics": true, "geochemistry": false}, "water_depth_m": 0}}, {"type": "Feature", "geometry": {"type": "Point", "coordinates": [-150.80183, -23.84168]}, "properties": {"id": "TRE2-KIM-014047A-01", "district_id": "TRE2-KIM-014047A", "belt_id": null, "kind": "diamond", "name": "kimberlite diamonds", "tonnage_mt": 22.0853, "grades": {"diamond ct/t": 0.5043}, "depth_m": 123, "blind": false, "strike_deg": 124, "dip_deg": 89, "length_m": 528, "width_m": 721.7, "shape": "pipe", "host": "basement", "chance": 0.15, "seen_by": {"magnetics": true, "geochemistry": false}, "water_depth_m": 0}}, {"type": "Feature", "geometry": {"type": "Point", "coordinates": [-150.9171, -24.24305]}, "properties": {"id": "TRE2-KIM-014047A-02", "district_id": "TRE2-KIM-014047A", "belt_id": null, "kind": "diamond", "name": "kimberlite diamonds", "tonnage_mt": 74.9637, "grades": {"diamond ct/t": 0.6284}, "depth_m": 0, "blind": false, "strike_deg": 131, "dip_deg": 86, "length_m": 588, "width_m": 158.2, "shape": "pipe", "host": "basement", "chance": 0.15, "seen_by": {"magnetics": true, "geochemistry": true}, "water_depth_m": 0}}, {"type": "Feature", "geometry": {"type": "Point", "coordinates": [-150.28349, -23.89991]}, "properties": {"id": "TRE2-KIM-014047A-03", "district_id": "TRE2-KIM-014047A", "belt_id": null, "kind": "diamond", "name": "kimberlite diamonds", "tonnage_mt": 25.8045, "grades": {"diamond ct/t": 0.3999}, "depth_m": 0, "blind": false, "strike_deg": 116, "dip_deg": 88, "length_m": 391, "width_m": 982.2, "shape": "pipe", "host": "basement", "chance": 0.15, "seen_by": {"magnetics": true, "geochemistry": true}, "water_depth_m": 0}}, {"type": "Feature", "geometry": {"type": "Point", "coordinates": [-150.92454, -23.95824]}, "properties": {"id": "TRE2-KIM-014047A-04", "district_id": "TRE2-KIM-014047A", "belt_id": null, "kind": "diamond", "name": "kimberlite diamonds", "tonnage_mt": 9.5203, "grades": {"diamond ct/t": 1.05}, "depth_m": 0, "blind": false, "strike_deg": 117, "dip_deg": 87, "length_m": 409, "width_m": 770.1, "shape": "pipe", "host": "basement", "chance": 0.15, "seen_by": {"magnetics": true, "geochemistry": true}, "water_depth_m": 0}}, {"type": "Feature", "geometry": {"type": "Point", "coordinates": [-151.18145, -23.79174]}, "properties": {"id": "TRE2-KIM-014047A-05", "district_id": "TRE2-KIM-014047A", "belt_id": null, "kind": "diamond", "name": "kimberlite diamonds", "tonnage_mt": 101.3974, "grades": {"diamond ct/t": 0.4899}, "depth_m": 219, "blind": false, "strike_deg": 109, "dip_deg": 90, "length_m": 559, "width_m": 419.7, "shape": "pipe", "host": "basement", "chance": 0.15, "seen_by": {"magnetics": true, "geochemistry": false}, "water_depth_m": 0}}, {"type": "Feature", "geometry": {"type": "Point", "coordinates": [-150.92301, -24.04701]}, "properties": {"id": "TRE2-KIM-014047A-06", "district_id": "TRE2-KIM-014047A", "belt_id": null, "kind": "diamond", "name": "kimberlite diamonds", "tonnage_mt": 18.8356, "grades": {"diamond ct/t": 0.4241}, "depth_m": 64, "blind": false, "strike_deg": 123, "dip_deg": 89, "length_m": 338, "width_m": 492.1, "shape": "pipe", "host": "basement", "chance": 0.15, "seen_by": {"magnetics": true, "geochemistry": false}, "water_depth_m": 0}}, {"type": "Feature", "geometry": {"type": "Point", "coordinates": [-150.54951, -23.99177]}, "properties": {"id": "TRE2-KIM-014047A-07", "district_id": "TRE2-KIM-014047A", "belt_id": null, "kind": "diamond", "name": "kimberlite diamonds", "tonnage_mt": 50.6252, "grades": {"diamond ct/t": 0.2738}, "depth_m": 0, "blind": false, "strike_deg": 141, "dip_deg": 86, "length_m": 403, "width_m": 631.1, "shape": "pipe", "host": "basement", "chance": 0.15, "seen_by": {"magnetics": true, "geochemistry": true}, "water_depth_m": 0}}, {"type": "Feature", "geometry": {"type": "Point", "coordinates": [-150.78765, -23.94921]}, "properties": {"id": "TRE2-KIM-014047A-08", "district_id": "TRE2-KIM-014047A", "belt_id": null, "kind": "diamond", "name": "kimberlite diamonds", "tonnage_mt": 18.5085, "grades": {"diamond ct/t": 0.6904}, "depth_m": 0, "blind": false, "strike_deg": 128, "dip_deg": 87, "length_m": 554, "width_m": 457.0, "shape": "pipe", "host": "basement", "chance": 0.15, "seen_by": {"magnetics": true, "geochemistry": true}, "water_depth_m": 0}}, {"type": "Feature", "geometry": {"type": "Point", "coordinates": [41.44145, 13.76372]}, "properties": {"id": "TRE2-LCR-007600A-01", "district_id": "TRE2-LCR-007600A", "belt_id": null, "kind": "layered_cr_pge", "name": "layered intrusion chromite and platinum reefs", "tonnage_mt": 38.1164, "grades": {"Cr2O3 %": 53.1366, "PGE g/t": 4.7243, "Ni %": 0.1515}, "depth_m": 1542, "blind": true, "strike_deg": 51, "dip_deg": 21, "length_m": 24000, "width_m": 4.2, "shape": "strata", "host": "arc_plutonic", "chance": 0.081, "seen_by": {"gravity": false, "magnetics": false}, "water_depth_m": 0}}, {"type": "Feature", "geometry": {"type": "Point", "coordinates": [41.76614, 14.12914]}, "properties": {"id": "TRE2-LCR-007600A-02", "district_id": "TRE2-LCR-007600A", "belt_id": null, "kind": "layered_cr_pge", "name": "layered intrusion chromite and platinum reefs", "tonnage_mt": 42.1116, "grades": {"Cr2O3 %": 53.9839, "PGE g/t": 5.4734, "Ni %": 0.209}, "depth_m": 1488, "blind": true, "strike_deg": 51, "dip_deg": 6, "length_m": 21332, "width_m": 1.6, "shape": "strata", "host": "arc_plutonic", "chance": 0.081, "seen_by": {"gravity": false, "magnetics": false}, "water_depth_m": 0}}, {"type": "Feature", "geometry": {"type": "Point", "coordinates": [41.62823, 14.1006]}, "properties": {"id": "TRE2-LCR-007600A-03", "district_id": "TRE2-LCR-007600A", "belt_id": null, "kind": "layered_cr_pge", "name": "layered intrusion chromite and platinum reefs", "tonnage_mt": 362.4008, "grades": {"Cr2O3 %": 37.218, "PGE g/t": 5.8833, "Ni %": 0.1979}, "depth_m": 1521, "blind": true, "strike_deg": 39, "dip_deg": 24, "length_m": 38712, "width_m": 6.4, "shape": "strata", "host": "arc_plutonic", "chance": 0.081, "seen_by": {"gravity": false, "magnetics": false}, "water_depth_m": 0}}, {"type": "Feature", "geometry": {"type": "Point", "coordinates": [41.73696, 14.17274]}, "properties": {"id": "TRE2-LCR-007600A-04", "district_id": "TRE2-LCR-007600A", "belt_id": null, "kind": "layered_cr_pge", "name": "layered intrusion chromite and platinum reefs", "tonnage_mt": 574.8793, "grades": {"Cr2O3 %": 31.2839, "PGE g/t": 8.7166, "Ni %": 0.1731}, "depth_m": 1531, "blind": true, "strike_deg": 41, "dip_deg": 13, "length_m": 31070, "width_m": 1.8, "shape": "strata", "host": "arc_plutonic", "chance": 0.081, "seen_by": {"gravity": false, "magnetics": false}, "water_depth_m": 0}}, {"type": "Feature", "geometry": {"type": "Point", "coordinates": [41.45398, 13.81423]}, "properties": {"id": "TRE2-LCR-007600A-05", "district_id": "TRE2-LCR-007600A", "belt_id": null, "kind": "layered_cr_pge", "name": "layered intrusion chromite and platinum reefs", "tonnage_mt": 106.6347, "grades": {"Cr2O3 %": 72.2654, "PGE g/t": 9.4352, "Ni %": 0.1434}, "depth_m": 1673, "blind": true, "strike_deg": 54, "dip_deg": 23, "length_m": 51372, "width_m": 3.5, "shape": "strata", "host": "arc_plutonic", "chance": 0.081, "seen_by": {"gravity": false, "magnetics": false}, "water_depth_m": 0}}, {"type": "Feature", "geometry": {"type": "Point", "coordinates": [41.76695, 14.18815]}, "properties": {"id": "TRE2-LCR-007600A-06", "district_id": "TRE2-LCR-007600A", "belt_id": null, "kind": "layered_cr_pge", "name": "layered intrusion chromite and platinum reefs", "tonnage_mt": 320.9503, "grades": {"Cr2O3 %": 49.5923, "PGE g/t": 7.4927, "Ni %": 0.1648}, "depth_m": 1804, "blind": true, "strike_deg": 30, "dip_deg": 19, "length_m": 43683, "width_m": 2.9, "shape": "strata", "host": "arc_plutonic", "chance": 0.081, "seen_by": {"gravity": false, "magnetics": false}, "water_depth_m": 0}}, {"type": "Feature", "geometry": {"type": "Point", "coordinates": [41.07704, 13.56657]}, "properties": {"id": "TRE2-LCR-007600A-07", "district_id": "TRE2-LCR-007600A", "belt_id": null, "kind": "layered_cr_pge", "name": "layered intrusion chromite and platinum reefs", "tonnage_mt": 487.5841, "grades": {"Cr2O3 %": 50.3919, "PGE g/t": 3.2306, "Ni %": 0.2275}, "depth_m": 1869, "blind": true, "strike_deg": 38, "dip_deg": 33, "length_m": 59542, "width_m": 3.2, "shape": "strata", "host": "arc_plutonic", "chance": 0.081, "seen_by": {"gravity": false, "magnetics": false}, "water_depth_m": 0}}, {"type": "Feature", "geometry": {"type": "Point", "coordinates": [41.46281, 13.92106]}, "properties": {"id": "TRE2-LCR-007600A-08", "district_id": "TRE2-LCR-007600A", "belt_id": null, "kind": "layered_cr_pge", "name": "layered intrusion chromite and platinum reefs", "tonnage_mt": 2920.4281, "grades": {"Cr2O3 %": 64.6446, "PGE g/t": 8.993, "Ni %": 0.1364}, "depth_m": 1623, "blind": true, "strike_deg": 32, "dip_deg": 36, "length_m": 38111, "width_m": 4.7, "shape": "strata", "host": "arc_plutonic", "chance": 0.081, "seen_by": {"gravity": false, "magnetics": false}, "water_depth_m": 0}}, {"type": "Feature", "geometry": {"type": "Point", "coordinates": [41.7499, 14.2934]}, "properties": {"id": "TRE2-LCR-007600A-09", "district_id": "TRE2-LCR-007600A", "belt_id": null, "kind": "layered_cr_pge", "name": "layered intrusion chromite and platinum reefs", "tonnage_mt": 595.2833, "grades": {"Cr2O3 %": 49.5171, "PGE g/t": 2.1333, "Ni %": 0.1028}, "depth_m": 1598, "blind": true, "strike_deg": 27, "dip_deg": 30, "length_m": 34441, "width_m": 3.0, "shape": "strata", "host": "arc_plutonic", "chance": 0.081, "seen_by": {"gravity": false, "magnetics": false}, "water_depth_m": 0}}, {"type": "Feature", "geometry": {"type": "Point", "coordinates": [56.06115, 0.94392]}, "properties": {"id": "TRE2-LCR-009820A-01", "district_id": "TRE2-LCR-009820A", "belt_id": null, "kind": "layered_cr_pge", "name": "layered intrusion chromite and platinum reefs", "tonnage_mt": 252.1811, "grades": {"Cr2O3 %": 18.6025, "PGE g/t": 5.17, "Ni %": 0.1419}, "depth_m": 1688, "blind": true, "strike_deg": 111, "dip_deg": 6, "length_m": 39306, "width_m": 2.6, "shape": "strata", "host": "schist", "chance": 0.027, "seen_by": {"gravity": false, "magnetics": false}, "water_depth_m": 0}}, {"type": "Feature", "geometry": {"type": "Point", "coordinates": [55.77545, 1.18091]}, "properties": {"id": "TRE2-LCR-009820A-02", "district_id": "TRE2-LCR-009820A", "belt_id": null, "kind": "layered_cr_pge", "name": "layered intrusion chromite and platinum reefs", "tonnage_mt": 556.5218, "grades": {"Cr2O3 %": 32.7554, "PGE g/t": 9.6212, "Ni %": 0.1014}, "depth_m": 1707, "blind": true, "strike_deg": 120, "dip_deg": 13, "length_m": 31818, "width_m": 3.8, "shape": "strata", "host": "schist", "chance": 0.027, "seen_by": {"gravity": false, "magnetics": false}, "water_depth_m": 0}}, {"type": "Feature", "geometry": {"type": "Point", "coordinates": [55.13378, 1.50414]}, "properties": {"id": "TRE2-LCR-009820A-03", "district_id": "TRE2-LCR-009820A", "belt_id": null, "kind": "layered_cr_pge", "name": "layered intrusion chromite and platinum reefs", "tonnage_mt": 1078.3492, "grades": {"Cr2O3 %": 62.0543, "PGE g/t": 6.2318, "Ni %": 0.1712}, "depth_m": 1729, "blind": true, "strike_deg": 113, "dip_deg": 22, "length_m": 99944, "width_m": 3.4, "shape": "strata", "host": "schist", "chance": 0.027, "seen_by": {"gravity": false, "magnetics": false}, "water_depth_m": 0}}, {"type": "Feature", "geometry": {"type": "Point", "coordinates": [55.90306, 1.0214]}, "properties": {"id": "TRE2-LCR-009820A-04", "district_id": "TRE2-LCR-009820A", "belt_id": null, "kind": "layered_cr_pge", "name": "layered intrusion chromite and platinum reefs", "tonnage_mt": 1442.8738, "grades": {"Cr2O3 %": 51.5847, "PGE g/t": 4.1215, "Ni %": 0.1267}, "depth_m": 1519, "blind": true, "strike_deg": 123, "dip_deg": 34, "length_m": 21644, "width_m": 3.9, "shape": "strata", "host": "schist", "chance": 0.027, "seen_by": {"gravity": false, "magnetics": false}, "water_depth_m": 0}}, {"type": "Feature", "geometry": {"type": "Point", "coordinates": [54.96094, 1.61501]}, "properties": {"id": "TRE2-LCR-009820A-05", "district_id": "TRE2-LCR-009820A", "belt_id": null, "kind": "layered_cr_pge", "name": "layered intrusion chromite and platinum reefs", "tonnage_mt": 524.7581, "grades": {"Cr2O3 %": 126.1347, "PGE g/t": 6.2672, "Ni %": 0.228}, "depth_m": 1993, "blind": true, "strike_deg": 106, "dip_deg": 13, "length_m": 22287, "width_m": 1.5, "shape": "strata", "host": "schist", "chance": 0.027, "seen_by": {"gravity": false, "magnetics": false}, "water_depth_m": 0}}, {"type": "Feature", "geometry": {"type": "Point", "coordinates": [55.65337, 1.17714]}, "properties": {"id": "TRE2-LCR-009820A-06", "district_id": "TRE2-LCR-009820A", "belt_id": null, "kind": "layered_cr_pge", "name": "layered intrusion chromite and platinum reefs", "tonnage_mt": 584.9066, "grades": {"Cr2O3 %": 54.8158, "PGE g/t": 14.1038, "Ni %": 0.1213}, "depth_m": 1943, "blind": true, "strike_deg": 122, "dip_deg": 36, "length_m": 88013, "width_m": 3.5, "shape": "strata", "host": "schist", "chance": 0.027, "seen_by": {"gravity": false, "magnetics": false}, "water_depth_m": 0}}, {"type": "Feature", "geometry": {"type": "Point", "coordinates": [55.0755, 1.60047]}, "properties": {"id": "TRE2-LCR-009820A-07", "district_id": "TRE2-LCR-009820A", "belt_id": null, "kind": "layered_cr_pge", "name": "layered intrusion chromite and platinum reefs", "tonnage_mt": 387.2627, "grades": {"Cr2O3 %": 41.0663, "PGE g/t": 6.5529, "Ni %": 0.1019}, "depth_m": 1426, "blind": true, "strike_deg": 111, "dip_deg": 36, "length_m": 57519, "width_m": 2.6, "shape": "strata", "host": "schist", "chance": 0.027, "seen_by": {"gravity": false, "magnetics": false}, "water_depth_m": 0}}, {"type": "Feature", "geometry": {"type": "Point", "coordinates": [145.98688, -26.01795]}, "properties": {"id": "TRE2-LCR-014503A-01", "district_id": "TRE2-LCR-014503A", "belt_id": "TRE2-LCR-B0011", "kind": "layered_cr_pge", "name": "layered intrusion chromite and platinum reefs", "tonnage_mt": 472.8149, "grades": {"Cr2O3 %": 29.0149, "PGE g/t": 3.2911, "Ni %": 0.2406}, "depth_m": 0, "blind": false, "strike_deg": 177, "dip_deg": 29, "length_m": 36020, "width_m": 2.2, "shape": "strata", "host": "arc_plutonic", "chance": 0.513, "seen_by": {"gravity": true, "magnetics": true}, "water_depth_m": 0}}, {"type": "Feature", "geometry": {"type": "Point", "coordinates": [146.02203, -25.63754]}, "properties": {"id": "TRE2-LCR-014503A-02", "district_id": "TRE2-LCR-014503A", "belt_id": "TRE2-LCR-B0011", "kind": "layered_cr_pge", "name": "layered intrusion chromite and platinum reefs", "tonnage_mt": 12.5447, "grades": {"Cr2O3 %": 42.585, "PGE g/t": 3.6003, "Ni %": 0.0724}, "depth_m": 0, "blind": false, "strike_deg": 5, "dip_deg": 33, "length_m": 66874, "width_m": 3.4, "shape": "strata", "host": "arc_plutonic", "chance": 0.513, "seen_by": {"gravity": true, "magnetics": true}, "water_depth_m": 0}}, {"type": "Feature", "geometry": {"type": "Point", "coordinates": [145.9674, -26.28724]}, "properties": {"id": "TRE2-LCR-014503A-03", "district_id": "TRE2-LCR-014503A", "belt_id": "TRE2-LCR-B0011", "kind": "layered_cr_pge", "name": "layered intrusion chromite and platinum reefs", "tonnage_mt": 13.7667, "grades": {"Cr2O3 %": 28.8873, "PGE g/t": 4.6661, "Ni %": 0.1338}, "depth_m": 0, "blind": false, "strike_deg": 178, "dip_deg": 32, "length_m": 25737, "width_m": 2.4, "shape": "strata", "host": "arc_plutonic", "chance": 0.513, "seen_by": {"gravity": true, "magnetics": true}, "water_depth_m": 0}}, {"type": "Feature", "geometry": {"type": "Point", "coordinates": [145.88464, -26.18835]}, "properties": {"id": "TRE2-LCR-014503A-04", "district_id": "TRE2-LCR-014503A", "belt_id": "TRE2-LCR-B0011", "kind": "layered_cr_pge", "name": "layered intrusion chromite and platinum reefs", "tonnage_mt": 22.7877, "grades": {"Cr2O3 %": 19.882, "PGE g/t": 4.1246, "Ni %": 0.1697}, "depth_m": 0, "blind": false, "strike_deg": 4, "dip_deg": 24, "length_m": 38284, "width_m": 4.4, "shape": "strata", "host": "arc_plutonic", "chance": 0.513, "seen_by": {"gravity": true, "magnetics": true}, "water_depth_m": 0}}, {"type": "Feature", "geometry": {"type": "Point", "coordinates": [145.83349, -26.46719]}, "properties": {"id": "TRE2-LCR-014503A-05", "district_id": "TRE2-LCR-014503A", "belt_id": "TRE2-LCR-B0011", "kind": "layered_cr_pge", "name": "layered intrusion chromite and platinum reefs", "tonnage_mt": 35.8124, "grades": {"Cr2O3 %": 56.2884, "PGE g/t": 8.9777, "Ni %": 0.1671}, "depth_m": 0, "blind": false, "strike_deg": 179, "dip_deg": 33, "length_m": 56300, "width_m": 2.0, "shape": "strata", "host": "arc_plutonic", "chance": 0.513, "seen_by": {"gravity": true, "magnetics": true}, "water_depth_m": 0}}, {"type": "Feature", "geometry": {"type": "Point", "coordinates": [-99.00627, 66.15165]}, "properties": {"id": "TRE2-LVT-000891A-01", "district_id": "TRE2-LVT-000891A", "belt_id": null, "kind": "layered_vti", "name": "vanadium\u2013titanium magnetite seams", "tonnage_mt": 571.6966, "grades": {"Fe %": 41.4522, "TiO2 %": 13.1765, "V2O5 %": 1.7119}, "depth_m": 0, "blind": false, "strike_deg": 38, "dip_deg": 20, "length_m": 56177, "width_m": 1.3, "shape": "strata", "host": "granite", "chance": 0.104, "seen_by": {"magnetics": true, "gravity": true}, "water_depth_m": 0}}, {"type": "Feature", "geometry": {"type": "Point", "coordinates": [-99.969, 65.68992]}, "properties": {"id": "TRE2-LVT-000891A-02", "district_id": "TRE2-LVT-000891A", "belt_id": null, "kind": "layered_vti", "name": "vanadium\u2013titanium magnetite seams", "tonnage_mt": 53.8855, "grades": {"Fe %": 51.6212, "TiO2 %": 17.625, "V2O5 %": 1.5425}, "depth_m": 0, "blind": false, "strike_deg": 21, "dip_deg": 7, "length_m": 48492, "width_m": 3.1, "shape": "strata", "host": "granite", "chance": 0.104, "seen_by": {"magnetics": true, "gravity": true}, "water_depth_m": 0}}, {"type": "Feature", "geometry": {"type": "Point", "coordinates": [-99.23627, 66.0593]}, "properties": {"id": "TRE2-LVT-000891A-03", "district_id": "TRE2-LVT-000891A", "belt_id": null, "kind": "layered_vti", "name": "vanadium\u2013titanium magnetite seams", "tonnage_mt": 83.4458, "grades": {"Fe %": 91.1231, "TiO2 %": 19.4273, "V2O5 %": 2.4275}, "depth_m": 0, "blind": false, "strike_deg": 51, "dip_deg": 35, "length_m": 36913, "width_m": 3.2, "shape": "strata", "host": "granite", "chance": 0.104, "seen_by": {"magnetics": true, "gravity": true}, "water_depth_m": 0}}, {"type": "Feature", "geometry": {"type": "Point", "coordinates": [-99.87831, 65.84016]}, "properties": {"id": "TRE2-LVT-000891A-04", "district_id": "TRE2-LVT-000891A", "belt_id": null, "kind": "layered_vti", "name": "vanadium\u2013titanium magnetite seams", "tonnage_mt": 251.9584, "grades": {"Fe %": 49.6889, "TiO2 %": 25.6847, "V2O5 %": 1.0099}, "depth_m": 0, "blind": false, "strike_deg": 45, "dip_deg": 28, "length_m": 31220, "width_m": 1.7, "shape": "strata", "host": "granite", "chance": 0.104, "seen_by": {"magnetics": true, "gravity": true}, "water_depth_m": 0}}, {"type": "Feature", "geometry": {"type": "Point", "coordinates": [-99.15573, 66.11125]}, "properties": {"id": "TRE2-LVT-000891A-05", "district_id": "TRE2-LVT-000891A", "belt_id": null, "kind": "layered_vti", "name": "vanadium\u2013titanium magnetite seams", "tonnage_mt": 307.8127, "grades": {"Fe %": 44.2653, "TiO2 %": 12.9166, "V2O5 %": 1.4962}, "depth_m": 0, "blind": false, "strike_deg": 44, "dip_deg": 28, "length_m": 74479, "width_m": 4.0, "shape": "strata", "host": "granite", "chance": 0.104, "seen_by": {"magnetics": true, "gravity": true}, "water_depth_m": 0}}, {"type": "Feature", "geometry": {"type": "Point", "coordinates": [-99.06365, 66.25115]}, "properties": {"id": "TRE2-LVT-000891A-06", "district_id": "TRE2-LVT-000891A", "belt_id": null, "kind": "layered_vti", "name": "vanadium\u2013titanium magnetite seams", "tonnage_mt": 155.346, "grades": {"Fe %": 55.2627, "TiO2 %": 10.6563, "V2O5 %": 1.052}, "depth_m": 0, "blind": false, "strike_deg": 43, "dip_deg": 26, "length_m": 17163, "width_m": 2.0, "shape": "strata", "host": "granite", "chance": 0.104, "seen_by": {"magnetics": true, "gravity": true}, "water_depth_m": 0}}, {"type": "Feature", "geometry": {"type": "Point", "coordinates": [66.91042, -10.86354]}, "properties": {"id": "TRE2-LVT-011807A-01", "district_id": "TRE2-LVT-011807A", "belt_id": null, "kind": "layered_vti", "name": "vanadium\u2013titanium magnetite seams", "tonnage_mt": 53.4679, "grades": {"Fe %": 51.8619, "TiO2 %": 16.0705, "V2O5 %": 1.6771}, "depth_m": 2083, "blind": true, "strike_deg": 126, "dip_deg": 18, "length_m": 29534, "width_m": 6.2, "shape": "strata", "host": "carbonate", "chance": 0.104, "seen_by": {"magnetics": false, "gravity": false}, "water_depth_m": 0}}, {"type": "Feature", "geometry": {"type": "Point", "coordinates": [67.19976, -10.9939]}, "properties": {"id": "TRE2-LVT-011807A-02", "district_id": "TRE2-LVT-011807A", "belt_id": null, "kind": "layered_vti", "name": "vanadium\u2013titanium magnetite seams", "tonnage_mt": 176.467, "grades": {"Fe %": 127.1267, "TiO2 %": 8.7464, "V2O5 %": 2.1731}, "depth_m": 1738, "blind": true, "strike_deg": 118, "dip_deg": 6, "length_m": 19210, "width_m": 1.3, "shape": "strata", "host": "carbonate", "chance": 0.104, "seen_by": {"magnetics": false, "gravity": false}, "water_depth_m": 0}}, {"type": "Feature", "geometry": {"type": "Point", "coordinates": [67.01218, -10.91366]}, "properties": {"id": "TRE2-LVT-011807A-03", "district_id": "TRE2-LVT-011807A", "belt_id": null, "kind": "layered_vti", "name": "vanadium\u2013titanium magnetite seams", "tonnage_mt": 304.3648, "grades": {"Fe %": 60.4933, "TiO2 %": 16.0469, "V2O5 %": 1.9329}, "depth_m": 1580, "blind": true, "strike_deg": 142, "dip_deg": 20, "length_m": 16693, "width_m": 1.0, "shape": "strata", "host": "carbonate", "chance": 0.104, "seen_by": {"magnetics": false, "gravity": false}, "water_depth_m": 0}}, {"type": "Feature", "geometry": {"type": "Point", "coordinates": [66.61527, -10.74864]}, "properties": {"id": "TRE2-LVT-011807A-04", "district_id": "TRE2-LVT-011807A", "belt_id": null, "kind": "layered_vti", "name": "vanadium\u2013titanium magnetite seams", "tonnage_mt": 68.2161, "grades": {"Fe %": 31.2931, "TiO2 %": 10.0, "V2O5 %": 2.8103}, "depth_m": 1531, "blind": true, "strike_deg": 121, "dip_deg": 37, "length_m": 81396, "width_m": 3.9, "shape": "strata", "host": "carbonate", "chance": 0.104, "seen_by": {"magnetics": false, "gravity": false}, "water_depth_m": 0}}, {"type": "Feature", "geometry": {"type": "Point", "coordinates": [36.58654, -21.14444]}, "properties": {"id": "TRE2-LVT-013488A-01", "district_id": "TRE2-LVT-013488A", "belt_id": null, "kind": "layered_vti", "name": "vanadium\u2013titanium magnetite seams", "tonnage_mt": 41.2057, "grades": {"Fe %": 40.2838, "TiO2 %": 17.8598, "V2O5 %": 1.3001}, "depth_m": 0, "blind": false, "strike_deg": 6, "dip_deg": 36, "length_m": 22112, "width_m": 2.2, "shape": "strata", "host": "granite", "chance": 0.149, "seen_by": {"magnetics": true, "gravity": true}, "water_depth_m": 0}}, {"type": "Feature", "geometry": {"type": "Point", "coordinates": [36.54624, -20.61745]}, "properties": {"id": "TRE2-LVT-013488A-02", "district_id": "TRE2-LVT-013488A", "belt_id": null, "kind": "layered_vti", "name": "vanadium\u2013titanium magnetite seams", "tonnage_mt": 53.8993, "grades": {"Fe %": 45.3284, "TiO2 %": 16.1485, "V2O5 %": 1.1816}, "depth_m": 0, "blind": false, "strike_deg": 10, "dip_deg": 32, "length_m": 20243, "width_m": 2.7, "shape": "strata", "host": "granite", "chance": 0.149, "seen_by": {"magnetics": true, "gravity": true}, "water_depth_m": 0}}, {"type": "Feature", "geometry": {"type": "Point", "coordinates": [155.88377, -32.53754]}, "properties": {"id": "TRE2-LVT-015181A-01", "district_id": "TRE2-LVT-015181A", "belt_id": "TRE2-LVT-B0012", "kind": "layered_vti", "name": "vanadium\u2013titanium magnetite seams", "tonnage_mt": 1872.2512, "grades": {"Fe %": 103.8324, "TiO2 %": 10.6108, "V2O5 %": 2.2935}, "depth_m": 0, "blind": false, "strike_deg": 174, "dip_deg": 15, "length_m": 37411, "width_m": 2.4, "shape": "strata", "host": "flood_basalt", "chance": 0.378, "seen_by": {"magnetics": true, "gravity": true}, "water_depth_m": 0}}, {"type": "Feature", "geometry": {"type": "Point", "coordinates": [155.90764, -31.73244]}, "properties": {"id": "TRE2-LVT-015181A-02", "district_id": "TRE2-LVT-015181A", "belt_id": "TRE2-LVT-B0012", "kind": "layered_vti", "name": "vanadium\u2013titanium magnetite seams", "tonnage_mt": 506.6879, "grades": {"Fe %": 71.0696, "TiO2 %": 5.9702, "V2O5 %": 1.4698}, "depth_m": 0, "blind": false, "strike_deg": 9, "dip_deg": 38, "length_m": 46619, "width_m": 1.3, "shape": "strata", "host": "flood_basalt", "chance": 0.378, "seen_by": {"magnetics": true, "gravity": true}, "water_depth_m": 0}}, {"type": "Feature", "geometry": {"type": "Point", "coordinates": [155.81672, -31.575]}, "properties": {"id": "TRE2-LVT-015181A-03", "district_id": "TRE2-LVT-015181A", "belt_id": "TRE2-LVT-B0012", "kind": "layered_vti", "name": "vanadium\u2013titanium magnetite seams", "tonnage_mt": 313.7402, "grades": {"Fe %": 65.7125, "TiO2 %": 16.352, "V2O5 %": 1.3329}, "depth_m": 0, "blind": false, "strike_deg": 12, "dip_deg": 28, "length_m": 15224, "width_m": 1.1, "shape": "strata", "host": "flood_basalt", "chance": 0.378, "seen_by": {"magnetics": true, "gravity": true}, "water_depth_m": 0}}, {"type": "Feature", "geometry": {"type": "Point", "coordinates": [156.01174, -31.61739]}, "properties": {"id": "TRE2-LVT-015181A-04", "district_id": "TRE2-LVT-015181A", "belt_id": "TRE2-LVT-B0012", "kind": "layered_vti", "name": "vanadium\u2013titanium magnetite seams", "tonnage_mt": 48.7182, "grades": {"Fe %": 51.8497, "TiO2 %": 25.7693, "V2O5 %": 1.4715}, "depth_m": 75, "blind": false, "strike_deg": 10, "dip_deg": 28, "length_m": 11119, "width_m": 1.4, "shape": "strata", "host": "flood_basalt", "chance": 0.378, "seen_by": {"magnetics": true, "gravity": true}, "water_depth_m": 0}}, {"type": "Feature", "geometry": {"type": "Point", "coordinates": [156.0181, -31.6237]}, "properties": {"id": "TRE2-LVT-015181A-05", "district_id": "TRE2-LVT-015181A", "belt_id": "TRE2-LVT-B0012", "kind": "layered_vti", "name": "vanadium\u2013titanium magnetite seams", "tonnage_mt": 4452.9054, "grades": {"Fe %": 69.8741, "TiO2 %": 14.788, "V2O5 %": 2.8967}, "depth_m": 0, "blind": false, "strike_deg": 13, "dip_deg": 12, "length_m": 29709, "width_m": 1.3, "shape": "strata", "host": "flood_basalt", "chance": 0.378, "seen_by": {"magnetics": true, "gravity": true}, "water_depth_m": 0}}, {"type": "Feature", "geometry": {"type": "Point", "coordinates": [150.47234, -49.42577]}, "properties": {"id": "TRE2-LVT-017498A-01", "district_id": "TRE2-LVT-017498A", "belt_id": null, "kind": "layered_vti", "name": "vanadium\u2013titanium magnetite seams", "tonnage_mt": 81.8249, "grades": {"Fe %": 57.9044, "TiO2 %": 9.0121, "V2O5 %": 1.3215}, "depth_m": 0, "blind": false, "strike_deg": 10, "dip_deg": 23, "length_m": 31349, "width_m": 2.0, "shape": "strata", "host": "clastic", "chance": 0.061, "seen_by": {"magnetics": true, "gravity": true}, "water_depth_m": 106}}, {"type": "Feature", "geometry": {"type": "Point", "coordinates": [150.47062, -49.36228]}, "properties": {"id": "TRE2-LVT-017498A-02", "district_id": "TRE2-LVT-017498A", "belt_id": null, "kind": "layered_vti", "name": "vanadium\u2013titanium magnetite seams", "tonnage_mt": 271.645, "grades": {"Fe %": 81.2043, "TiO2 %": 12.4826, "V2O5 %": 1.4545}, "depth_m": 0, "blind": false, "strike_deg": 12, "dip_deg": 30, "length_m": 44383, "width_m": 2.3, "shape": "strata", "host": "clastic", "chance": 0.061, "seen_by": {"magnetics": true, "gravity": true}, "water_depth_m": 106}}, {"type": "Feature", "geometry": {"type": "Point", "coordinates": [150.45332, -48.80434]}, "properties": {"id": "TRE2-LVT-017498A-03", "district_id": "TRE2-LVT-017498A", "belt_id": null, "kind": "layered_vti", "name": "vanadium\u2013titanium magnetite seams", "tonnage_mt": 133.7409, "grades": {"Fe %": 89.9004, "TiO2 %": 13.37, "V2O5 %": 1.5267}, "depth_m": 0, "blind": false, "strike_deg": 2, "dip_deg": 28, "length_m": 26325, "width_m": 1.5, "shape": "strata", "host": "clastic", "chance": 0.061, "seen_by": {"magnetics": true, "gravity": true}, "water_depth_m": 106}}, {"type": "Feature", "geometry": {"type": "Point", "coordinates": [150.49523, -49.303]}, "properties": {"id": "TRE2-LVT-017498A-04", "district_id": "TRE2-LVT-017498A", "belt_id": null, "kind": "layered_vti", "name": "vanadium\u2013titanium magnetite seams", "tonnage_mt": 598.6985, "grades": {"Fe %": 39.9508, "TiO2 %": 19.8636, "V2O5 %": 0.9487}, "depth_m": 0, "blind": false, "strike_deg": 6, "dip_deg": 15, "length_m": 36595, "width_m": 0.7, "shape": "strata", "host": "clastic", "chance": 0.061, "seen_by": {"magnetics": true, "gravity": true}, "water_depth_m": 106}}, {"type": "Feature", "geometry": {"type": "Point", "coordinates": [150.44604, -49.43339]}, "properties": {"id": "TRE2-LVT-017498A-05", "district_id": "TRE2-LVT-017498A", "belt_id": null, "kind": "layered_vti", "name": "vanadium\u2013titanium magnetite seams", "tonnage_mt": 94.4416, "grades": {"Fe %": 67.8828, "TiO2 %": 12.0097, "V2O5 %": 1.112}, "depth_m": 0, "blind": false, "strike_deg": 8, "dip_deg": 29, "length_m": 61583, "width_m": 1.3, "shape": "strata", "host": "clastic", "chance": 0.061, "seen_by": {"magnetics": true, "gravity": true}, "water_depth_m": 106}}, {"type": "Feature", "geometry": {"type": "Point", "coordinates": [162.19932, 37.94344]}, "properties": {"id": "TRE2-SMN-003748A-01", "district_id": "TRE2-SMN-003748A", "belt_id": "TRE2-SMN-B0000", "kind": "sed_manganese", "name": "sedimentary manganese", "tonnage_mt": 125.5227, "grades": {"Mn %": 44.2541, "Fe %": 11.9945}, "depth_m": 1090, "blind": true, "strike_deg": 135, "dip_deg": 8, "length_m": 6409, "width_m": 41.0, "shape": "strata", "host": "arc_plutonic", "chance": 0.753, "seen_by": {"geochemistry": false, "gravity": false}, "water_depth_m": 0}}, {"type": "Feature", "geometry": {"type": "Point", "coordinates": [162.17881, 38.2003]}, "properties": {"id": "TRE2-SMN-003748A-02", "district_id": "TRE2-SMN-003748A", "belt_id": "TRE2-SMN-B0000", "kind": "sed_manganese", "name": "sedimentary manganese", "tonnage_mt": 46.916, "grades": {"Mn %": 31.7802, "Fe %": 9.1131}, "depth_m": 1266, "blind": true, "strike_deg": 140, "dip_deg": 7, "length_m": 5895, "width_m": 31.6, "shape": "strata", "host": "arc_plutonic", "chance": 0.753, "seen_by": {"geochemistry": false, "gravity": false}, "water_depth_m": 0}}, {"type": "Feature", "geometry": {"type": "Point", "coordinates": [162.04858, 38.29211]}, "properties": {"id": "TRE2-SMN-003748A-03", "district_id": "TRE2-SMN-003748A", "belt_id": "TRE2-SMN-B0000", "kind": "sed_manganese", "name": "sedimentary manganese", "tonnage_mt": 7.1862, "grades": {"Mn %": 41.0592, "Fe %": 6.4862}, "depth_m": 1035, "blind": true, "strike_deg": 96, "dip_deg": 8, "length_m": 4763, "width_m": 35.1, "shape": "strata", "host": "arc_plutonic", "chance": 0.753, "seen_by": {"geochemistry": false, "gravity": false}, "water_depth_m": 0}}, {"type": "Feature", "geometry": {"type": "Point", "coordinates": [162.03318, 38.10243]}, "properties": {"id": "TRE2-SMN-003748A-04", "district_id": "TRE2-SMN-003748A", "belt_id": "TRE2-SMN-B0000", "kind": "sed_manganese", "name": "sedimentary manganese", "tonnage_mt": 32.3264, "grades": {"Mn %": 46.7317, "Fe %": 7.4201}, "depth_m": 1192, "blind": true, "strike_deg": 121, "dip_deg": 31, "length_m": 8970, "width_m": 35.7, "shape": "strata", "host": "arc_plutonic", "chance": 0.753, "seen_by": {"geochemistry": false, "gravity": false}, "water_depth_m": 0}}, {"type": "Feature", "geometry": {"type": "Point", "coordinates": [161.99955, 38.20353]}, "properties": {"id": "TRE2-SMN-003748A-05", "district_id": "TRE2-SMN-003748A", "belt_id": "TRE2-SMN-B0000", "kind": "sed_manganese", "name": "sedimentary manganese", "tonnage_mt": 253.6139, "grades": {"Mn %": 32.2579, "Fe %": 7.5382}, "depth_m": 978, "blind": true, "strike_deg": 136, "dip_deg": 32, "length_m": 15182, "width_m": 34.1, "shape": "strata", "host": "arc_plutonic", "chance": 0.753, "seen_by": {"geochemistry": false, "gravity": false}, "water_depth_m": 0}}, {"type": "Feature", "geometry": {"type": "Point", "coordinates": [161.80659, 38.43224]}, "properties": {"id": "TRE2-SMN-003748A-06", "district_id": "TRE2-SMN-003748A", "belt_id": "TRE2-SMN-B0000", "kind": "sed_manganese", "name": "sedimentary manganese", "tonnage_mt": 598.305, "grades": {"Mn %": 82.4852, "Fe %": 5.6144}, "depth_m": 1184, "blind": true, "strike_deg": 130, "dip_deg": 25, "length_m": 10249, "width_m": 24.3, "shape": "strata", "host": "arc_plutonic", "chance": 0.753, "seen_by": {"geochemistry": false, "gravity": false}, "water_depth_m": 0}}, {"type": "Feature", "geometry": {"type": "Point", "coordinates": [162.34765, 38.02423]}, "properties": {"id": "TRE2-SMN-003748A-07", "district_id": "TRE2-SMN-003748A", "belt_id": "TRE2-SMN-B0000", "kind": "sed_manganese", "name": "sedimentary manganese", "tonnage_mt": 125.7885, "grades": {"Mn %": 54.3882, "Fe %": 8.0176}, "depth_m": 1270, "blind": true, "strike_deg": 140, "dip_deg": 31, "length_m": 10631, "width_m": 29.2, "shape": "strata", "host": "arc_plutonic", "chance": 0.753, "seen_by": {"geochemistry": false, "gravity": false}, "water_depth_m": 0}}, {"type": "Feature", "geometry": {"type": "Point", "coordinates": [-170.99106, -24.66104]}, "properties": {"id": "TRE2-SMN-014199A-01", "district_id": "TRE2-SMN-014199A", "belt_id": null, "kind": "sed_manganese", "name": "sedimentary manganese", "tonnage_mt": 104.847, "grades": {"Mn %": 32.8158, "Fe %": 8.9753}, "depth_m": 0, "blind": false, "strike_deg": 121, "dip_deg": 30, "length_m": 5946, "width_m": 44.0, "shape": "strata", "host": "carbonate", "chance": 0.012, "seen_by": {"geochemistry": true, "gravity": true}, "water_depth_m": 0}}, {"type": "Feature", "geometry": {"type": "Point", "coordinates": [-170.70349, -24.74358]}, "properties": {"id": "TRE2-SMN-014199A-02", "district_id": "TRE2-SMN-014199A", "belt_id": null, "kind": "sed_manganese", "name": "sedimentary manganese", "tonnage_mt": 60.4468, "grades": {"Mn %": 31.48, "Fe %": 6.4496}, "depth_m": 16, "blind": false, "strike_deg": 108, "dip_deg": 26, "length_m": 18589, "width_m": 17.8, "shape": "strata", "host": "carbonate", "chance": 0.012, "seen_by": {"geochemistry": true, "gravity": true}, "water_depth_m": 0}}, {"type": "Feature", "geometry": {"type": "Point", "coordinates": [-171.44522, -24.55286]}, "properties": {"id": "TRE2-SMN-014199A-03", "district_id": "TRE2-SMN-014199A", "belt_id": null, "kind": "sed_manganese", "name": "sedimentary manganese", "tonnage_mt": 29.486, "grades": {"Mn %": 36.8233, "Fe %": 8.0413}, "depth_m": 252, "blind": false, "strike_deg": 122, "dip_deg": 24, "length_m": 9907, "width_m": 38.9, "shape": "strata", "host": "carbonate", "chance": 0.012, "seen_by": {"geochemistry": false, "gravity": true}, "water_depth_m": 0}}, {"type": "Feature", "geometry": {"type": "Point", "coordinates": [-6.37227, -40.26653]}, "properties": {"id": "TRE2-SMN-016520A-01", "district_id": "TRE2-SMN-016520A", "belt_id": "TRE2-SMN-B0010", "kind": "sed_manganese", "name": "sedimentary manganese", "tonnage_mt": 96.4344, "grades": {"Mn %": 26.2921, "Fe %": 7.0767}, "depth_m": 1788, "blind": true, "strike_deg": 78, "dip_deg": 18, "length_m": 12685, "width_m": 42.3, "shape": "strata", "host": "clastic", "chance": 0.696, "seen_by": {"geochemistry": false, "gravity": false}, "water_depth_m": 0}}, {"type": "Feature", "geometry": {"type": "Point", "coordinates": [-6.14847, -40.47022]}, "properties": {"id": "TRE2-SMN-016520A-02", "district_id": "TRE2-SMN-016520A", "belt_id": "TRE2-SMN-B0010", "kind": "sed_manganese", "name": "sedimentary manganese", "tonnage_mt": 84.0562, "grades": {"Mn %": 18.7501, "Fe %": 7.7213}, "depth_m": 1869, "blind": true, "strike_deg": 81, "dip_deg": 24, "length_m": 12992, "width_m": 18.4, "shape": "strata", "host": "clastic", "chance": 0.696, "seen_by": {"geochemistry": false, "gravity": false}, "water_depth_m": 0}}, {"type": "Feature", "geometry": {"type": "Point", "coordinates": [-6.44267, -40.17706]}, "properties": {"id": "TRE2-SMN-016520A-03", "district_id": "TRE2-SMN-016520A", "belt_id": "TRE2-SMN-B0010", "kind": "sed_manganese", "name": "sedimentary manganese", "tonnage_mt": 72.4897, "grades": {"Mn %": 50.4074, "Fe %": 6.9265}, "depth_m": 1914, "blind": true, "strike_deg": 103, "dip_deg": 9, "length_m": 8012, "width_m": 14.1, "shape": "strata", "host": "clastic", "chance": 0.696, "seen_by": {"geochemistry": false, "gravity": false}, "water_depth_m": 0}}, {"type": "Feature", "geometry": {"type": "Point", "coordinates": [-6.54295, -40.3877]}, "properties": {"id": "TRE2-SMN-016520A-04", "district_id": "TRE2-SMN-016520A", "belt_id": "TRE2-SMN-B0010", "kind": "sed_manganese", "name": "sedimentary manganese", "tonnage_mt": 122.3247, "grades": {"Mn %": 36.7996, "Fe %": 9.2317}, "depth_m": 1639, "blind": true, "strike_deg": 82, "dip_deg": 9, "length_m": 16202, "width_m": 43.5, "shape": "strata", "host": "clastic", "chance": 0.696, "seen_by": {"geochemistry": false, "gravity": false}, "water_depth_m": 0}}, {"type": "Feature", "geometry": {"type": "Point", "coordinates": [-6.7228, -40.36969]}, "properties": {"id": "TRE2-SMN-016520A-05", "district_id": "TRE2-SMN-016520A", "belt_id": "TRE2-SMN-B0010", "kind": "sed_manganese", "name": "sedimentary manganese", "tonnage_mt": 780.0784, "grades": {"Mn %": 43.4324, "Fe %": 6.1072}, "depth_m": 1872, "blind": true, "strike_deg": 82, "dip_deg": 8, "length_m": 7964, "width_m": 46.0, "shape": "strata", "host": "clastic", "chance": 0.696, "seen_by": {"geochemistry": false, "gravity": false}, "water_depth_m": 0}}, {"type": "Feature", "geometry": {"type": "Point", "coordinates": [-86.7372, 3.5407]}, "properties": {"id": "TRE2-MGS-009410A-01", "district_id": "TRE2-MGS-009410A", "belt_id": "TRE2-MGS-B0000", "kind": "magnesite", "name": "magnesite in altered ultramafics", "tonnage_mt": 7.1345, "grades": {"MgO %": 45.9652}, "depth_m": 0, "blind": false, "strike_deg": 121, "dip_deg": 84, "length_m": 1570, "width_m": 29.7, "shape": "veins", "host": "arc_volcanic", "chance": 0.3, "seen_by": {"geochemistry": true}, "water_depth_m": 0}}, {"type": "Feature", "geometry": {"type": "Point", "coordinates": [-86.51989, 3.50421]}, "properties": {"id": "TRE2-MGS-009410A-02", "district_id": "TRE2-MGS-009410A", "belt_id": "TRE2-MGS-B0000", "kind": "magnesite", "name": "magnesite in altered ultramafics", "tonnage_mt": 10.9254, "grades": {"MgO %": 27.4566}, "depth_m": 0, "blind": false, "strike_deg": 138, "dip_deg": 77, "length_m": 1107, "width_m": 29.7, "shape": "veins", "host": "arc_volcanic", "chance": 0.3, "seen_by": {"geochemistry": true}, "water_depth_m": 0}}, {"type": "Feature", "geometry": {"type": "Point", "coordinates": [-86.58758, 3.50439]}, "properties": {"id": "TRE2-MGS-009410A-03", "district_id": "TRE2-MGS-009410A", "belt_id": "TRE2-MGS-B0000", "kind": "magnesite", "name": "magnesite in altered ultramafics", "tonnage_mt": 6.1004, "grades": {"MgO %": 58.8909}, "depth_m": 0, "blind": false, "strike_deg": 151, "dip_deg": 72, "length_m": 797, "width_m": 35.4, "shape": "veins", "host": "arc_volcanic", "chance": 0.3, "seen_by": {"geochemistry": true}, "water_depth_m": 0}}, {"type": "Feature", "geometry": {"type": "Point", "coordinates": [-86.60392, 3.57829]}, "properties": {"id": "TRE2-MGS-009410A-04", "district_id": "TRE2-MGS-009410A", "belt_id": "TRE2-MGS-B0000", "kind": "magnesite", "name": "magnesite in altered ultramafics", "tonnage_mt": 6.8772, "grades": {"MgO %": 40.9136}, "depth_m": 0, "blind": false, "strike_deg": 146, "dip_deg": 68, "length_m": 1289, "width_m": 26.1, "shape": "veins", "host": "arc_volcanic", "chance": 0.3, "seen_by": {"geochemistry": true}, "water_depth_m": 0}}, {"type": "Feature", "geometry": {"type": "Point", "coordinates": [-86.49717, 3.49257]}, "properties": {"id": "TRE2-MGS-009410A-05", "district_id": "TRE2-MGS-009410A", "belt_id": "TRE2-MGS-B0000", "kind": "magnesite", "name": "magnesite in altered ultramafics", "tonnage_mt": 0.7034, "grades": {"MgO %": 59.7183}, "depth_m": 74, "blind": false, "strike_deg": 128, "dip_deg": 70, "length_m": 1039, "width_m": 33.5, "shape": "veins", "host": "arc_volcanic", "chance": 0.3, "seen_by": {"geochemistry": false}, "water_depth_m": 0}}, {"type": "Feature", "geometry": {"type": "Point", "coordinates": [-86.10675, 3.65862]}, "properties": {"id": "TRE2-MGS-009410B-01", "district_id": "TRE2-MGS-009410B", "belt_id": "TRE2-MGS-B0000", "kind": "magnesite", "name": "magnesite in altered ultramafics", "tonnage_mt": 3.6367, "grades": {"MgO %": 59.5936}, "depth_m": 300, "blind": true, "strike_deg": 135, "dip_deg": 65, "length_m": 1874, "width_m": 47.1, "shape": "veins", "host": "arc_volcanic", "chance": 0.3, "seen_by": {"geochemistry": false}, "water_depth_m": 0}}, {"type": "Feature", "geometry": {"type": "Point", "coordinates": [-86.21962, 3.59217]}, "properties": {"id": "TRE2-MGS-009410B-02", "district_id": "TRE2-MGS-009410B", "belt_id": "TRE2-MGS-B0000", "kind": "magnesite", "name": "magnesite in altered ultramafics", "tonnage_mt": 12.8699, "grades": {"MgO %": 45.357}, "depth_m": 27, "blind": false, "strike_deg": 117, "dip_deg": 82, "length_m": 921, "width_m": 32.9, "shape": "veins", "host": "arc_volcanic", "chance": 0.3, "seen_by": {"geochemistry": true}, "water_depth_m": 0}}, {"type": "Feature", "geometry": {"type": "Point", "coordinates": [-87.45158, 3.48688]}, "properties": {"id": "TRE2-MGS-009410C-01", "district_id": "TRE2-MGS-009410C", "belt_id": "TRE2-MGS-B0000", "kind": "magnesite", "name": "magnesite in altered ultramafics", "tonnage_mt": 32.7978, "grades": {"MgO %": 49.5826}, "depth_m": 132, "blind": false, "strike_deg": 135, "dip_deg": 64, "length_m": 1229, "width_m": 29.7, "shape": "veins", "host": "arc_volcanic", "chance": 0.3, "seen_by": {"geochemistry": false}, "water_depth_m": 0}}, {"type": "Feature", "geometry": {"type": "Point", "coordinates": [-87.40993, 3.44991]}, "properties": {"id": "TRE2-MGS-009410C-02", "district_id": "TRE2-MGS-009410C", "belt_id": "TRE2-MGS-B0000", "kind": "magnesite", "name": "magnesite in altered ultramafics", "tonnage_mt": 3.8231, "grades": {"MgO %": 32.5705}, "depth_m": 0, "blind": false, "strike_deg": 140, "dip_deg": 56, "length_m": 1151, "width_m": 20.2, "shape": "veins", "host": "arc_volcanic", "chance": 0.3, "seen_by": {"geochemistry": true}, "water_depth_m": 0}}, {"type": "Feature", "geometry": {"type": "Point", "coordinates": [-87.40897, 3.39771]}, "properties": {"id": "TRE2-MGS-009410C-03", "district_id": "TRE2-MGS-009410C", "belt_id": "TRE2-MGS-B0000", "kind": "magnesite", "name": "magnesite in altered ultramafics", "tonnage_mt": 20.2682, "grades": {"MgO %": 61.6928}, "depth_m": 143, "blind": false, "strike_deg": 121, "dip_deg": 62, "length_m": 797, "width_m": 17.0, "shape": "veins", "host": "arc_volcanic", "chance": 0.3, "seen_by": {"geochemistry": false}, "water_depth_m": 0}}, {"type": "Feature", "geometry": {"type": "Point", "coordinates": [-87.47991, 3.52822]}, "properties": {"id": "TRE2-MGS-009410C-04", "district_id": "TRE2-MGS-009410C", "belt_id": "TRE2-MGS-B0000", "kind": "magnesite", "name": "magnesite in altered ultramafics", "tonnage_mt": 2.3848, "grades": {"MgO %": 34.5185}, "depth_m": 55, "blind": false, "strike_deg": 141, "dip_deg": 83, "length_m": 822, "width_m": 43.0, "shape": "veins", "host": "arc_volcanic", "chance": 0.3, "seen_by": {"geochemistry": false}, "water_depth_m": 0}}, {"type": "Feature", "geometry": {"type": "Point", "coordinates": [-87.49564, 3.58742]}, "properties": {"id": "TRE2-MGS-009410C-05", "district_id": "TRE2-MGS-009410C", "belt_id": "TRE2-MGS-B0000", "kind": "magnesite", "name": "magnesite in altered ultramafics", "tonnage_mt": 3.7465, "grades": {"MgO %": 48.294}, "depth_m": 372, "blind": true, "strike_deg": 131, "dip_deg": 76, "length_m": 693, "width_m": 36.3, "shape": "veins", "host": "arc_volcanic", "chance": 0.3, "seen_by": {"geochemistry": false}, "water_depth_m": 0}}, {"type": "Feature", "geometry": {"type": "Point", "coordinates": [-87.52133, 3.55148]}, "properties": {"id": "TRE2-MGS-009410C-06", "district_id": "TRE2-MGS-009410C", "belt_id": "TRE2-MGS-B0000", "kind": "magnesite", "name": "magnesite in altered ultramafics", "tonnage_mt": 7.2124, "grades": {"MgO %": 37.6287}, "depth_m": 127, "blind": false, "strike_deg": 147, "dip_deg": 84, "length_m": 695, "width_m": 33.9, "shape": "veins", "host": "arc_volcanic", "chance": 0.3, "seen_by": {"geochemistry": false}, "water_depth_m": 0}}, {"type": "Feature", "geometry": {"type": "Point", "coordinates": [-87.47966, 3.4197]}, "properties": {"id": "TRE2-MGS-009410C-07", "district_id": "TRE2-MGS-009410C", "belt_id": "TRE2-MGS-B0000", "kind": "magnesite", "name": "magnesite in altered ultramafics", "tonnage_mt": 10.2149, "grades": {"MgO %": 36.987}, "depth_m": 19, "blind": false, "strike_deg": 124, "dip_deg": 84, "length_m": 821, "width_m": 31.7, "shape": "veins", "host": "arc_volcanic", "chance": 0.3, "seen_by": {"geochemistry": true}, "water_depth_m": 0}}, {"type": "Feature", "geometry": {"type": "Point", "coordinates": [-86.79762, 3.72464]}, "properties": {"id": "TRE2-MGS-009410D-01", "district_id": "TRE2-MGS-009410D", "belt_id": "TRE2-MGS-B0000", "kind": "magnesite", "name": "magnesite in altered ultramafics", "tonnage_mt": 1.7653, "grades": {"MgO %": 62.9743}, "depth_m": 193, "blind": false, "strike_deg": 153, "dip_deg": 83, "length_m": 1383, "width_m": 23.1, "shape": "veins", "host": "arc_volcanic", "chance": 0.3, "seen_by": {"geochemistry": false}, "water_depth_m": 0}}, {"type": "Feature", "geometry": {"type": "Point", "coordinates": [-86.71545, 3.65215]}, "properties": {"id": "TRE2-MGS-009410D-02", "district_id": "TRE2-MGS-009410D", "belt_id": "TRE2-MGS-B0000", "kind": "magnesite", "name": "magnesite in altered ultramafics", "tonnage_mt": 10.0317, "grades": {"MgO %": 50.4713}, "depth_m": 255, "blind": false, "strike_deg": 128, "dip_deg": 62, "length_m": 896, "width_m": 29.3, "shape": "veins", "host": "arc_volcanic", "chance": 0.3, "seen_by": {"geochemistry": false}, "water_depth_m": 0}}, {"type": "Feature", "geometry": {"type": "Point", "coordinates": [-86.63259, 3.5675]}, "properties": {"id": "TRE2-MGS-009410D-03", "district_id": "TRE2-MGS-009410D", "belt_id": "TRE2-MGS-B0000", "kind": "magnesite", "name": "magnesite in altered ultramafics", "tonnage_mt": 3.404, "grades": {"MgO %": 48.3358}, "depth_m": 79, "blind": false, "strike_deg": 149, "dip_deg": 66, "length_m": 606, "width_m": 72.0, "shape": "veins", "host": "arc_volcanic", "chance": 0.3, "seen_by": {"geochemistry": false}, "water_depth_m": 0}}, {"type": "Feature", "geometry": {"type": "Point", "coordinates": [-86.92457, 2.83352]}, "properties": {"id": "TRE2-MGS-009410E-01", "district_id": "TRE2-MGS-009410E", "belt_id": "TRE2-MGS-B0000", "kind": "magnesite", "name": "magnesite in altered ultramafics", "tonnage_mt": 0.1777, "grades": {"MgO %": 35.198}, "depth_m": 84, "blind": false, "strike_deg": 139, "dip_deg": 64, "length_m": 923, "width_m": 53.7, "shape": "veins", "host": "arc_volcanic", "chance": 0.3, "seen_by": {"geochemistry": false}, "water_depth_m": 0}}, {"type": "Feature", "geometry": {"type": "Point", "coordinates": [-86.97299, 2.80526]}, "properties": {"id": "TRE2-MGS-009410E-02", "district_id": "TRE2-MGS-009410E", "belt_id": "TRE2-MGS-B0000", "kind": "magnesite", "name": "magnesite in altered ultramafics", "tonnage_mt": 18.9412, "grades": {"MgO %": 43.4393}, "depth_m": 68, "blind": false, "strike_deg": 132, "dip_deg": 65, "length_m": 1317, "width_m": 43.1, "shape": "veins", "host": "arc_volcanic", "chance": 0.3, "seen_by": {"geochemistry": false}, "water_depth_m": 0}}, {"type": "Feature", "geometry": {"type": "Point", "coordinates": [-87.01046, 2.79766]}, "properties": {"id": "TRE2-MGS-009410E-03", "district_id": "TRE2-MGS-009410E", "belt_id": "TRE2-MGS-B0000", "kind": "magnesite", "name": "magnesite in altered ultramafics", "tonnage_mt": 2.1924, "grades": {"MgO %": 64.7559}, "depth_m": 229, "blind": false, "strike_deg": 134, "dip_deg": 58, "length_m": 1250, "width_m": 39.1, "shape": "veins", "host": "arc_volcanic", "chance": 0.3, "seen_by": {"geochemistry": false}, "water_depth_m": 0}}, {"type": "Feature", "geometry": {"type": "Point", "coordinates": [-87.14877, 2.84154]}, "properties": {"id": "TRE2-MGS-009410E-04", "district_id": "TRE2-MGS-009410E", "belt_id": "TRE2-MGS-B0000", "kind": "magnesite", "name": "magnesite in altered ultramafics", "tonnage_mt": 0.1402, "grades": {"MgO %": 37.9787}, "depth_m": 128, "blind": false, "strike_deg": 138, "dip_deg": 88, "length_m": 1453, "width_m": 22.8, "shape": "veins", "host": "arc_volcanic", "chance": 0.3, "seen_by": {"geochemistry": false}, "water_depth_m": 0}}, {"type": "Feature", "geometry": {"type": "Point", "coordinates": [-87.02055, 2.77601]}, "properties": {"id": "TRE2-MGS-009410E-05", "district_id": "TRE2-MGS-009410E", "belt_id": "TRE2-MGS-B0000", "kind": "magnesite", "name": "magnesite in altered ultramafics", "tonnage_mt": 44.4055, "grades": {"MgO %": 56.8613}, "depth_m": 0, "blind": false, "strike_deg": 136, "dip_deg": 84, "length_m": 808, "width_m": 35.5, "shape": "veins", "host": "arc_volcanic", "chance": 0.3, "seen_by": {"geochemistry": true}, "water_depth_m": 0}}, {"type": "Feature", "geometry": {"type": "Point", "coordinates": [-87.16033, 3.50229]}, "properties": {"id": "TRE2-MGS-009410F-01", "district_id": "TRE2-MGS-009410F", "belt_id": "TRE2-MGS-B0000", "kind": "magnesite", "name": "magnesite in altered ultramafics", "tonnage_mt": 1.5813, "grades": {"MgO %": 23.1715}, "depth_m": 27, "blind": false, "strike_deg": 138, "dip_deg": 90, "length_m": 642, "width_m": 35.2, "shape": "veins", "host": "arc_volcanic", "chance": 0.3, "seen_by": {"geochemistry": true}, "water_depth_m": 0}}, {"type": "Feature", "geometry": {"type": "Point", "coordinates": [-87.12124, 3.57977]}, "properties": {"id": "TRE2-MGS-009410F-02", "district_id": "TRE2-MGS-009410F", "belt_id": "TRE2-MGS-B0000", "kind": "magnesite", "name": "magnesite in altered ultramafics", "tonnage_mt": 16.9969, "grades": {"MgO %": 31.788}, "depth_m": 0, "blind": false, "strike_deg": 152, "dip_deg": 80, "length_m": 422, "width_m": 35.6, "shape": "veins", "host": "arc_volcanic", "chance": 0.3, "seen_by": {"geochemistry": true}, "water_depth_m": 0}}, {"type": "Feature", "geometry": {"type": "Point", "coordinates": [-87.02211, 3.37661]}, "properties": {"id": "TRE2-MGS-009410F-03", "district_id": "TRE2-MGS-009410F", "belt_id": "TRE2-MGS-B0000", "kind": "magnesite", "name": "magnesite in altered ultramafics", "tonnage_mt": 5.426, "grades": {"MgO %": 17.8481}, "depth_m": 118, "blind": false, "strike_deg": 141, "dip_deg": 60, "length_m": 1717, "width_m": 21.0, "shape": "veins", "host": "arc_volcanic", "chance": 0.3, "seen_by": {"geochemistry": false}, "water_depth_m": 0}}, {"type": "Feature", "geometry": {"type": "Point", "coordinates": [-86.8018, 3.69678]}, "properties": {"id": "TRE2-MGS-009410G-01", "district_id": "TRE2-MGS-009410G", "belt_id": "TRE2-MGS-B0000", "kind": "magnesite", "name": "magnesite in altered ultramafics", "tonnage_mt": 7.0635, "grades": {"MgO %": 46.2967}, "depth_m": 118, "blind": false, "strike_deg": 150, "dip_deg": 56, "length_m": 1634, "width_m": 45.6, "shape": "veins", "host": "arc_volcanic", "chance": 0.3, "seen_by": {"geochemistry": false}, "water_depth_m": 0}}, {"type": "Feature", "geometry": {"type": "Point", "coordinates": [-86.87581, 3.74653]}, "properties": {"id": "TRE2-MGS-009410G-02", "district_id": "TRE2-MGS-009410G", "belt_id": "TRE2-MGS-B0000", "kind": "magnesite", "name": "magnesite in altered ultramafics", "tonnage_mt": 83.0503, "grades": {"MgO %": 57.8623}, "depth_m": 0, "blind": false, "strike_deg": 121, "dip_deg": 68, "length_m": 791, "width_m": 24.3, "shape": "veins", "host": "arc_volcanic", "chance": 0.3, "seen_by": {"geochemistry": true}, "water_depth_m": 0}}, {"type": "Feature", "geometry": {"type": "Point", "coordinates": [-86.81541, 3.61562]}, "properties": {"id": "TRE2-MGS-009410G-03", "district_id": "TRE2-MGS-009410G", "belt_id": "TRE2-MGS-B0000", "kind": "magnesite", "name": "magnesite in altered ultramafics", "tonnage_mt": 0.2388, "grades": {"MgO %": 23.1918}, "depth_m": 434, "blind": true, "strike_deg": 136, "dip_deg": 67, "length_m": 3252, "width_m": 23.8, "shape": "veins", "host": "arc_volcanic", "chance": 0.3, "seen_by": {"geochemistry": false}, "water_depth_m": 0}}, {"type": "Feature", "geometry": {"type": "Point", "coordinates": [-86.74847, 3.55098]}, "properties": {"id": "TRE2-MGS-009410G-04", "district_id": "TRE2-MGS-009410G", "belt_id": "TRE2-MGS-B0000", "kind": "magnesite", "name": "magnesite in altered ultramafics", "tonnage_mt": 2.2466, "grades": {"MgO %": 31.3624}, "depth_m": 197, "blind": false, "strike_deg": 144, "dip_deg": 59, "length_m": 2286, "width_m": 76.4, "shape": "veins", "host": "arc_volcanic", "chance": 0.3, "seen_by": {"geochemistry": false}, "water_depth_m": 0}}, {"type": "Feature", "geometry": {"type": "Point", "coordinates": [-86.3044, 3.37845]}, "properties": {"id": "TRE2-MGS-009410H-01", "district_id": "TRE2-MGS-009410H", "belt_id": "TRE2-MGS-B0000", "kind": "magnesite", "name": "magnesite in altered ultramafics", "tonnage_mt": 3.8371, "grades": {"MgO %": 28.5893}, "depth_m": 20, "blind": false, "strike_deg": 137, "dip_deg": 88, "length_m": 894, "width_m": 23.9, "shape": "veins", "host": "arc_volcanic", "chance": 0.3, "seen_by": {"geochemistry": true}, "water_depth_m": 0}}, {"type": "Feature", "geometry": {"type": "Point", "coordinates": [-86.24349, 3.35107]}, "properties": {"id": "TRE2-MGS-009410H-02", "district_id": "TRE2-MGS-009410H", "belt_id": "TRE2-MGS-B0000", "kind": "magnesite", "name": "magnesite in altered ultramafics", "tonnage_mt": 14.4996, "grades": {"MgO %": 31.1975}, "depth_m": 64, "blind": false, "strike_deg": 134, "dip_deg": 72, "length_m": 664, "width_m": 28.9, "shape": "veins", "host": "arc_volcanic", "chance": 0.3, "seen_by": {"geochemistry": false}, "water_depth_m": 0}}, {"type": "Feature", "geometry": {"type": "Point", "coordinates": [-86.47597, 3.51568]}, "properties": {"id": "TRE2-MGS-009410H-03", "district_id": "TRE2-MGS-009410H", "belt_id": "TRE2-MGS-B0000", "kind": "magnesite", "name": "magnesite in altered ultramafics", "tonnage_mt": 7.9798, "grades": {"MgO %": 24.8239}, "depth_m": 202, "blind": false, "strike_deg": 141, "dip_deg": 80, "length_m": 714, "width_m": 52.5, "shape": "veins", "host": "arc_volcanic", "chance": 0.3, "seen_by": {"geochemistry": false}, "water_depth_m": 0}}, {"type": "Feature", "geometry": {"type": "Point", "coordinates": [-86.93064, 3.26681]}, "properties": {"id": "TRE2-MGS-009410I-01", "district_id": "TRE2-MGS-009410I", "belt_id": "TRE2-MGS-B0000", "kind": "magnesite", "name": "magnesite in altered ultramafics", "tonnage_mt": 1.144, "grades": {"MgO %": 43.9692}, "depth_m": 0, "blind": false, "strike_deg": 130, "dip_deg": 61, "length_m": 1425, "width_m": 27.2, "shape": "veins", "host": "arc_volcanic", "chance": 0.3, "seen_by": {"geochemistry": true}, "water_depth_m": 0}}, {"type": "Feature", "geometry": {"type": "Point", "coordinates": [-86.77084, 3.30992]}, "properties": {"id": "TRE2-MGS-009410I-02", "district_id": "TRE2-MGS-009410I", "belt_id": "TRE2-MGS-B0000", "kind": "magnesite", "name": "magnesite in altered ultramafics", "tonnage_mt": 5.1598, "grades": {"MgO %": 40.7574}, "depth_m": 4, "blind": false, "strike_deg": 129, "dip_deg": 55, "length_m": 799, "width_m": 28.9, "shape": "veins", "host": "arc_volcanic", "chance": 0.3, "seen_by": {"geochemistry": true}, "water_depth_m": 0}}, {"type": "Feature", "geometry": {"type": "Point", "coordinates": [-86.9134, 3.30648]}, "properties": {"id": "TRE2-MGS-009410I-03", "district_id": "TRE2-MGS-009410I", "belt_id": "TRE2-MGS-B0000", "kind": "magnesite", "name": "magnesite in altered ultramafics", "tonnage_mt": 34.6344, "grades": {"MgO %": 25.9582}, "depth_m": 484, "blind": true, "strike_deg": 131, "dip_deg": 65, "length_m": 1250, "width_m": 12.9, "shape": "veins", "host": "arc_volcanic", "chance": 0.3, "seen_by": {"geochemistry": false}, "water_depth_m": 0}}, {"type": "Feature", "geometry": {"type": "Point", "coordinates": [-86.0684, 2.41995]}, "properties": {"id": "TRE2-MGS-009643A-01", "district_id": "TRE2-MGS-009643A", "belt_id": "TRE2-MGS-B0000", "kind": "magnesite", "name": "magnesite in altered ultramafics", "tonnage_mt": 4.8068, "grades": {"MgO %": 83.6028}, "depth_m": 0, "blind": false, "strike_deg": 143, "dip_deg": 80, "length_m": 1285, "width_m": 46.1, "shape": "veins", "host": "arc_volcanic", "chance": 0.3, "seen_by": {"geochemistry": true}, "water_depth_m": 0}}, {"type": "Feature", "geometry": {"type": "Point", "coordinates": [-86.19659, 2.54424]}, "properties": {"id": "TRE2-MGS-009643A-02", "district_id": "TRE2-MGS-009643A", "belt_id": "TRE2-MGS-B0000", "kind": "magnesite", "name": "magnesite in altered ultramafics", "tonnage_mt": 16.162, "grades": {"MgO %": 32.4374}, "depth_m": 257, "blind": false, "strike_deg": 124, "dip_deg": 63, "length_m": 551, "width_m": 38.5, "shape": "veins", "host": "arc_volcanic", "chance": 0.3, "seen_by": {"geochemistry": false}, "water_depth_m": 0}}, {"type": "Feature", "geometry": {"type": "Point", "coordinates": [-86.08816, 2.47222]}, "properties": {"id": "TRE2-MGS-009643A-03", "district_id": "TRE2-MGS-009643A", "belt_id": "TRE2-MGS-B0000", "kind": "magnesite", "name": "magnesite in altered ultramafics", "tonnage_mt": 1.3215, "grades": {"MgO %": 51.5657}, "depth_m": 168, "blind": false, "strike_deg": 121, "dip_deg": 60, "length_m": 1536, "width_m": 20.2, "shape": "veins", "host": "arc_volcanic", "chance": 0.3, "seen_by": {"geochemistry": false}, "water_depth_m": 0}}, {"type": "Feature", "geometry": {"type": "Point", "coordinates": [-86.1335, 2.59449]}, "properties": {"id": "TRE2-MGS-009643A-04", "district_id": "TRE2-MGS-009643A", "belt_id": "TRE2-MGS-B0000", "kind": "magnesite", "name": "magnesite in altered ultramafics", "tonnage_mt": 9.8102, "grades": {"MgO %": 43.0876}, "depth_m": 0, "blind": false, "strike_deg": 138, "dip_deg": 74, "length_m": 612, "width_m": 67.2, "shape": "veins", "host": "arc_volcanic", "chance": 0.3, "seen_by": {"geochemistry": true}, "water_depth_m": 0}}, {"type": "Feature", "geometry": {"type": "Point", "coordinates": [-86.1303, 2.5332]}, "properties": {"id": "TRE2-MGS-009643A-05", "district_id": "TRE2-MGS-009643A", "belt_id": "TRE2-MGS-B0000", "kind": "magnesite", "name": "magnesite in altered ultramafics", "tonnage_mt": 179.6315, "grades": {"MgO %": 45.7903}, "depth_m": 11, "blind": false, "strike_deg": 135, "dip_deg": 82, "length_m": 1210, "width_m": 25.6, "shape": "veins", "host": "arc_volcanic", "chance": 0.3, "seen_by": {"geochemistry": true}, "water_depth_m": 0}}, {"type": "Feature", "geometry": {"type": "Point", "coordinates": [-86.11797, 2.42182]}, "properties": {"id": "TRE2-MGS-009643A-06", "district_id": "TRE2-MGS-009643A", "belt_id": "TRE2-MGS-B0000", "kind": "magnesite", "name": "magnesite in altered ultramafics", "tonnage_mt": 2.7088, "grades": {"MgO %": 107.7487}, "depth_m": 324, "blind": true, "strike_deg": 134, "dip_deg": 77, "length_m": 584, "width_m": 30.6, "shape": "veins", "host": "arc_volcanic", "chance": 0.3, "seen_by": {"geochemistry": false}, "water_depth_m": 0}}, {"type": "Feature", "geometry": {"type": "Point", "coordinates": [-86.18557, 2.52592]}, "properties": {"id": "TRE2-MGS-009643A-07", "district_id": "TRE2-MGS-009643A", "belt_id": "TRE2-MGS-B0000", "kind": "magnesite", "name": "magnesite in altered ultramafics", "tonnage_mt": 7.7215, "grades": {"MgO %": 57.6194}, "depth_m": 0, "blind": false, "strike_deg": 116, "dip_deg": 57, "length_m": 992, "width_m": 21.8, "shape": "veins", "host": "arc_volcanic", "chance": 0.3, "seen_by": {"geochemistry": true}, "water_depth_m": 0}}, {"type": "Feature", "geometry": {"type": "Point", "coordinates": [-86.06481, 1.58613]}, "properties": {"id": "TRE2-MGS-009643B-01", "district_id": "TRE2-MGS-009643B", "belt_id": "TRE2-MGS-B0000", "kind": "magnesite", "name": "magnesite in altered ultramafics", "tonnage_mt": 4.9985, "grades": {"MgO %": 27.2814}, "depth_m": 0, "blind": false, "strike_deg": 124, "dip_deg": 84, "length_m": 721, "width_m": 43.5, "shape": "veins", "host": "arc_volcanic", "chance": 0.3, "seen_by": {"geochemistry": true}, "water_depth_m": 0}}, {"type": "Feature", "geometry": {"type": "Point", "coordinates": [-86.06337, 1.49728]}, "properties": {"id": "TRE2-MGS-009643B-02", "district_id": "TRE2-MGS-009643B", "belt_id": "TRE2-MGS-B0000", "kind": "magnesite", "name": "magnesite in altered ultramafics", "tonnage_mt": 57.9297, "grades": {"MgO %": 29.1994}, "depth_m": 120, "blind": false, "strike_deg": 119, "dip_deg": 83, "length_m": 1027, "width_m": 30.4, "shape": "veins", "host": "arc_volcanic", "chance": 0.3, "seen_by": {"geochemistry": false}, "water_depth_m": 0}}, {"type": "Feature", "geometry": {"type": "Point", "coordinates": [-86.19043, 1.53774]}, "properties": {"id": "TRE2-MGS-009643B-03", "district_id": "TRE2-MGS-009643B", "belt_id": "TRE2-MGS-B0000", "kind": "magnesite", "name": "magnesite in altered ultramafics", "tonnage_mt": 2.3724, "grades": {"MgO %": 11.6337}, "depth_m": 0, "blind": false, "strike_deg": 127, "dip_deg": 77, "length_m": 827, "width_m": 14.9, "shape": "veins", "host": "arc_volcanic", "chance": 0.3, "seen_by": {"geochemistry": true}, "water_depth_m": 0}}, {"type": "Feature", "geometry": {"type": "Point", "coordinates": [-86.08925, 1.58391]}, "properties": {"id": "TRE2-MGS-009643B-04", "district_id": "TRE2-MGS-009643B", "belt_id": "TRE2-MGS-B0000", "kind": "magnesite", "name": "magnesite in altered ultramafics", "tonnage_mt": 6.7444, "grades": {"MgO %": 40.1138}, "depth_m": 308, "blind": true, "strike_deg": 131, "dip_deg": 83, "length_m": 832, "width_m": 29.3, "shape": "veins", "host": "arc_volcanic", "chance": 0.3, "seen_by": {"geochemistry": false}, "water_depth_m": 0}}, {"type": "Feature", "geometry": {"type": "Point", "coordinates": [-86.10895, 1.6211]}, "properties": {"id": "TRE2-MGS-009643B-05", "district_id": "TRE2-MGS-009643B", "belt_id": "TRE2-MGS-B0000", "kind": "magnesite", "name": "magnesite in altered ultramafics", "tonnage_mt": 0.7435, "grades": {"MgO %": 80.8901}, "depth_m": 69, "blind": false, "strike_deg": 133, "dip_deg": 59, "length_m": 1200, "width_m": 26.1, "shape": "veins", "host": "arc_volcanic", "chance": 0.3, "seen_by": {"geochemistry": false}, "water_depth_m": 0}}, {"type": "Feature", "geometry": {"type": "Point", "coordinates": [-86.17687, 1.5706]}, "properties": {"id": "TRE2-MGS-009643B-06", "district_id": "TRE2-MGS-009643B", "belt_id": "TRE2-MGS-B0000", "kind": "magnesite", "name": "magnesite in altered ultramafics", "tonnage_mt": 1.3455, "grades": {"MgO %": 19.704}, "depth_m": 0, "blind": false, "strike_deg": 130, "dip_deg": 64, "length_m": 980, "width_m": 18.4, "shape": "veins", "host": "arc_volcanic", "chance": 0.3, "seen_by": {"geochemistry": true}, "water_depth_m": 0}}, {"type": "Feature", "geometry": {"type": "Point", "coordinates": [-86.1015, 1.62187]}, "properties": {"id": "TRE2-MGS-009643B-07", "district_id": "TRE2-MGS-009643B", "belt_id": "TRE2-MGS-B0000", "kind": "magnesite", "name": "magnesite in altered ultramafics", "tonnage_mt": 3.345, "grades": {"MgO %": 55.8343}, "depth_m": 467, "blind": true, "strike_deg": 130, "dip_deg": 57, "length_m": 770, "width_m": 23.1, "shape": "veins", "host": "arc_volcanic", "chance": 0.3, "seen_by": {"geochemistry": false}, "water_depth_m": 0}}, {"type": "Feature", "geometry": {"type": "Point", "coordinates": [-86.12962, 1.58132]}, "properties": {"id": "TRE2-MGS-009643B-08", "district_id": "TRE2-MGS-009643B", "belt_id": "TRE2-MGS-B0000", "kind": "magnesite", "name": "magnesite in altered ultramafics", "tonnage_mt": 8.9598, "grades": {"MgO %": 98.7229}, "depth_m": 69, "blind": false, "strike_deg": 147, "dip_deg": 90, "length_m": 770, "width_m": 31.1, "shape": "veins", "host": "arc_volcanic", "chance": 0.3, "seen_by": {"geochemistry": false}, "water_depth_m": 0}}, {"type": "Feature", "geometry": {"type": "Point", "coordinates": [-86.09429, 1.66302]}, "properties": {"id": "TRE2-MGS-009643B-09", "district_id": "TRE2-MGS-009643B", "belt_id": "TRE2-MGS-B0000", "kind": "magnesite", "name": "magnesite in altered ultramafics", "tonnage_mt": 2.0221, "grades": {"MgO %": 74.3966}, "depth_m": 0, "blind": false, "strike_deg": 140, "dip_deg": 71, "length_m": 1731, "width_m": 41.4, "shape": "veins", "host": "arc_volcanic", "chance": 0.3, "seen_by": {"geochemistry": true}, "water_depth_m": 0}}, {"type": "Feature", "geometry": {"type": "Point", "coordinates": [-86.09823, 1.61532]}, "properties": {"id": "TRE2-MGS-009643B-10", "district_id": "TRE2-MGS-009643B", "belt_id": "TRE2-MGS-B0000", "kind": "magnesite", "name": "magnesite in altered ultramafics", "tonnage_mt": 4.6514, "grades": {"MgO %": 77.1891}, "depth_m": 0, "blind": false, "strike_deg": 153, "dip_deg": 62, "length_m": 533, "width_m": 23.9, "shape": "veins", "host": "arc_volcanic", "chance": 0.3, "seen_by": {"geochemistry": true}, "water_depth_m": 0}}, {"type": "Feature", "geometry": {"type": "Point", "coordinates": [-86.14775, 1.43693]}, "properties": {"id": "TRE2-MGS-009643C-01", "district_id": "TRE2-MGS-009643C", "belt_id": "TRE2-MGS-B0000", "kind": "magnesite", "name": "magnesite in altered ultramafics", "tonnage_mt": 7.3011, "grades": {"MgO %": 45.8237}, "depth_m": 0, "blind": false, "strike_deg": 140, "dip_deg": 57, "length_m": 1069, "width_m": 25.9, "shape": "veins", "host": "arc_volcanic", "chance": 0.3, "seen_by": {"geochemistry": true}, "water_depth_m": 0}}, {"type": "Feature", "geometry": {"type": "Point", "coordinates": [-86.06921, 1.35873]}, "properties": {"id": "TRE2-MGS-009643C-02", "district_id": "TRE2-MGS-009643C", "belt_id": "TRE2-MGS-B0000", "kind": "magnesite", "name": "magnesite in altered ultramafics", "tonnage_mt": 2.6908, "grades": {"MgO %": 66.4746}, "depth_m": 73, "blind": false, "strike_deg": 126, "dip_deg": 81, "length_m": 1423, "width_m": 88.6, "shape": "veins", "host": "arc_volcanic", "chance": 0.3, "seen_by": {"geochemistry": false}, "water_depth_m": 0}}, {"type": "Feature", "geometry": {"type": "Point", "coordinates": [-86.09303, 1.45094]}, "properties": {"id": "TRE2-MGS-009643C-03", "district_id": "TRE2-MGS-009643C", "belt_id": "TRE2-MGS-B0000", "kind": "magnesite", "name": "magnesite in altered ultramafics", "tonnage_mt": 0.8836, "grades": {"MgO %": 35.0141}, "depth_m": 43, "blind": false, "strike_deg": 138, "dip_deg": 57, "length_m": 2089, "width_m": 24.9, "shape": "veins", "host": "arc_volcanic", "chance": 0.3, "seen_by": {"geochemistry": true}, "water_depth_m": 0}}, {"type": "Feature", "geometry": {"type": "Point", "coordinates": [-86.08556, 1.42424]}, "properties": {"id": "TRE2-MGS-009643C-04", "district_id": "TRE2-MGS-009643C", "belt_id": "TRE2-MGS-B0000", "kind": "magnesite", "name": "magnesite in altered ultramafics", "tonnage_mt": 0.3671, "grades": {"MgO %": 102.6084}, "depth_m": 103, "blind": false, "strike_deg": 131, "dip_deg": 79, "length_m": 693, "width_m": 21.7, "shape": "veins", "host": "arc_volcanic", "chance": 0.3, "seen_by": {"geochemistry": false}, "water_depth_m": 0}}, {"type": "Feature", "geometry": {"type": "Point", "coordinates": [-86.05624, 1.39833]}, "properties": {"id": "TRE2-MGS-009643C-05", "district_id": "TRE2-MGS-009643C", "belt_id": "TRE2-MGS-B0000", "kind": "magnesite", "name": "magnesite in altered ultramafics", "tonnage_mt": 3.6872, "grades": {"MgO %": 47.4732}, "depth_m": 127, "blind": false, "strike_deg": 136, "dip_deg": 79, "length_m": 846, "width_m": 22.3, "shape": "veins", "host": "arc_volcanic", "chance": 0.3, "seen_by": {"geochemistry": false}, "water_depth_m": 0}}, {"type": "Feature", "geometry": {"type": "Point", "coordinates": [-86.18127, 1.49188]}, "properties": {"id": "TRE2-MGS-009643C-06", "district_id": "TRE2-MGS-009643C", "belt_id": "TRE2-MGS-B0000", "kind": "magnesite", "name": "magnesite in altered ultramafics", "tonnage_mt": 2.1714, "grades": {"MgO %": 30.7398}, "depth_m": 0, "blind": false, "strike_deg": 134, "dip_deg": 86, "length_m": 527, "width_m": 11.6, "shape": "veins", "host": "arc_volcanic", "chance": 0.3, "seen_by": {"geochemistry": true}, "water_depth_m": 0}}, {"type": "Feature", "geometry": {"type": "Point", "coordinates": [-86.05805, 1.35438]}, "properties": {"id": "TRE2-MGS-009643C-07", "district_id": "TRE2-MGS-009643C", "belt_id": "TRE2-MGS-B0000", "kind": "magnesite", "name": "magnesite in altered ultramafics", "tonnage_mt": 2.0452, "grades": {"MgO %": 23.7289}, "depth_m": 0, "blind": false, "strike_deg": 141, "dip_deg": 81, "length_m": 1185, "width_m": 18.9, "shape": "veins", "host": "arc_volcanic", "chance": 0.3, "seen_by": {"geochemistry": true}, "water_depth_m": 0}}, {"type": "Feature", "geometry": {"type": "Point", "coordinates": [-86.18447, 1.51789]}, "properties": {"id": "TRE2-MGS-009643C-08", "district_id": "TRE2-MGS-009643C", "belt_id": "TRE2-MGS-B0000", "kind": "magnesite", "name": "magnesite in altered ultramafics", "tonnage_mt": 4.6516, "grades": {"MgO %": 43.8562}, "depth_m": 0, "blind": false, "strike_deg": 125, "dip_deg": 89, "length_m": 404, "width_m": 27.5, "shape": "veins", "host": "arc_volcanic", "chance": 0.3, "seen_by": {"geochemistry": true}, "water_depth_m": 0}}, {"type": "Feature", "geometry": {"type": "Point", "coordinates": [-86.15696, 1.45324]}, "properties": {"id": "TRE2-MGS-009643C-09", "district_id": "TRE2-MGS-009643C", "belt_id": "TRE2-MGS-B0000", "kind": "magnesite", "name": "magnesite in altered ultramafics", "tonnage_mt": 18.3903, "grades": {"MgO %": 54.5572}, "depth_m": 135, "blind": false, "strike_deg": 133, "dip_deg": 86, "length_m": 1546, "width_m": 43.1, "shape": "veins", "host": "arc_volcanic", "chance": 0.3, "seen_by": {"geochemistry": false}, "water_depth_m": 0}}, {"type": "Feature", "geometry": {"type": "Point", "coordinates": [-86.1944, 1.48129]}, "properties": {"id": "TRE2-MGS-009643C-10", "district_id": "TRE2-MGS-009643C", "belt_id": "TRE2-MGS-B0000", "kind": "magnesite", "name": "magnesite in altered ultramafics", "tonnage_mt": 12.4103, "grades": {"MgO %": 78.0866}, "depth_m": 51, "blind": false, "strike_deg": 131, "dip_deg": 59, "length_m": 449, "width_m": 53.1, "shape": "veins", "host": "arc_volcanic", "chance": 0.3, "seen_by": {"geochemistry": false}, "water_depth_m": 0}}, {"type": "Feature", "geometry": {"type": "Point", "coordinates": [-85.81776, 1.8082]}, "properties": {"id": "TRE2-MGS-009643D-01", "district_id": "TRE2-MGS-009643D", "belt_id": "TRE2-MGS-B0000", "kind": "magnesite", "name": "magnesite in altered ultramafics", "tonnage_mt": 25.4849, "grades": {"MgO %": 20.183}, "depth_m": 0, "blind": false, "strike_deg": 134, "dip_deg": 72, "length_m": 932, "width_m": 20.8, "shape": "veins", "host": "arc_volcanic", "chance": 0.3, "seen_by": {"geochemistry": true}, "water_depth_m": 0}}, {"type": "Feature", "geometry": {"type": "Point", "coordinates": [-85.7822, 1.901]}, "properties": {"id": "TRE2-MGS-009643D-02", "district_id": "TRE2-MGS-009643D", "belt_id": "TRE2-MGS-B0000", "kind": "magnesite", "name": "magnesite in altered ultramafics", "tonnage_mt": 2.9182, "grades": {"MgO %": 64.45}, "depth_m": 227, "blind": false, "strike_deg": 124, "dip_deg": 76, "length_m": 1300, "width_m": 35.6, "shape": "veins", "host": "arc_volcanic", "chance": 0.3, "seen_by": {"geochemistry": false}, "water_depth_m": 0}}, {"type": "Feature", "geometry": {"type": "Point", "coordinates": [-85.92492, 1.8807]}, "properties": {"id": "TRE2-MGS-009643D-03", "district_id": "TRE2-MGS-009643D", "belt_id": "TRE2-MGS-B0000", "kind": "magnesite", "name": "magnesite in altered ultramafics", "tonnage_mt": 30.973, "grades": {"MgO %": 26.4483}, "depth_m": 162, "blind": false, "strike_deg": 133, "dip_deg": 62, "length_m": 2000, "width_m": 36.7, "shape": "veins", "host": "arc_volcanic", "chance": 0.3, "seen_by": {"geochemistry": false}, "water_depth_m": 0}}, {"type": "Feature", "geometry": {"type": "Point", "coordinates": [-85.8801, 1.90399]}, "properties": {"id": "TRE2-MGS-009643E-01", "district_id": "TRE2-MGS-009643E", "belt_id": "TRE2-MGS-B0000", "kind": "magnesite", "name": "magnesite in altered ultramafics", "tonnage_mt": 0.7031, "grades": {"MgO %": 26.9715}, "depth_m": 19, "blind": false, "strike_deg": 132, "dip_deg": 78, "length_m": 1720, "width_m": 59.3, "shape": "veins", "host": "arc_volcanic", "chance": 0.3, "seen_by": {"geochemistry": true}, "water_depth_m": 0}}, {"type": "Feature", "geometry": {"type": "Point", "coordinates": [-85.85117, 1.81719]}, "properties": {"id": "TRE2-MGS-009643E-02", "district_id": "TRE2-MGS-009643E", "belt_id": "TRE2-MGS-B0000", "kind": "magnesite", "name": "magnesite in altered ultramafics", "tonnage_mt": 4.968, "grades": {"MgO %": 67.3836}, "depth_m": 73, "blind": false, "strike_deg": 122, "dip_deg": 61, "length_m": 967, "width_m": 22.0, "shape": "veins", "host": "arc_volcanic", "chance": 0.3, "seen_by": {"geochemistry": false}, "water_depth_m": 0}}, {"type": "Feature", "geometry": {"type": "Point", "coordinates": [-85.87485, 1.80997]}, "properties": {"id": "TRE2-MGS-009643E-03", "district_id": "TRE2-MGS-009643E", "belt_id": "TRE2-MGS-B0000", "kind": "magnesite", "name": "magnesite in altered ultramafics", "tonnage_mt": 6.0487, "grades": {"MgO %": 30.9132}, "depth_m": 50, "blind": false, "strike_deg": 147, "dip_deg": 66, "length_m": 1780, "width_m": 28.1, "shape": "veins", "host": "arc_volcanic", "chance": 0.3, "seen_by": {"geochemistry": false}, "water_depth_m": 0}}, {"type": "Feature", "geometry": {"type": "Point", "coordinates": [-85.73532, 1.78451]}, "properties": {"id": "TRE2-MGS-009643E-04", "district_id": "TRE2-MGS-009643E", "belt_id": "TRE2-MGS-B0000", "kind": "magnesite", "name": "magnesite in altered ultramafics", "tonnage_mt": 10.9601, "grades": {"MgO %": 33.6107}, "depth_m": 0, "blind": false, "strike_deg": 128, "dip_deg": 60, "length_m": 1014, "width_m": 37.2, "shape": "veins", "host": "arc_volcanic", "chance": 0.3, "seen_by": {"geochemistry": true}, "water_depth_m": 0}}, {"type": "Feature", "geometry": {"type": "Point", "coordinates": [-85.86664, 1.99823]}, "properties": {"id": "TRE2-MGS-009643E-05", "district_id": "TRE2-MGS-009643E", "belt_id": "TRE2-MGS-B0000", "kind": "magnesite", "name": "magnesite in altered ultramafics", "tonnage_mt": 2.5631, "grades": {"MgO %": 48.1683}, "depth_m": 162, "blind": false, "strike_deg": 123, "dip_deg": 56, "length_m": 1745, "width_m": 20.4, "shape": "veins", "host": "arc_volcanic", "chance": 0.3, "seen_by": {"geochemistry": false}, "water_depth_m": 0}}, {"type": "Feature", "geometry": {"type": "Point", "coordinates": [-85.898, 1.92189]}, "properties": {"id": "TRE2-MGS-009643E-06", "district_id": "TRE2-MGS-009643E", "belt_id": "TRE2-MGS-B0000", "kind": "magnesite", "name": "magnesite in altered ultramafics", "tonnage_mt": 40.3219, "grades": {"MgO %": 49.6746}, "depth_m": 188, "blind": false, "strike_deg": 130, "dip_deg": 62, "length_m": 654, "width_m": 43.0, "shape": "veins", "host": "arc_volcanic", "chance": 0.3, "seen_by": {"geochemistry": false}, "water_depth_m": 0}}, {"type": "Feature", "geometry": {"type": "Point", "coordinates": [-86.49361, 2.3495]}, "properties": {"id": "TRE2-MGS-009643F-01", "district_id": "TRE2-MGS-009643F", "belt_id": "TRE2-MGS-B0000", "kind": "magnesite", "name": "magnesite in altered ultramafics", "tonnage_mt": 15.218, "grades": {"MgO %": 26.9891}, "depth_m": 0, "blind": false, "strike_deg": 152, "dip_deg": 76, "length_m": 930, "width_m": 35.4, "shape": "veins", "host": "arc_volcanic", "chance": 0.3, "seen_by": {"geochemistry": true}, "water_depth_m": 0}}, {"type": "Feature", "geometry": {"type": "Point", "coordinates": [-86.38363, 2.23586]}, "properties": {"id": "TRE2-MGS-009643F-02", "district_id": "TRE2-MGS-009643F", "belt_id": "TRE2-MGS-B0000", "kind": "magnesite", "name": "magnesite in altered ultramafics", "tonnage_mt": 0.9357, "grades": {"MgO %": 35.8996}, "depth_m": 0, "blind": false, "strike_deg": 132, "dip_deg": 62, "length_m": 525, "width_m": 35.8, "shape": "veins", "host": "arc_volcanic", "chance": 0.3, "seen_by": {"geochemistry": true}, "water_depth_m": 0}}, {"type": "Feature", "geometry": {"type": "Point", "coordinates": [-86.22232, 2.0369]}, "properties": {"id": "TRE2-MGS-009643G-01", "district_id": "TRE2-MGS-009643G", "belt_id": "TRE2-MGS-B0000", "kind": "magnesite", "name": "magnesite in altered ultramafics", "tonnage_mt": 2.0974, "grades": {"MgO %": 83.7071}, "depth_m": 156, "blind": false, "strike_deg": 128, "dip_deg": 88, "length_m": 1068, "width_m": 45.1, "shape": "veins", "host": "arc_volcanic", "chance": 0.3, "seen_by": {"geochemistry": false}, "water_depth_m": 0}}, {"type": "Feature", "geometry": {"type": "Point", "coordinates": [-86.27064, 1.9164]}, "properties": {"id": "TRE2-MGS-009643G-02", "district_id": "TRE2-MGS-009643G", "belt_id": "TRE2-MGS-B0000", "kind": "magnesite", "name": "magnesite in altered ultramafics", "tonnage_mt": 0.7648, "grades": {"MgO %": 45.4744}, "depth_m": 153, "blind": false, "strike_deg": 132, "dip_deg": 64, "length_m": 894, "width_m": 37.9, "shape": "veins", "host": "arc_volcanic", "chance": 0.3, "seen_by": {"geochemistry": false}, "water_depth_m": 0}}, {"type": "Feature", "geometry": {"type": "Point", "coordinates": [-86.17728, 2.03535]}, "properties": {"id": "TRE2-MGS-009643G-03", "district_id": "TRE2-MGS-009643G", "belt_id": "TRE2-MGS-B0000", "kind": "magnesite", "name": "magnesite in altered ultramafics", "tonnage_mt": 0.2993, "grades": {"MgO %": 38.7914}, "depth_m": 131, "blind": false, "strike_deg": 137, "dip_deg": 56, "length_m": 840, "width_m": 27.9, "shape": "veins", "host": "arc_volcanic", "chance": 0.3, "seen_by": {"geochemistry": false}, "water_depth_m": 0}}, {"type": "Feature", "geometry": {"type": "Point", "coordinates": [-86.24568, 1.90784]}, "properties": {"id": "TRE2-MGS-009643G-04", "district_id": "TRE2-MGS-009643G", "belt_id": "TRE2-MGS-B0000", "kind": "magnesite", "name": "magnesite in altered ultramafics", "tonnage_mt": 2.2927, "grades": {"MgO %": 49.9178}, "depth_m": 434, "blind": true, "strike_deg": 138, "dip_deg": 60, "length_m": 797, "width_m": 36.7, "shape": "veins", "host": "arc_volcanic", "chance": 0.3, "seen_by": {"geochemistry": false}, "water_depth_m": 0}}, {"type": "Feature", "geometry": {"type": "Point", "coordinates": [-86.16082, 1.91492]}, "properties": {"id": "TRE2-MGS-009643G-05", "district_id": "TRE2-MGS-009643G", "belt_id": "TRE2-MGS-B0000", "kind": "magnesite", "name": "magnesite in altered ultramafics", "tonnage_mt": 0.3824, "grades": {"MgO %": 81.079}, "depth_m": 143, "blind": false, "strike_deg": 131, "dip_deg": 82, "length_m": 1225, "width_m": 47.8, "shape": "veins", "host": "arc_volcanic", "chance": 0.3, "seen_by": {"geochemistry": false}, "water_depth_m": 0}}, {"type": "Feature", "geometry": {"type": "Point", "coordinates": [-86.21649, 2.02501]}, "properties": {"id": "TRE2-MGS-009643G-06", "district_id": "TRE2-MGS-009643G", "belt_id": "TRE2-MGS-B0000", "kind": "magnesite", "name": "magnesite in altered ultramafics", "tonnage_mt": 0.5824, "grades": {"MgO %": 39.3754}, "depth_m": 176, "blind": false, "strike_deg": 132, "dip_deg": 67, "length_m": 1261, "width_m": 31.0, "shape": "veins", "host": "arc_volcanic", "chance": 0.3, "seen_by": {"geochemistry": false}, "water_depth_m": 0}}, {"type": "Feature", "geometry": {"type": "Point", "coordinates": [-86.23956, 2.4749]}, "properties": {"id": "TRE2-MGS-009643H-01", "district_id": "TRE2-MGS-009643H", "belt_id": "TRE2-MGS-B0000", "kind": "magnesite", "name": "magnesite in altered ultramafics", "tonnage_mt": 3.5488, "grades": {"MgO %": 35.386}, "depth_m": 0, "blind": false, "strike_deg": 111, "dip_deg": 90, "length_m": 769, "width_m": 33.6, "shape": "veins", "host": "arc_volcanic", "chance": 0.3, "seen_by": {"geochemistry": true}, "water_depth_m": 0}}, {"type": "Feature", "geometry": {"type": "Point", "coordinates": [-86.36826, 2.6096]}, "properties": {"id": "TRE2-MGS-009643H-02", "district_id": "TRE2-MGS-009643H", "belt_id": "TRE2-MGS-B0000", "kind": "magnesite", "name": "magnesite in altered ultramafics", "tonnage_mt": 4.6116, "grades": {"MgO %": 55.0635}, "depth_m": 389, "blind": true, "strike_deg": 145, "dip_deg": 81, "length_m": 507, "width_m": 36.7, "shape": "veins", "host": "arc_volcanic", "chance": 0.3, "seen_by": {"geochemistry": false}, "water_depth_m": 0}}, {"type": "Feature", "geometry": {"type": "Point", "coordinates": [-86.38054, 2.71545]}, "properties": {"id": "TRE2-MGS-009643H-03", "district_id": "TRE2-MGS-009643H", "belt_id": "TRE2-MGS-B0000", "kind": "magnesite", "name": "magnesite in altered ultramafics", "tonnage_mt": 8.305, "grades": {"MgO %": 40.9179}, "depth_m": 77, "blind": false, "strike_deg": 134, "dip_deg": 55, "length_m": 1735, "width_m": 21.9, "shape": "veins", "host": "arc_volcanic", "chance": 0.3, "seen_by": {"geochemistry": false}, "water_depth_m": 0}}, {"type": "Feature", "geometry": {"type": "Point", "coordinates": [-86.26746, 2.48578]}, "properties": {"id": "TRE2-MGS-009643H-04", "district_id": "TRE2-MGS-009643H", "belt_id": "TRE2-MGS-B0000", "kind": "magnesite", "name": "magnesite in altered ultramafics", "tonnage_mt": 3.2443, "grades": {"MgO %": 65.1565}, "depth_m": 231, "blind": false, "strike_deg": 132, "dip_deg": 72, "length_m": 1227, "width_m": 21.7, "shape": "veins", "host": "arc_volcanic", "chance": 0.3, "seen_by": {"geochemistry": false}, "water_depth_m": 0}}, {"type": "Feature", "geometry": {"type": "Point", "coordinates": [-86.35621, 1.90465]}, "properties": {"id": "TRE2-MGS-009643I-01", "district_id": "TRE2-MGS-009643I", "belt_id": "TRE2-MGS-B0000", "kind": "magnesite", "name": "magnesite in altered ultramafics", "tonnage_mt": 1.1064, "grades": {"MgO %": 42.3238}, "depth_m": 0, "blind": false, "strike_deg": 160, "dip_deg": 64, "length_m": 961, "width_m": 19.8, "shape": "veins", "host": "arc_volcanic", "chance": 0.3, "seen_by": {"geochemistry": true}, "water_depth_m": 0}}, {"type": "Feature", "geometry": {"type": "Point", "coordinates": [-86.32476, 1.91434]}, "properties": {"id": "TRE2-MGS-009643I-02", "district_id": "TRE2-MGS-009643I", "belt_id": "TRE2-MGS-B0000", "kind": "magnesite", "name": "magnesite in altered ultramafics", "tonnage_mt": 3.7273, "grades": {"MgO %": 32.8623}, "depth_m": 192, "blind": false, "strike_deg": 148, "dip_deg": 70, "length_m": 734, "width_m": 55.8, "shape": "veins", "host": "arc_volcanic", "chance": 0.3, "seen_by": {"geochemistry": false}, "water_depth_m": 0}}, {"type": "Feature", "geometry": {"type": "Point", "coordinates": [-86.18551, 1.88834]}, "properties": {"id": "TRE2-MGS-009643I-03", "district_id": "TRE2-MGS-009643I", "belt_id": "TRE2-MGS-B0000", "kind": "magnesite", "name": "magnesite in altered ultramafics", "tonnage_mt": 0.255, "grades": {"MgO %": 28.3314}, "depth_m": 160, "blind": false, "strike_deg": 144, "dip_deg": 82, "length_m": 918, "width_m": 11.5, "shape": "veins", "host": "arc_volcanic", "chance": 0.3, "seen_by": {"geochemistry": false}, "water_depth_m": 0}}, {"type": "Feature", "geometry": {"type": "Point", "coordinates": [-86.33489, 1.81289]}, "properties": {"id": "TRE2-MGS-009643I-04", "district_id": "TRE2-MGS-009643I", "belt_id": "TRE2-MGS-B0000", "kind": "magnesite", "name": "magnesite in altered ultramafics", "tonnage_mt": 17.145, "grades": {"MgO %": 65.8928}, "depth_m": 208, "blind": false, "strike_deg": 129, "dip_deg": 68, "length_m": 1133, "width_m": 19.4, "shape": "veins", "host": "arc_volcanic", "chance": 0.3, "seen_by": {"geochemistry": false}, "water_depth_m": 0}}, {"type": "Feature", "geometry": {"type": "Point", "coordinates": [-85.73781, 2.41747]}, "properties": {"id": "TRE2-MGS-009643J-01", "district_id": "TRE2-MGS-009643J", "belt_id": "TRE2-MGS-B0000", "kind": "magnesite", "name": "magnesite in altered ultramafics", "tonnage_mt": 2.7221, "grades": {"MgO %": 34.4097}, "depth_m": 187, "blind": false, "strike_deg": 134, "dip_deg": 75, "length_m": 592, "width_m": 37.8, "shape": "veins", "host": "arc_volcanic", "chance": 0.3, "seen_by": {"geochemistry": false}, "water_depth_m": 0}}, {"type": "Feature", "geometry": {"type": "Point", "coordinates": [-85.70656, 2.59362]}, "properties": {"id": "TRE2-MGS-009643J-02", "district_id": "TRE2-MGS-009643J", "belt_id": "TRE2-MGS-B0000", "kind": "magnesite", "name": "magnesite in altered ultramafics", "tonnage_mt": 0.6608, "grades": {"MgO %": 93.0334}, "depth_m": 81, "blind": false, "strike_deg": 137, "dip_deg": 76, "length_m": 1330, "width_m": 33.2, "shape": "veins", "host": "arc_volcanic", "chance": 0.3, "seen_by": {"geochemistry": false}, "water_depth_m": 0}}, {"type": "Feature", "geometry": {"type": "Point", "coordinates": [-85.81449, 2.59263]}, "properties": {"id": "TRE2-MGS-009643J-03", "district_id": "TRE2-MGS-009643J", "belt_id": "TRE2-MGS-B0000", "kind": "magnesite", "name": "magnesite in altered ultramafics", "tonnage_mt": 3.174, "grades": {"MgO %": 46.0829}, "depth_m": 0, "blind": false, "strike_deg": 140, "dip_deg": 69, "length_m": 1522, "width_m": 32.8, "shape": "veins", "host": "arc_volcanic", "chance": 0.3, "seen_by": {"geochemistry": true}, "water_depth_m": 0}}, {"type": "Feature", "geometry": {"type": "Point", "coordinates": [-85.8138, 1.93314]}, "properties": {"id": "TRE2-MGS-009643K-01", "district_id": "TRE2-MGS-009643K", "belt_id": "TRE2-MGS-B0000", "kind": "magnesite", "name": "magnesite in altered ultramafics", "tonnage_mt": 12.1066, "grades": {"MgO %": 37.5043}, "depth_m": 0, "blind": false, "strike_deg": 156, "dip_deg": 86, "length_m": 1126, "width_m": 25.1, "shape": "veins", "host": "arc_volcanic", "chance": 0.3, "seen_by": {"geochemistry": true}, "water_depth_m": 0}}, {"type": "Feature", "geometry": {"type": "Point", "coordinates": [-85.89947, 2.0288]}, "properties": {"id": "TRE2-MGS-009643K-02", "district_id": "TRE2-MGS-009643K", "belt_id": "TRE2-MGS-B0000", "kind": "magnesite", "name": "magnesite in altered ultramafics", "tonnage_mt": 9.9617, "grades": {"MgO %": 29.3785}, "depth_m": 0, "blind": false, "strike_deg": 138, "dip_deg": 72, "length_m": 550, "width_m": 46.3, "shape": "veins", "host": "arc_volcanic", "chance": 0.3, "seen_by": {"geochemistry": true}, "water_depth_m": 0}}, {"type": "Feature", "geometry": {"type": "Point", "coordinates": [-85.74907, 1.93962]}, "properties": {"id": "TRE2-MGS-009643K-03", "district_id": "TRE2-MGS-009643K", "belt_id": "TRE2-MGS-B0000", "kind": "magnesite", "name": "magnesite in altered ultramafics", "tonnage_mt": 49.6057, "grades": {"MgO %": 38.2446}, "depth_m": 211, "blind": false, "strike_deg": 116, "dip_deg": 80, "length_m": 2047, "width_m": 41.4, "shape": "veins", "host": "arc_volcanic", "chance": 0.3, "seen_by": {"geochemistry": false}, "water_depth_m": 0}}, {"type": "Feature", "geometry": {"type": "Point", "coordinates": [-86.12166, 2.16441]}, "properties": {"id": "TRE2-MGS-009643K-04", "district_id": "TRE2-MGS-009643K", "belt_id": "TRE2-MGS-B0000", "kind": "magnesite", "name": "magnesite in altered ultramafics", "tonnage_mt": 21.5097, "grades": {"MgO %": 33.4514}, "depth_m": 295, "blind": false, "strike_deg": 120, "dip_deg": 72, "length_m": 670, "width_m": 29.1, "shape": "veins", "host": "arc_volcanic", "chance": 0.3, "seen_by": {"geochemistry": false}, "water_depth_m": 0}}, {"type": "Feature", "geometry": {"type": "Point", "coordinates": [-85.97031, 2.08097]}, "properties": {"id": "TRE2-MGS-009643K-05", "district_id": "TRE2-MGS-009643K", "belt_id": "TRE2-MGS-B0000", "kind": "magnesite", "name": "magnesite in altered ultramafics", "tonnage_mt": 2.492, "grades": {"MgO %": 52.2202}, "depth_m": 172, "blind": false, "strike_deg": 128, "dip_deg": 79, "length_m": 931, "width_m": 19.3, "shape": "veins", "host": "arc_volcanic", "chance": 0.3, "seen_by": {"geochemistry": false}, "water_depth_m": 0}}, {"type": "Feature", "geometry": {"type": "Point", "coordinates": [-85.89051, 2.08508]}, "properties": {"id": "TRE2-MGS-009643K-06", "district_id": "TRE2-MGS-009643K", "belt_id": "TRE2-MGS-B0000", "kind": "magnesite", "name": "magnesite in altered ultramafics", "tonnage_mt": 2.4284, "grades": {"MgO %": 77.8021}, "depth_m": 0, "blind": false, "strike_deg": 144, "dip_deg": 57, "length_m": 1879, "width_m": 17.3, "shape": "veins", "host": "arc_volcanic", "chance": 0.3, "seen_by": {"geochemistry": true}, "water_depth_m": 0}}, {"type": "Feature", "geometry": {"type": "Point", "coordinates": [-86.01663, 2.04518]}, "properties": {"id": "TRE2-MGS-009643K-07", "district_id": "TRE2-MGS-009643K", "belt_id": "TRE2-MGS-B0000", "kind": "magnesite", "name": "magnesite in altered ultramafics", "tonnage_mt": 0.3067, "grades": {"MgO %": 32.4025}, "depth_m": 0, "blind": false, "strike_deg": 149, "dip_deg": 87, "length_m": 781, "width_m": 43.9, "shape": "veins", "host": "arc_volcanic", "chance": 0.3, "seen_by": {"geochemistry": true}, "water_depth_m": 0}}, {"type": "Feature", "geometry": {"type": "Point", "coordinates": [-85.98298, 2.36941]}, "properties": {"id": "TRE2-MGS-009643L-01", "district_id": "TRE2-MGS-009643L", "belt_id": "TRE2-MGS-B0000", "kind": "magnesite", "name": "magnesite in altered ultramafics", "tonnage_mt": 11.3196, "grades": {"MgO %": 58.3884}, "depth_m": 0, "blind": false, "strike_deg": 138, "dip_deg": 70, "length_m": 825, "width_m": 42.8, "shape": "veins", "host": "arc_volcanic", "chance": 0.3, "seen_by": {"geochemistry": true}, "water_depth_m": 0}}, {"type": "Feature", "geometry": {"type": "Point", "coordinates": [-85.91453, 2.47395]}, "properties": {"id": "TRE2-MGS-009643L-02", "district_id": "TRE2-MGS-009643L", "belt_id": "TRE2-MGS-B0000", "kind": "magnesite", "name": "magnesite in altered ultramafics", "tonnage_mt": 10.3785, "grades": {"MgO %": 150.9008}, "depth_m": 169, "blind": false, "strike_deg": 146, "dip_deg": 74, "length_m": 1046, "width_m": 24.0, "shape": "veins", "host": "arc_volcanic", "chance": 0.3, "seen_by": {"geochemistry": false}, "water_depth_m": 0}}, {"type": "Feature", "geometry": {"type": "Point", "coordinates": [-85.90333, 2.43945]}, "properties": {"id": "TRE2-MGS-009643L-03", "district_id": "TRE2-MGS-009643L", "belt_id": "TRE2-MGS-B0000", "kind": "magnesite", "name": "magnesite in altered ultramafics", "tonnage_mt": 2.3499, "grades": {"MgO %": 49.6679}, "depth_m": 0, "blind": false, "strike_deg": 133, "dip_deg": 79, "length_m": 827, "width_m": 23.3, "shape": "veins", "host": "arc_volcanic", "chance": 0.3, "seen_by": {"geochemistry": true}, "water_depth_m": 0}}, {"type": "Feature", "geometry": {"type": "Point", "coordinates": [-85.9594, 2.39997]}, "properties": {"id": "TRE2-MGS-009643L-04", "district_id": "TRE2-MGS-009643L", "belt_id": "TRE2-MGS-B0000", "kind": "magnesite", "name": "magnesite in altered ultramafics", "tonnage_mt": 24.1122, "grades": {"MgO %": 14.4608}, "depth_m": 262, "blind": false, "strike_deg": 133, "dip_deg": 87, "length_m": 1726, "width_m": 48.9, "shape": "veins", "host": "arc_volcanic", "chance": 0.3, "seen_by": {"geochemistry": false}, "water_depth_m": 0}}, {"type": "Feature", "geometry": {"type": "Point", "coordinates": [152.68161, 42.33415]}, "properties": {"id": "TRE2-VSU-003303A-01", "district_id": "TRE2-VSU-003303A", "belt_id": "TRE2-VSU-B0011", "kind": "volcanic_sulphur", "name": "volcanic native sulphur", "tonnage_mt": 3.8232, "grades": {"S %": 35.4274}, "depth_m": 509, "blind": true, "strike_deg": 134, "dip_deg": 39, "length_m": 827, "width_m": 195.5, "shape": "lens", "host": "clastic", "chance": 0.324, "seen_by": {"geochemistry": false}, "water_depth_m": 0}}, {"type": "Feature", "geometry": {"type": "Point", "coordinates": [152.6608, 42.27439]}, "properties": {"id": "TRE2-VSU-003303A-02", "district_id": "TRE2-VSU-003303A", "belt_id": "TRE2-VSU-B0011", "kind": "volcanic_sulphur", "name": "volcanic native sulphur", "tonnage_mt": 5.2846, "grades": {"S %": 35.8123}, "depth_m": 467, "blind": true, "strike_deg": 135, "dip_deg": 38, "length_m": 1024, "width_m": 166.2, "shape": "lens", "host": "clastic", "chance": 0.324, "seen_by": {"geochemistry": false}, "water_depth_m": 0}}, {"type": "Feature", "geometry": {"type": "Point", "coordinates": [152.64987, 42.32292]}, "properties": {"id": "TRE2-VSU-003303A-03", "district_id": "TRE2-VSU-003303A", "belt_id": "TRE2-VSU-B0011", "kind": "volcanic_sulphur", "name": "volcanic native sulphur", "tonnage_mt": 6.1621, "grades": {"S %": 28.613}, "depth_m": 656, "blind": true, "strike_deg": 139, "dip_deg": 49, "length_m": 616, "width_m": 266.0, "shape": "lens", "host": "clastic", "chance": 0.324, "seen_by": {"geochemistry": false}, "water_depth_m": 0}}, {"type": "Feature", "geometry": {"type": "Point", "coordinates": [152.65862, 42.24845]}, "properties": {"id": "TRE2-VSU-003303A-04", "district_id": "TRE2-VSU-003303A", "belt_id": "TRE2-VSU-B0011", "kind": "volcanic_sulphur", "name": "volcanic native sulphur", "tonnage_mt": 2.3202, "grades": {"S %": 22.1598}, "depth_m": 476, "blind": true, "strike_deg": 145, "dip_deg": 34, "length_m": 655, "width_m": 168.9, "shape": "lens", "host": "clastic", "chance": 0.324, "seen_by": {"geochemistry": false}, "water_depth_m": 0}}, {"type": "Feature", "geometry": {"type": "Point", "coordinates": [152.67127, 42.29641]}, "properties": {"id": "TRE2-VSU-003303A-05", "district_id": "TRE2-VSU-003303A", "belt_id": "TRE2-VSU-B0011", "kind": "volcanic_sulphur", "name": "volcanic native sulphur", "tonnage_mt": 2.2498, "grades": {"S %": 34.8211}, "depth_m": 635, "blind": true, "strike_deg": 166, "dip_deg": 74, "length_m": 1183, "width_m": 123.6, "shape": "lens", "host": "clastic", "chance": 0.324, "seen_by": {"geochemistry": false}, "water_depth_m": 0}}, {"type": "Feature", "geometry": {"type": "Point", "coordinates": [154.23629, 40.43269]}, "properties": {"id": "TRE2-VSU-003536A-01", "district_id": "TRE2-VSU-003536A", "belt_id": "TRE2-VSU-B0011", "kind": "volcanic_sulphur", "name": "volcanic native sulphur", "tonnage_mt": 0.0401, "grades": {"S %": 36.508}, "depth_m": 428, "blind": true, "strike_deg": 131, "dip_deg": 56, "length_m": 675, "width_m": 180.5, "shape": "lens", "host": "clastic", "chance": 0.263, "seen_by": {"geochemistry": false}, "water_depth_m": 0}}, {"type": "Feature", "geometry": {"type": "Point", "coordinates": [154.15362, 40.31658]}, "properties": {"id": "TRE2-VSU-003536A-02", "district_id": "TRE2-VSU-003536A", "belt_id": "TRE2-VSU-B0011", "kind": "volcanic_sulphur", "name": "volcanic native sulphur", "tonnage_mt": 0.5226, "grades": {"S %": 39.6234}, "depth_m": 335, "blind": true, "strike_deg": 111, "dip_deg": 66, "length_m": 1229, "width_m": 152.2, "shape": "lens", "host": "clastic", "chance": 0.263, "seen_by": {"geochemistry": false}, "water_depth_m": 0}}, {"type": "Feature", "geometry": {"type": "Point", "coordinates": [154.13029, 40.40271]}, "properties": {"id": "TRE2-VSU-003536A-03", "district_id": "TRE2-VSU-003536A", "belt_id": "TRE2-VSU-B0011", "kind": "volcanic_sulphur", "name": "volcanic native sulphur", "tonnage_mt": 0.7947, "grades": {"S %": 8.6345}, "depth_m": 354, "blind": true, "strike_deg": 137, "dip_deg": 64, "length_m": 979, "width_m": 192.2, "shape": "lens", "host": "clastic", "chance": 0.263, "seen_by": {"geochemistry": false}, "water_depth_m": 0}}, {"type": "Feature", "geometry": {"type": "Point", "coordinates": [154.11593, 40.45104]}, "properties": {"id": "TRE2-VSU-003536A-04", "district_id": "TRE2-VSU-003536A", "belt_id": "TRE2-VSU-B0011", "kind": "volcanic_sulphur", "name": "volcanic native sulphur", "tonnage_mt": 1.3397, "grades": {"S %": 42.1511}, "depth_m": 478, "blind": true, "strike_deg": 128, "dip_deg": 70, "length_m": 329, "width_m": 199.1, "shape": "lens", "host": "clastic", "chance": 0.263, "seen_by": {"geochemistry": false}, "water_depth_m": 0}}, {"type": "Feature", "geometry": {"type": "Point", "coordinates": [154.08355, 40.40755]}, "properties": {"id": "TRE2-VSU-003536A-05", "district_id": "TRE2-VSU-003536A", "belt_id": "TRE2-VSU-B0011", "kind": "volcanic_sulphur", "name": "volcanic native sulphur", "tonnage_mt": 0.3026, "grades": {"S %": 32.8537}, "depth_m": 572, "blind": true, "strike_deg": 132, "dip_deg": 52, "length_m": 2223, "width_m": 217.6, "shape": "lens", "host": "clastic", "chance": 0.263, "seen_by": {"geochemistry": false}, "water_depth_m": 0}}, {"type": "Feature", "geometry": {"type": "Point", "coordinates": [154.02909, 40.35817]}, "properties": {"id": "TRE2-VSU-003536A-06", "district_id": "TRE2-VSU-003536A", "belt_id": "TRE2-VSU-B0011", "kind": "volcanic_sulphur", "name": "volcanic native sulphur", "tonnage_mt": 0.2785, "grades": {"S %": 19.2264}, "depth_m": 476, "blind": true, "strike_deg": 132, "dip_deg": 71, "length_m": 1693, "width_m": 360.1, "shape": "lens", "host": "clastic", "chance": 0.263, "seen_by": {"geochemistry": false}, "water_depth_m": 0}}, {"type": "Feature", "geometry": {"type": "Point", "coordinates": [-155.41638, 38.67427]}, "properties": {"id": "TRE2-VSU-003677A-01", "district_id": "TRE2-VSU-003677A", "belt_id": "TRE2-VSU-B0012", "kind": "volcanic_sulphur", "name": "volcanic native sulphur", "tonnage_mt": 2.2238, "grades": {"S %": 29.0108}, "depth_m": 1132, "blind": true, "strike_deg": 68, "dip_deg": 30, "length_m": 2510, "width_m": 197.2, "shape": "lens", "host": "flood_basalt", "chance": 0.407, "seen_by": {"geochemistry": false}, "water_depth_m": 0}}, {"type": "Feature", "geometry": {"type": "Point", "coordinates": [-155.39467, 38.6292]}, "properties": {"id": "TRE2-VSU-003677A-02", "district_id": "TRE2-VSU-003677A", "belt_id": "TRE2-VSU-B0012", "kind": "volcanic_sulphur", "name": "volcanic native sulphur", "tonnage_mt": 3.5137, "grades": {"S %": 16.306}, "depth_m": 911, "blind": true, "strike_deg": 65, "dip_deg": 50, "length_m": 705, "width_m": 155.5, "shape": "lens", "host": "flood_basalt", "chance": 0.407, "seen_by": {"geochemistry": false}, "water_depth_m": 0}}, {"type": "Feature", "geometry": {"type": "Point", "coordinates": [-155.36429, 38.65794]}, "properties": {"id": "TRE2-VSU-003677A-03", "district_id": "TRE2-VSU-003677A", "belt_id": "TRE2-VSU-B0012", "kind": "volcanic_sulphur", "name": "volcanic native sulphur", "tonnage_mt": 3.4772, "grades": {"S %": 27.8962}, "depth_m": 924, "blind": true, "strike_deg": 64, "dip_deg": 52, "length_m": 973, "width_m": 170.0, "shape": "lens", "host": "flood_basalt", "chance": 0.407, "seen_by": {"geochemistry": false}, "water_depth_m": 0}}, {"type": "Feature", "geometry": {"type": "Point", "coordinates": [-155.44546, 38.70496]}, "properties": {"id": "TRE2-VSU-003677A-04", "district_id": "TRE2-VSU-003677A", "belt_id": "TRE2-VSU-B0012", "kind": "volcanic_sulphur", "name": "volcanic native sulphur", "tonnage_mt": 2.0329, "grades": {"S %": 27.0107}, "depth_m": 521, "blind": true, "strike_deg": 73, "dip_deg": 63, "length_m": 2910, "width_m": 216.3, "shape": "lens", "host": "flood_basalt", "chance": 0.407, "seen_by": {"geochemistry": false}, "water_depth_m": 0}}, {"type": "Feature", "geometry": {"type": "Point", "coordinates": [-64.49087, -66.81873]}, "properties": {"id": "TRE2-VSU-019217A-01", "district_id": "TRE2-VSU-019217A", "belt_id": "TRE2-VSU-B0109", "kind": "volcanic_sulphur", "name": "volcanic native sulphur", "tonnage_mt": 0.4887, "grades": {"S %": 36.2013}, "depth_m": 1644, "blind": true, "strike_deg": 172, "dip_deg": 39, "length_m": 666, "width_m": 215.8, "shape": "lens", "host": "clastic", "chance": 0.937, "seen_by": {"geochemistry": false}, "water_depth_m": 130}}, {"type": "Feature", "geometry": {"type": "Point", "coordinates": [-11.33963, -4.33013]}, "properties": {"id": "TRE2-HAL-010708A-01", "district_id": "TRE2-HAL-010708A", "belt_id": "TRE2-HAL-B0062", "kind": "halite", "name": "rock salt (bedded and domes)", "tonnage_mt": 1077.6868, "grades": {"NaCl %": 114.8084}, "depth_m": 467, "blind": true, "strike_deg": 29, "dip_deg": 34, "length_m": 14527, "width_m": 5156.7, "shape": "strata", "host": "carbonate", "chance": 0.51, "seen_by": {"gravity": true}, "water_depth_m": 141}}, {"type": "Feature", "geometry": {"type": "Point", "coordinates": [-11.76405, -4.73273]}, "properties": {"id": "TRE2-HAL-010708A-02", "district_id": "TRE2-HAL-010708A", "belt_id": "TRE2-HAL-B0062", "kind": "halite", "name": "rock salt (bedded and domes)", "tonnage_mt": 3673.8251, "grades": {"NaCl %": 105.1594}, "depth_m": 823, "blind": true, "strike_deg": 25, "dip_deg": 37, "length_m": 11825, "width_m": 4390.0, "shape": "strata", "host": "carbonate", "chance": 0.51, "seen_by": {"gravity": false}, "water_depth_m": 141}}, {"type": "Feature", "geometry": {"type": "Point", "coordinates": [-11.17724, -4.04205]}, "properties": {"id": "TRE2-HAL-010708A-03", "district_id": "TRE2-HAL-010708A", "belt_id": "TRE2-HAL-B0062", "kind": "halite", "name": "rock salt (bedded and domes)", "tonnage_mt": 3433.2494, "grades": {"NaCl %": 106.4273}, "depth_m": 663, "blind": true, "strike_deg": 42, "dip_deg": 35, "length_m": 37379, "width_m": 1928.9, "shape": "strata", "host": "carbonate", "chance": 0.51, "seen_by": {"gravity": true}, "water_depth_m": 141}}, {"type": "Feature", "geometry": {"type": "Point", "coordinates": [-11.25689, -3.80158]}, "properties": {"id": "TRE2-HAL-010708A-04", "district_id": "TRE2-HAL-010708A", "belt_id": "TRE2-HAL-B0062", "kind": "halite", "name": "rock salt (bedded and domes)", "tonnage_mt": 4324.1488, "grades": {"NaCl %": 190.2897}, "depth_m": 596, "blind": true, "strike_deg": 42, "dip_deg": 10, "length_m": 18745, "width_m": 3600.2, "shape": "strata", "host": "carbonate", "chance": 0.51, "seen_by": {"gravity": true}, "water_depth_m": 141}}, {"type": "Feature", "geometry": {"type": "Point", "coordinates": [-10.81725, -3.49568]}, "properties": {"id": "TRE2-HAL-010708A-05", "district_id": "TRE2-HAL-010708A", "belt_id": "TRE2-HAL-B0062", "kind": "halite", "name": "rock salt (bedded and domes)", "tonnage_mt": 233.8538, "grades": {"NaCl %": 85.6715}, "depth_m": 410, "blind": true, "strike_deg": 55, "dip_deg": 13, "length_m": 13503, "width_m": 5062.1, "shape": "strata", "host": "carbonate", "chance": 0.51, "seen_by": {"gravity": true}, "water_depth_m": 141}}, {"type": "Feature", "geometry": {"type": "Point", "coordinates": [-11.35707, -4.60119]}, "properties": {"id": "TRE2-HAL-010708A-06", "district_id": "TRE2-HAL-010708A", "belt_id": "TRE2-HAL-B0062", "kind": "halite", "name": "rock salt (bedded and domes)", "tonnage_mt": 4654.4709, "grades": {"NaCl %": 81.4792}, "depth_m": 606, "blind": true, "strike_deg": 42, "dip_deg": 7, "length_m": 18192, "width_m": 3017.1, "shape": "strata", "host": "carbonate", "chance": 0.51, "seen_by": {"gravity": true}, "water_depth_m": 141}}, {"type": "Feature", "geometry": {"type": "Point", "coordinates": [-10.52923, -4.00039]}, "properties": {"id": "TRE2-HAL-010708A-07", "district_id": "TRE2-HAL-010708A", "belt_id": "TRE2-HAL-B0062", "kind": "halite", "name": "rock salt (bedded and domes)", "tonnage_mt": 3246.4021, "grades": {"NaCl %": 55.2891}, "depth_m": 285, "blind": false, "strike_deg": 19, "dip_deg": 34, "length_m": 14402, "width_m": 4262.9, "shape": "strata", "host": "carbonate", "chance": 0.51, "seen_by": {"gravity": true}, "water_depth_m": 141}}, {"type": "Feature", "geometry": {"type": "Point", "coordinates": [-29.4637, -12.86519]}, "properties": {"id": "TRE2-HAL-012402A-01", "district_id": "TRE2-HAL-012402A", "belt_id": "TRE2-HAL-B0079", "kind": "halite", "name": "rock salt (bedded and domes)", "tonnage_mt": 158.1547, "grades": {"NaCl %": 113.1063}, "depth_m": 0, "blind": false, "strike_deg": 16, "dip_deg": 33, "length_m": 18490, "width_m": 3273.1, "shape": "strata", "host": "carbonate", "chance": 0.282, "seen_by": {"gravity": true}, "water_depth_m": 0}}, {"type": "Feature", "geometry": {"type": "Point", "coordinates": [-30.39021, -13.29018]}, "properties": {"id": "TRE2-HAL-012402A-02", "district_id": "TRE2-HAL-012402A", "belt_id": "TRE2-HAL-B0079", "kind": "halite", "name": "rock salt (bedded and domes)", "tonnage_mt": 139.4591, "grades": {"NaCl %": 124.916}, "depth_m": 0, "blind": false, "strike_deg": 35, "dip_deg": 37, "length_m": 19168, "width_m": 5475.5, "shape": "strata", "host": "carbonate", "chance": 0.282, "seen_by": {"gravity": true}, "water_depth_m": 0}}, {"type": "Feature", "geometry": {"type": "Point", "coordinates": [-29.57273, -12.58654]}, "properties": {"id": "TRE2-HAL-012402A-03", "district_id": "TRE2-HAL-012402A", "belt_id": "TRE2-HAL-B0079", "kind": "halite", "name": "rock salt (bedded and domes)", "tonnage_mt": 53.6318, "grades": {"NaCl %": 156.2435}, "depth_m": 0, "blind": false, "strike_deg": 33, "dip_deg": 9, "length_m": 10967, "width_m": 2725.0, "shape": "strata", "host": "carbonate", "chance": 0.282, "seen_by": {"gravity": true}, "water_depth_m": 0}}, {"type": "Feature", "geometry": {"type": "Point", "coordinates": [-29.32402, -12.83225]}, "properties": {"id": "TRE2-HAL-012402A-04", "district_id": "TRE2-HAL-012402A", "belt_id": "TRE2-HAL-B0079", "kind": "halite", "name": "rock salt (bedded and domes)", "tonnage_mt": 536.5174, "grades": {"NaCl %": 58.1783}, "depth_m": 0, "blind": false, "strike_deg": 39, "dip_deg": 6, "length_m": 29507, "width_m": 7249.1, "shape": "strata", "host": "carbonate", "chance": 0.282, "seen_by": {"gravity": true}, "water_depth_m": 0}}, {"type": "Feature", "geometry": {"type": "Point", "coordinates": [-29.67048, -13.08229]}, "properties": {"id": "TRE2-HAL-012402A-05", "district_id": "TRE2-HAL-012402A", "belt_id": "TRE2-HAL-B0079", "kind": "halite", "name": "rock salt (bedded and domes)", "tonnage_mt": 608.9022, "grades": {"NaCl %": 153.505}, "depth_m": 0, "blind": false, "strike_deg": 28, "dip_deg": 12, "length_m": 12268, "width_m": 4828.9, "shape": "strata", "host": "carbonate", "chance": 0.282, "seen_by": {"gravity": true}, "water_depth_m": 0}}, {"type": "Feature", "geometry": {"type": "Point", "coordinates": [-167.70576, -17.42548]}, "properties": {"id": "TRE2-HAL-013157A-01", "district_id": "TRE2-HAL-013157A", "belt_id": null, "kind": "halite", "name": "rock salt (bedded and domes)", "tonnage_mt": 6237.118, "grades": {"NaCl %": 67.3689}, "depth_m": 0, "blind": false, "strike_deg": 144, "dip_deg": 11, "length_m": 12192, "width_m": 5860.6, "shape": "strata", "host": "carbonate", "chance": 0.143, "seen_by": {"gravity": true}, "water_depth_m": 0}}, {"type": "Feature", "geometry": {"type": "Point", "coordinates": [-168.13869, -18.00539]}, "properties": {"id": "TRE2-HAL-013157A-02", "district_id": "TRE2-HAL-013157A", "belt_id": null, "kind": "halite", "name": "rock salt (bedded and domes)", "tonnage_mt": 251.5344, "grades": {"NaCl %": 186.8667}, "depth_m": 36, "blind": false, "strike_deg": 148, "dip_deg": 16, "length_m": 41624, "width_m": 4302.0, "shape": "strata", "host": "carbonate", "chance": 0.143, "seen_by": {"gravity": true}, "water_depth_m": 0}}, {"type": "Feature", "geometry": {"type": "Point", "coordinates": [-168.22088, -18.08576]}, "properties": {"id": "TRE2-HAL-013157A-03", "district_id": "TRE2-HAL-013157A", "belt_id": null, "kind": "halite", "name": "rock salt (bedded and domes)", "tonnage_mt": 404.0326, "grades": {"NaCl %": 62.4465}, "depth_m": 68, "blind": false, "strike_deg": 146, "dip_deg": 39, "length_m": 24370, "width_m": 4812.4, "shape": "strata", "host": "carbonate", "chance": 0.143, "seen_by": {"gravity": true}, "water_depth_m": 0}}, {"type": "Feature", "geometry": {"type": "Point", "coordinates": [-167.73297, -18.61959]}, "properties": {"id": "TRE2-HAL-013157A-04", "district_id": "TRE2-HAL-013157A", "belt_id": null, "kind": "halite", "name": "rock salt (bedded and domes)", "tonnage_mt": 227.1535, "grades": {"NaCl %": 166.3101}, "depth_m": 54, "blind": false, "strike_deg": 143, "dip_deg": 37, "length_m": 8795, "width_m": 6240.3, "shape": "strata", "host": "carbonate", "chance": 0.143, "seen_by": {"gravity": true}, "water_depth_m": 0}}, {"type": "Feature", "geometry": {"type": "Point", "coordinates": [-168.85491, -16.98197]}, "properties": {"id": "TRE2-HAL-013157A-05", "district_id": "TRE2-HAL-013157A", "belt_id": null, "kind": "halite", "name": "rock salt (bedded and domes)", "tonnage_mt": 642.0621, "grades": {"NaCl %": 56.3932}, "depth_m": 146, "blind": false, "strike_deg": 144, "dip_deg": 20, "length_m": 17046, "width_m": 8406.6, "shape": "strata", "host": "carbonate", "chance": 0.143, "seen_by": {"gravity": true}, "water_depth_m": 0}}, {"type": "Feature", "geometry": {"type": "Point", "coordinates": [-168.21997, -18.55606]}, "properties": {"id": "TRE2-HAL-013157A-06", "district_id": "TRE2-HAL-013157A", "belt_id": null, "kind": "halite", "name": "rock salt (bedded and domes)", "tonnage_mt": 807.1095, "grades": {"NaCl %": 42.5625}, "depth_m": 81, "blind": false, "strike_deg": 157, "dip_deg": 14, "length_m": 15409, "width_m": 2907.0, "shape": "strata", "host": "carbonate", "chance": 0.143, "seen_by": {"gravity": true}, "water_depth_m": 0}}, {"type": "Feature", "geometry": {"type": "Point", "coordinates": [-168.61774, -17.80812]}, "properties": {"id": "TRE2-HAL-013157A-07", "district_id": "TRE2-HAL-013157A", "belt_id": null, "kind": "halite", "name": "rock salt (bedded and domes)", "tonnage_mt": 373.2423, "grades": {"NaCl %": 113.3382}, "depth_m": 59, "blind": false, "strike_deg": 148, "dip_deg": 33, "length_m": 19365, "width_m": 3861.4, "shape": "strata", "host": "carbonate", "chance": 0.143, "seen_by": {"gravity": true}, "water_depth_m": 0}}, {"type": "Feature", "geometry": {"type": "Point", "coordinates": [-168.66852, -16.58423]}, "properties": {"id": "TRE2-HAL-013157A-08", "district_id": "TRE2-HAL-013157A", "belt_id": null, "kind": "halite", "name": "rock salt (bedded and domes)", "tonnage_mt": 10974.2722, "grades": {"NaCl %": 134.1114}, "depth_m": 173, "blind": false, "strike_deg": 150, "dip_deg": 25, "length_m": 13737, "width_m": 3461.8, "shape": "strata", "host": "carbonate", "chance": 0.143, "seen_by": {"gravity": true}, "water_depth_m": 0}}, {"type": "Feature", "geometry": {"type": "Point", "coordinates": [-142.51411, -34.78283]}, "properties": {"id": "TRE2-HAL-015712A-01", "district_id": "TRE2-HAL-015712A", "belt_id": "TRE2-HAL-B0120", "kind": "halite", "name": "rock salt (bedded and domes)", "tonnage_mt": 3309.867, "grades": {"NaCl %": 76.727}, "depth_m": 0, "blind": false, "strike_deg": 123, "dip_deg": 39, "length_m": 27206, "width_m": 3291.1, "shape": "strata", "host": "arc_volcanic", "chance": 0.653, "seen_by": {"gravity": true}, "water_depth_m": 0}}, {"type": "Feature", "geometry": {"type": "Point", "coordinates": [-140.54141, -34.76971]}, "properties": {"id": "TRE2-HAL-015712A-02", "district_id": "TRE2-HAL-015712A", "belt_id": "TRE2-HAL-B0120", "kind": "halite", "name": "rock salt (bedded and domes)", "tonnage_mt": 181.3142, "grades": {"NaCl %": 109.5574}, "depth_m": 0, "blind": false, "strike_deg": 121, "dip_deg": 10, "length_m": 43810, "width_m": 7936.9, "shape": "strata", "host": "arc_volcanic", "chance": 0.653, "seen_by": {"gravity": true}, "water_depth_m": 0}}, {"type": "Feature", "geometry": {"type": "Point", "coordinates": [-143.43614, 32.28016]}, "properties": {"id": "TRE2-POT-004588A-01", "district_id": "TRE2-POT-004588A", "belt_id": "TRE2-POT-B0006", "kind": "potash", "name": "potash salts (sylvite, carnallite)", "tonnage_mt": 322.1168, "grades": {"K2O %": 14.4106, "MgO %": 1.8382}, "depth_m": 1586, "blind": true, "strike_deg": 115, "dip_deg": 9, "length_m": 10327, "width_m": 21957.2, "shape": "strata", "host": "clastic", "chance": 0.374, "seen_by": {"gravity": false, "radiometrics": false}, "water_depth_m": 0}}, {"type": "Feature", "geometry": {"type": "Point", "coordinates": [-144.05414, 31.95722]}, "properties": {"id": "TRE2-POT-004588A-02", "district_id": "TRE2-POT-004588A", "belt_id": "TRE2-POT-B0006", "kind": "potash", "name": "potash salts (sylvite, carnallite)", "tonnage_mt": 128.1778, "grades": {"K2O %": 8.2794, "MgO %": 5.1254}, "depth_m": 1335, "blind": true, "strike_deg": 141, "dip_deg": 27, "length_m": 12340, "width_m": 14043.1, "shape": "strata", "host": "clastic", "chance": 0.374, "seen_by": {"gravity": false, "radiometrics": false}, "water_depth_m": 0}}, {"type": "Feature", "geometry": {"type": "Point", "coordinates": [-143.50624, 32.71856]}, "properties": {"id": "TRE2-POT-004588A-03", "district_id": "TRE2-POT-004588A", "belt_id": "TRE2-POT-B0006", "kind": "potash", "name": "potash salts (sylvite, carnallite)", "tonnage_mt": 2579.0092, "grades": {"K2O %": 19.3941, "MgO %": 1.3772}, "depth_m": 1620, "blind": true, "strike_deg": 145, "dip_deg": 24, "length_m": 20734, "width_m": 5055.1, "shape": "strata", "host": "clastic", "chance": 0.374, "seen_by": {"gravity": false, "radiometrics": false}, "water_depth_m": 0}}, {"type": "Feature", "geometry": {"type": "Point", "coordinates": [-143.65231, 32.06067]}, "properties": {"id": "TRE2-POT-004588A-04", "district_id": "TRE2-POT-004588A", "belt_id": "TRE2-POT-B0006", "kind": "potash", "name": "potash salts (sylvite, carnallite)", "tonnage_mt": 335.4068, "grades": {"K2O %": 15.3113, "MgO %": 2.4635}, "depth_m": 1350, "blind": true, "strike_deg": 122, "dip_deg": 21, "length_m": 19433, "width_m": 5684.3, "shape": "strata", "host": "clastic", "chance": 0.374, "seen_by": {"gravity": false, "radiometrics": false}, "water_depth_m": 0}}, {"type": "Feature", "geometry": {"type": "Point", "coordinates": [98.90672, 5.63345]}, "properties": {"id": "TRE2-POT-008995A-01", "district_id": "TRE2-POT-008995A", "belt_id": null, "kind": "potash", "name": "potash salts (sylvite, carnallite)", "tonnage_mt": 1042.37, "grades": {"K2O %": 14.4294, "MgO %": 2.6419}, "depth_m": 222, "blind": false, "strike_deg": 116, "dip_deg": 20, "length_m": 18193, "width_m": 8285.2, "shape": "strata", "host": "carbonate", "chance": 0.17, "seen_by": {"gravity": true, "radiometrics": false}, "water_depth_m": 4}}, {"type": "Feature", "geometry": {"type": "Point", "coordinates": [99.52981, 5.39849]}, "properties": {"id": "TRE2-POT-008995A-02", "district_id": "TRE2-POT-008995A", "belt_id": null, "kind": "potash", "name": "potash salts (sylvite, carnallite)", "tonnage_mt": 220.1226, "grades": {"K2O %": 14.9254, "MgO %": 5.5327}, "depth_m": 323, "blind": true, "strike_deg": 103, "dip_deg": 37, "length_m": 19031, "width_m": 9417.0, "shape": "strata", "host": "carbonate", "chance": 0.17, "seen_by": {"gravity": true, "radiometrics": false}, "water_depth_m": 4}}, {"type": "Feature", "geometry": {"type": "Point", "coordinates": [98.28754, 5.68016]}, "properties": {"id": "TRE2-POT-008995A-03", "district_id": "TRE2-POT-008995A", "belt_id": null, "kind": "potash", "name": "potash salts (sylvite, carnallite)", "tonnage_mt": 365.6848, "grades": {"K2O %": 21.1279, "MgO %": 2.5492}, "depth_m": 55, "blind": false, "strike_deg": 123, "dip_deg": 30, "length_m": 22558, "width_m": 16383.5, "shape": "strata", "host": "carbonate", "chance": 0.17, "seen_by": {"gravity": true, "radiometrics": false}, "water_depth_m": 4}}, {"type": "Feature", "geometry": {"type": "Point", "coordinates": [-111.92199, 5.28506]}, "properties": {"id": "TRE2-POT-009007A-01", "district_id": "TRE2-POT-009007A", "belt_id": "TRE2-POT-B0027", "kind": "potash", "name": "potash salts (sylvite, carnallite)", "tonnage_mt": 1319.2406, "grades": {"K2O %": 12.3011, "MgO %": 4.9683}, "depth_m": 850, "blind": true, "strike_deg": 158, "dip_deg": 25, "length_m": 13085, "width_m": 19006.4, "shape": "strata", "host": "carbonate", "chance": 0.446, "seen_by": {"gravity": false, "radiometrics": false}, "water_depth_m": 0}}, {"type": "Feature", "geometry": {"type": "Point", "coordinates": [-111.97464, 5.6586]}, "properties": {"id": "TRE2-POT-009007A-02", "district_id": "TRE2-POT-009007A", "belt_id": "TRE2-POT-B0027", "kind": "potash", "name": "potash salts (sylvite, carnallite)", "tonnage_mt": 189.5785, "grades": {"K2O %": 18.2218, "MgO %": 3.377}, "depth_m": 958, "blind": true, "strike_deg": 133, "dip_deg": 13, "length_m": 13798, "width_m": 14107.2, "shape": "strata", "host": "carbonate", "chance": 0.446, "seen_by": {"gravity": false, "radiometrics": false}, "water_depth_m": 0}}, {"type": "Feature", "geometry": {"type": "Point", "coordinates": [-111.44723, 6.07954]}, "properties": {"id": "TRE2-POT-009007A-03", "district_id": "TRE2-POT-009007A", "belt_id": "TRE2-POT-B0027", "kind": "potash", "name": "potash salts (sylvite, carnallite)", "tonnage_mt": 669.4454, "grades": {"K2O %": 11.3703, "MgO %": 2.266}, "depth_m": 959, "blind": true, "strike_deg": 161, "dip_deg": 26, "length_m": 12321, "width_m": 7683.9, "shape": "strata", "host": "carbonate", "chance": 0.446, "seen_by": {"gravity": false, "radiometrics": false}, "water_depth_m": 0}}, {"type": "Feature", "geometry": {"type": "Point", "coordinates": [-111.28722, 5.27229]}, "properties": {"id": "TRE2-POT-009007A-04", "district_id": "TRE2-POT-009007A", "belt_id": "TRE2-POT-B0027", "kind": "potash", "name": "potash salts (sylvite, carnallite)", "tonnage_mt": 355.0398, "grades": {"K2O %": 8.5803, "MgO %": 3.1438}, "depth_m": 1002, "blind": true, "strike_deg": 164, "dip_deg": 16, "length_m": 18352, "width_m": 14503.5, "shape": "strata", "host": "carbonate", "chance": 0.446, "seen_by": {"gravity": false, "radiometrics": false}, "water_depth_m": 0}}, {"type": "Feature", "geometry": {"type": "Point", "coordinates": [112.75438, -28.25345]}, "properties": {"id": "TRE2-POT-014642A-01", "district_id": "TRE2-POT-014642A", "belt_id": null, "kind": "potash", "name": "potash salts (sylvite, carnallite)", "tonnage_mt": 2017.312, "grades": {"K2O %": 14.46, "MgO %": 2.369}, "depth_m": 169, "blind": false, "strike_deg": 8, "dip_deg": 16, "length_m": 14691, "width_m": 7802.5, "shape": "strata", "host": "carbonate", "chance": 0.179, "seen_by": {"gravity": true, "radiometrics": false}, "water_depth_m": 60}}, {"type": "Feature", "geometry": {"type": "Point", "coordinates": [113.51678, -27.79146]}, "properties": {"id": "TRE2-POT-014642A-02", "district_id": "TRE2-POT-014642A", "belt_id": null, "kind": "potash", "name": "potash salts (sylvite, carnallite)", "tonnage_mt": 1865.0997, "grades": {"K2O %": 25.552, "MgO %": 6.6002}, "depth_m": 170, "blind": false, "strike_deg": 0, "dip_deg": 20, "length_m": 11512, "width_m": 13589.9, "shape": "strata", "host": "carbonate", "chance": 0.179, "seen_by": {"gravity": true, "radiometrics": false}, "water_depth_m": 60}}, {"type": "Feature", "geometry": {"type": "Point", "coordinates": [113.12573, -28.09835]}, "properties": {"id": "TRE2-POT-014642A-03", "district_id": "TRE2-POT-014642A", "belt_id": null, "kind": "potash", "name": "potash salts (sylvite, carnallite)", "tonnage_mt": 2874.115, "grades": {"K2O %": 15.1328, "MgO %": 6.2531}, "depth_m": 165, "blind": false, "strike_deg": 4, "dip_deg": 39, "length_m": 19431, "width_m": 6899.8, "shape": "strata", "host": "carbonate", "chance": 0.179, "seen_by": {"gravity": true, "radiometrics": false}, "water_depth_m": 60}}, {"type": "Feature", "geometry": {"type": "Point", "coordinates": [112.99178, -28.31678]}, "properties": {"id": "TRE2-POT-014642A-04", "district_id": "TRE2-POT-014642A", "belt_id": null, "kind": "potash", "name": "potash salts (sylvite, carnallite)", "tonnage_mt": 673.9411, "grades": {"K2O %": 15.4488, "MgO %": 3.0538}, "depth_m": 142, "blind": false, "strike_deg": 0, "dip_deg": 35, "length_m": 22163, "width_m": 11571.3, "shape": "strata", "host": "carbonate", "chance": 0.179, "seen_by": {"gravity": true, "radiometrics": false}, "water_depth_m": 60}}, {"type": "Feature", "geometry": {"type": "Point", "coordinates": [113.35583, -27.81174]}, "properties": {"id": "TRE2-POT-014642A-05", "district_id": "TRE2-POT-014642A", "belt_id": null, "kind": "potash", "name": "potash salts (sylvite, carnallite)", "tonnage_mt": 22.7433, "grades": {"K2O %": 10.0547, "MgO %": 4.0334}, "depth_m": 0, "blind": false, "strike_deg": 176, "dip_deg": 24, "length_m": 15499, "width_m": 11234.8, "shape": "strata", "host": "carbonate", "chance": 0.179, "seen_by": {"gravity": true, "radiometrics": true}, "water_depth_m": 60}}, {"type": "Feature", "geometry": {"type": "Point", "coordinates": [133.63523, -55.33116]}, "properties": {"id": "TRE2-POT-018294A-01", "district_id": "TRE2-POT-018294A", "belt_id": "TRE2-POT-B0084", "kind": "potash", "name": "potash salts (sylvite, carnallite)", "tonnage_mt": 239.9735, "grades": {"K2O %": 12.4866, "MgO %": 1.1785}, "depth_m": 1802, "blind": true, "strike_deg": 179, "dip_deg": 22, "length_m": 7111, "width_m": 12320.1, "shape": "strata", "host": "clastic", "chance": 0.375, "seen_by": {"gravity": false, "radiometrics": false}, "water_depth_m": 45}}, {"type": "Feature", "geometry": {"type": "Point", "coordinates": [134.17015, -55.45267]}, "properties": {"id": "TRE2-POT-018294A-02", "district_id": "TRE2-POT-018294A", "belt_id": "TRE2-POT-B0084", "kind": "potash", "name": "potash salts (sylvite, carnallite)", "tonnage_mt": 369.605, "grades": {"K2O %": 20.8057, "MgO %": 3.392}, "depth_m": 1942, "blind": true, "strike_deg": 8, "dip_deg": 16, "length_m": 13471, "width_m": 9511.5, "shape": "strata", "host": "clastic", "chance": 0.375, "seen_by": {"gravity": false, "radiometrics": false}, "water_depth_m": 45}}, {"type": "Feature", "geometry": {"type": "Point", "coordinates": [133.74906, -55.26787]}, "properties": {"id": "TRE2-POT-018294A-03", "district_id": "TRE2-POT-018294A", "belt_id": "TRE2-POT-B0084", "kind": "potash", "name": "potash salts (sylvite, carnallite)", "tonnage_mt": 59.5224, "grades": {"K2O %": 12.6944, "MgO %": 3.4383}, "depth_m": 2101, "blind": true, "strike_deg": 177, "dip_deg": 25, "length_m": 19856, "width_m": 7272.9, "shape": "strata", "host": "clastic", "chance": 0.375, "seen_by": {"gravity": false, "radiometrics": false}, "water_depth_m": 45}}, {"type": "Feature", "geometry": {"type": "Point", "coordinates": [47.86329, 24.48938]}, "properties": {"id": "TRE2-ESU-005893A-01", "district_id": "TRE2-ESU-005893A", "belt_id": "TRE2-ESU-B0002", "kind": "evaporite_sulphur", "name": "salt-dome native sulphur", "tonnage_mt": 8.534, "grades": {"S %": 33.1501}, "depth_m": 1756, "blind": true, "strike_deg": 113, "dip_deg": 88, "length_m": 2395, "width_m": 1931.4, "shape": "pipe", "host": "carbonate", "chance": 0.256, "seen_by": {"gravity": false}, "water_depth_m": 0}}, {"type": "Feature", "geometry": {"type": "Point", "coordinates": [47.67779, 24.39686]}, "properties": {"id": "TRE2-ESU-005893A-02", "district_id": "TRE2-ESU-005893A", "belt_id": "TRE2-ESU-B0002", "kind": "evaporite_sulphur", "name": "salt-dome native sulphur", "tonnage_mt": 193.9955, "grades": {"S %": 26.9822}, "depth_m": 1619, "blind": true, "strike_deg": 111, "dip_deg": 89, "length_m": 1604, "width_m": 5668.5, "shape": "pipe", "host": "carbonate", "chance": 0.256, "seen_by": {"gravity": false}, "water_depth_m": 0}}, {"type": "Feature", "geometry": {"type": "Point", "coordinates": [47.30056, 24.50729]}, "properties": {"id": "TRE2-ESU-005893A-03", "district_id": "TRE2-ESU-005893A", "belt_id": "TRE2-ESU-B0002", "kind": "evaporite_sulphur", "name": "salt-dome native sulphur", "tonnage_mt": 81.589, "grades": {"S %": 17.1599}, "depth_m": 1812, "blind": true, "strike_deg": 108, "dip_deg": 88, "length_m": 1678, "width_m": 1703.8, "shape": "pipe", "host": "carbonate", "chance": 0.256, "seen_by": {"gravity": false}, "water_depth_m": 0}}, {"type": "Feature", "geometry": {"type": "Point", "coordinates": [47.13861, 24.12817]}, "properties": {"id": "TRE2-ESU-005893A-04", "district_id": "TRE2-ESU-005893A", "belt_id": "TRE2-ESU-B0002", "kind": "evaporite_sulphur", "name": "salt-dome native sulphur", "tonnage_mt": 37.885, "grades": {"S %": 30.3953}, "depth_m": 1896, "blind": true, "strike_deg": 94, "dip_deg": 89, "length_m": 1627, "width_m": 2808.0, "shape": "pipe", "host": "carbonate", "chance": 0.256, "seen_by": {"gravity": false}, "water_depth_m": 0}}, {"type": "Feature", "geometry": {"type": "Point", "coordinates": [47.64054, 24.63661]}, "properties": {"id": "TRE2-ESU-005893A-05", "district_id": "TRE2-ESU-005893A", "belt_id": "TRE2-ESU-B0002", "kind": "evaporite_sulphur", "name": "salt-dome native sulphur", "tonnage_mt": 20.7521, "grades": {"S %": 37.0227}, "depth_m": 1620, "blind": true, "strike_deg": 88, "dip_deg": 89, "length_m": 2600, "width_m": 2035.4, "shape": "pipe", "host": "carbonate", "chance": 0.256, "seen_by": {"gravity": false}, "water_depth_m": 0}}, {"type": "Feature", "geometry": {"type": "Point", "coordinates": [-114.24736, -8.73662]}, "properties": {"id": "TRE2-ESU-011646A-01", "district_id": "TRE2-ESU-011646A", "belt_id": "TRE2-ESU-B0008", "kind": "evaporite_sulphur", "name": "salt-dome native sulphur", "tonnage_mt": 77.4862, "grades": {"S %": 35.4108}, "depth_m": 141, "blind": false, "strike_deg": 98, "dip_deg": 90, "length_m": 1187, "width_m": 4092.7, "shape": "pipe", "host": "basement", "chance": 0.22, "seen_by": {"gravity": true}, "water_depth_m": 0}}, {"type": "Feature", "geometry": {"type": "Point", "coordinates": [-114.02582, -9.09707]}, "properties": {"id": "TRE2-ESU-011646A-02", "district_id": "TRE2-ESU-011646A", "belt_id": "TRE2-ESU-B0008", "kind": "evaporite_sulphur", "name": "salt-dome native sulphur", "tonnage_mt": 3.4956, "grades": {"S %": 19.8187}, "depth_m": 256, "blind": false, "strike_deg": 80, "dip_deg": 87, "length_m": 2372, "width_m": 2155.7, "shape": "pipe", "host": "basement", "chance": 0.22, "seen_by": {"gravity": true}, "water_depth_m": 0}}, {"type": "Feature", "geometry": {"type": "Point", "coordinates": [-113.87214, -8.9624]}, "properties": {"id": "TRE2-ESU-011646A-03", "district_id": "TRE2-ESU-011646A", "belt_id": "TRE2-ESU-B0008", "kind": "evaporite_sulphur", "name": "salt-dome native sulphur", "tonnage_mt": 2.3768, "grades": {"S %": 14.4558}, "depth_m": 456, "blind": true, "strike_deg": 78, "dip_deg": 88, "length_m": 1020, "width_m": 2090.2, "shape": "pipe", "host": "basement", "chance": 0.22, "seen_by": {"gravity": true}, "water_depth_m": 0}}, {"type": "Feature", "geometry": {"type": "Point", "coordinates": [-114.01031, -8.85191]}, "properties": {"id": "TRE2-ESU-011646A-04", "district_id": "TRE2-ESU-011646A", "belt_id": "TRE2-ESU-B0008", "kind": "evaporite_sulphur", "name": "salt-dome native sulphur", "tonnage_mt": 19.5836, "grades": {"S %": 49.093}, "depth_m": 311, "blind": true, "strike_deg": 89, "dip_deg": 88, "length_m": 2395, "width_m": 4504.1, "shape": "pipe", "host": "basement", "chance": 0.22, "seen_by": {"gravity": true}, "water_depth_m": 0}}, {"type": "Feature", "geometry": {"type": "Point", "coordinates": [-113.91144, -8.73326]}, "properties": {"id": "TRE2-ESU-011646A-05", "district_id": "TRE2-ESU-011646A", "belt_id": "TRE2-ESU-B0008", "kind": "evaporite_sulphur", "name": "salt-dome native sulphur", "tonnage_mt": 13.7025, "grades": {"S %": 24.9134}, "depth_m": 366, "blind": true, "strike_deg": 93, "dip_deg": 89, "length_m": 1905, "width_m": 1783.1, "shape": "pipe", "host": "basement", "chance": 0.22, "seen_by": {"gravity": true}, "water_depth_m": 0}}, {"type": "Feature", "geometry": {"type": "Point", "coordinates": [-113.96199, -9.02884]}, "properties": {"id": "TRE2-ESU-011646A-06", "district_id": "TRE2-ESU-011646A", "belt_id": "TRE2-ESU-B0008", "kind": "evaporite_sulphur", "name": "salt-dome native sulphur", "tonnage_mt": 10.4215, "grades": {"S %": 24.1245}, "depth_m": 167, "blind": false, "strike_deg": 99, "dip_deg": 85, "length_m": 1487, "width_m": 1224.9, "shape": "pipe", "host": "basement", "chance": 0.22, "seen_by": {"gravity": true}, "water_depth_m": 0}}, {"type": "Feature", "geometry": {"type": "Point", "coordinates": [-114.54942, -8.90968]}, "properties": {"id": "TRE2-ESU-011646A-07", "district_id": "TRE2-ESU-011646A", "belt_id": "TRE2-ESU-B0008", "kind": "evaporite_sulphur", "name": "salt-dome native sulphur", "tonnage_mt": 89.0809, "grades": {"S %": 24.8405}, "depth_m": 332, "blind": true, "strike_deg": 71, "dip_deg": 86, "length_m": 3022, "width_m": 1485.9, "shape": "pipe", "host": "basement", "chance": 0.22, "seen_by": {"gravity": true}, "water_depth_m": 0}}, {"type": "Feature", "geometry": {"type": "Point", "coordinates": [-114.26824, -8.4679]}, "properties": {"id": "TRE2-ESU-011646A-08", "district_id": "TRE2-ESU-011646A", "belt_id": "TRE2-ESU-B0008", "kind": "evaporite_sulphur", "name": "salt-dome native sulphur", "tonnage_mt": 33.3834, "grades": {"S %": 31.6522}, "depth_m": 374, "blind": true, "strike_deg": 95, "dip_deg": 89, "length_m": 2907, "width_m": 1109.8, "shape": "pipe", "host": "basement", "chance": 0.22, "seen_by": {"gravity": true}, "water_depth_m": 0}}, {"type": "Feature", "geometry": {"type": "Point", "coordinates": [59.76516, -30.51056]}, "properties": {"id": "TRE2-ESU-015022A-01", "district_id": "TRE2-ESU-015022A", "belt_id": null, "kind": "evaporite_sulphur", "name": "salt-dome native sulphur", "tonnage_mt": 3.7432, "grades": {"S %": 32.6545}, "depth_m": 901, "blind": true, "strike_deg": 33, "dip_deg": 90, "length_m": 2538, "width_m": 3511.6, "shape": "pipe", "host": "carbonate", "chance": 0.134, "seen_by": {"gravity": false}, "water_depth_m": 0}}, {"type": "Feature", "geometry": {"type": "Point", "coordinates": [60.16326, -30.83806]}, "properties": {"id": "TRE2-ESU-015022A-02", "district_id": "TRE2-ESU-015022A", "belt_id": null, "kind": "evaporite_sulphur", "name": "salt-dome native sulphur", "tonnage_mt": 104.6621, "grades": {"S %": 33.3804}, "depth_m": 955, "blind": true, "strike_deg": 2, "dip_deg": 87, "length_m": 951, "width_m": 4156.4, "shape": "pipe", "host": "carbonate", "chance": 0.134, "seen_by": {"gravity": false}, "water_depth_m": 0}}, {"type": "Feature", "geometry": {"type": "Point", "coordinates": [60.38636, -30.56561]}, "properties": {"id": "TRE2-ESU-015022A-03", "district_id": "TRE2-ESU-015022A", "belt_id": null, "kind": "evaporite_sulphur", "name": "salt-dome native sulphur", "tonnage_mt": 3.646, "grades": {"S %": 40.732}, "depth_m": 1229, "blind": true, "strike_deg": 24, "dip_deg": 87, "length_m": 2579, "width_m": 2691.9, "shape": "pipe", "host": "carbonate", "chance": 0.134, "seen_by": {"gravity": false}, "water_depth_m": 0}}, {"type": "Feature", "geometry": {"type": "Point", "coordinates": [59.96975, -29.96603]}, "properties": {"id": "TRE2-ESU-015022A-04", "district_id": "TRE2-ESU-015022A", "belt_id": null, "kind": "evaporite_sulphur", "name": "salt-dome native sulphur", "tonnage_mt": 14.2218, "grades": {"S %": 13.2572}, "depth_m": 1013, "blind": true, "strike_deg": 6, "dip_deg": 88, "length_m": 3745, "width_m": 1246.8, "shape": "pipe", "host": "carbonate", "chance": 0.134, "seen_by": {"gravity": false}, "water_depth_m": 0}}, {"type": "Feature", "geometry": {"type": "Point", "coordinates": [39.7409, 25.56283]}, "properties": {"id": "TRE2-PHO-005681A-01", "district_id": "TRE2-PHO-005681A", "belt_id": "TRE2-PHO-B0000", "kind": "phosphorite", "name": "sedimentary phosphate (phosphorite)", "tonnage_mt": 237.3388, "grades": {"P2O5 %": 19.1319}, "depth_m": 1679, "blind": true, "strike_deg": 154, "dip_deg": 8, "length_m": 9162, "width_m": 4259.3, "shape": "strata", "host": "carbonate", "chance": 0.749, "seen_by": {"radiometrics": false, "geochemistry": false}, "water_depth_m": 0}}, {"type": "Feature", "geometry": {"type": "Point", "coordinates": [40.91424, 24.48511]}, "properties": {"id": "TRE2-PHO-005681A-02", "district_id": "TRE2-PHO-005681A", "belt_id": "TRE2-PHO-B0000", "kind": "phosphorite", "name": "sedimentary phosphate (phosphorite)", "tonnage_mt": 2162.8473, "grades": {"P2O5 %": 39.3694}, "depth_m": 2107, "blind": true, "strike_deg": 131, "dip_deg": 39, "length_m": 29816, "width_m": 4463.5, "shape": "strata", "host": "carbonate", "chance": 0.749, "seen_by": {"radiometrics": false, "geochemistry": false}, "water_depth_m": 0}}, {"type": "Feature", "geometry": {"type": "Point", "coordinates": [40.00961, 25.47181]}, "properties": {"id": "TRE2-PHO-005681A-03", "district_id": "TRE2-PHO-005681A", "belt_id": "TRE2-PHO-B0000", "kind": "phosphorite", "name": "sedimentary phosphate (phosphorite)", "tonnage_mt": 703.9216, "grades": {"P2O5 %": 10.0103}, "depth_m": 1755, "blind": true, "strike_deg": 160, "dip_deg": 9, "length_m": 27748, "width_m": 3959.1, "shape": "strata", "host": "carbonate", "chance": 0.749, "seen_by": {"radiometrics": false, "geochemistry": false}, "water_depth_m": 0}}, {"type": "Feature", "geometry": {"type": "Point", "coordinates": [40.46788, 24.73915]}, "properties": {"id": "TRE2-PHO-005681A-04", "district_id": "TRE2-PHO-005681A", "belt_id": "TRE2-PHO-B0000", "kind": "phosphorite", "name": "sedimentary phosphate (phosphorite)", "tonnage_mt": 686.7148, "grades": {"P2O5 %": 25.8274}, "depth_m": 1920, "blind": true, "strike_deg": 145, "dip_deg": 25, "length_m": 21498, "width_m": 4332.7, "shape": "strata", "host": "carbonate", "chance": 0.749, "seen_by": {"radiometrics": false, "geochemistry": false}, "water_depth_m": 0}}, {"type": "Feature", "geometry": {"type": "Point", "coordinates": [40.20291, 25.05306]}, "properties": {"id": "TRE2-PHO-005681B-01", "district_id": "TRE2-PHO-005681B", "belt_id": "TRE2-PHO-B0000", "kind": "phosphorite", "name": "sedimentary phosphate (phosphorite)", "tonnage_mt": 124.8462, "grades": {"P2O5 %": 22.7177}, "depth_m": 1835, "blind": true, "strike_deg": 135, "dip_deg": 7, "length_m": 36241, "width_m": 4175.2, "shape": "strata", "host": "carbonate", "chance": 0.749, "seen_by": {"radiometrics": false, "geochemistry": false}, "water_depth_m": 0}}, {"type": "Feature", "geometry": {"type": "Point", "coordinates": [39.61456, 25.28922]}, "properties": {"id": "TRE2-PHO-005681B-02", "district_id": "TRE2-PHO-005681B", "belt_id": "TRE2-PHO-B0000", "kind": "phosphorite", "name": "sedimentary phosphate (phosphorite)", "tonnage_mt": 131.0617, "grades": {"P2O5 %": 54.2143}, "depth_m": 1602, "blind": true, "strike_deg": 147, "dip_deg": 13, "length_m": 13502, "width_m": 8158.7, "shape": "strata", "host": "carbonate", "chance": 0.749, "seen_by": {"radiometrics": false, "geochemistry": false}, "water_depth_m": 0}}, {"type": "Feature", "geometry": {"type": "Point", "coordinates": [39.87106, 25.52305]}, "properties": {"id": "TRE2-PHO-005681B-03", "district_id": "TRE2-PHO-005681B", "belt_id": "TRE2-PHO-B0000", "kind": "phosphorite", "name": "sedimentary phosphate (phosphorite)", "tonnage_mt": 3807.3902, "grades": {"P2O5 %": 55.9754}, "depth_m": 1634, "blind": true, "strike_deg": 142, "dip_deg": 25, "length_m": 22251, "width_m": 3388.0, "shape": "strata", "host": "carbonate", "chance": 0.749, "seen_by": {"radiometrics": false, "geochemistry": false}, "water_depth_m": 0}}, {"type": "Feature", "geometry": {"type": "Point", "coordinates": [40.77782, 24.77145]}, "properties": {"id": "TRE2-PHO-005681B-04", "district_id": "TRE2-PHO-005681B", "belt_id": "TRE2-PHO-B0000", "kind": "phosphorite", "name": "sedimentary phosphate (phosphorite)", "tonnage_mt": 1083.2378, "grades": {"P2O5 %": 24.3857}, "depth_m": 1858, "blind": true, "strike_deg": 132, "dip_deg": 30, "length_m": 12416, "width_m": 3807.0, "shape": "strata", "host": "carbonate", "chance": 0.749, "seen_by": {"radiometrics": false, "geochemistry": false}, "water_depth_m": 0}}, {"type": "Feature", "geometry": {"type": "Point", "coordinates": [57.28768, 23.59108]}, "properties": {"id": "TRE2-PHO-006105A-01", "district_id": "TRE2-PHO-006105A", "belt_id": "TRE2-PHO-B0001", "kind": "phosphorite", "name": "sedimentary phosphate (phosphorite)", "tonnage_mt": 1354.1171, "grades": {"P2O5 %": 47.6309}, "depth_m": 655, "blind": true, "strike_deg": 67, "dip_deg": 8, "length_m": 16569, "width_m": 2577.3, "shape": "strata", "host": "arc_volcanic", "chance": 0.549, "seen_by": {"radiometrics": false, "geochemistry": false}, "water_depth_m": 0}}, {"type": "Feature", "geometry": {"type": "Point", "coordinates": [57.57464, 23.82156]}, "properties": {"id": "TRE2-PHO-006105A-02", "district_id": "TRE2-PHO-006105A", "belt_id": "TRE2-PHO-B0001", "kind": "phosphorite", "name": "sedimentary phosphate (phosphorite)", "tonnage_mt": 13.0006, "grades": {"P2O5 %": 28.7173}, "depth_m": 740, "blind": true, "strike_deg": 53, "dip_deg": 19, "length_m": 19097, "width_m": 6087.3, "shape": "strata", "host": "arc_volcanic", "chance": 0.549, "seen_by": {"radiometrics": false, "geochemistry": false}, "water_depth_m": 0}}, {"type": "Feature", "geometry": {"type": "Point", "coordinates": [56.76893, 23.24244]}, "properties": {"id": "TRE2-PHO-006105A-03", "district_id": "TRE2-PHO-006105A", "belt_id": "TRE2-PHO-B0001", "kind": "phosphorite", "name": "sedimentary phosphate (phosphorite)", "tonnage_mt": 942.128, "grades": {"P2O5 %": 21.955}, "depth_m": 929, "blind": true, "strike_deg": 59, "dip_deg": 24, "length_m": 27247, "width_m": 6009.4, "shape": "strata", "host": "arc_volcanic", "chance": 0.549, "seen_by": {"radiometrics": false, "geochemistry": false}, "water_depth_m": 0}}, {"type": "Feature", "geometry": {"type": "Point", "coordinates": [56.68551, 23.0337]}, "properties": {"id": "TRE2-PHO-006105A-04", "district_id": "TRE2-PHO-006105A", "belt_id": "TRE2-PHO-B0001", "kind": "phosphorite", "name": "sedimentary phosphate (phosphorite)", "tonnage_mt": 333.2562, "grades": {"P2O5 %": 18.4959}, "depth_m": 730, "blind": true, "strike_deg": 53, "dip_deg": 34, "length_m": 35182, "width_m": 4357.4, "shape": "strata", "host": "arc_volcanic", "chance": 0.549, "seen_by": {"radiometrics": false, "geochemistry": false}, "water_depth_m": 0}}, {"type": "Feature", "geometry": {"type": "Point", "coordinates": [-147.14056, -0.51396]}, "properties": {"id": "TRE2-PHO-010044A-01", "district_id": "TRE2-PHO-010044A", "belt_id": "TRE2-PHO-B0003", "kind": "phosphorite", "name": "sedimentary phosphate (phosphorite)", "tonnage_mt": 726.6711, "grades": {"P2O5 %": 26.7007}, "depth_m": 1321, "blind": true, "strike_deg": 100, "dip_deg": 38, "length_m": 35925, "width_m": 3769.8, "shape": "strata", "host": "carbonate", "chance": 0.292, "seen_by": {"radiometrics": false, "geochemistry": false}, "water_depth_m": 0}}, {"type": "Feature", "geometry": {"type": "Point", "coordinates": [-146.59443, -0.42848]}, "properties": {"id": "TRE2-PHO-010044A-02", "district_id": "TRE2-PHO-010044A", "belt_id": "TRE2-PHO-B0003", "kind": "phosphorite", "name": "sedimentary phosphate (phosphorite)", "tonnage_mt": 924.1126, "grades": {"P2O5 %": 28.1095}, "depth_m": 1564, "blind": true, "strike_deg": 117, "dip_deg": 39, "length_m": 11368, "width_m": 2731.8, "shape": "strata", "host": "carbonate", "chance": 0.292, "seen_by": {"radiometrics": false, "geochemistry": false}, "water_depth_m": 0}}, {"type": "Feature", "geometry": {"type": "Point", "coordinates": [-146.41948, -0.66539]}, "properties": {"id": "TRE2-PHO-010044A-03", "district_id": "TRE2-PHO-010044A", "belt_id": "TRE2-PHO-B0003", "kind": "phosphorite", "name": "sedimentary phosphate (phosphorite)", "tonnage_mt": 343.7161, "grades": {"P2O5 %": 25.2663}, "depth_m": 1400, "blind": true, "strike_deg": 98, "dip_deg": 25, "length_m": 19178, "width_m": 4027.3, "shape": "strata", "host": "carbonate", "chance": 0.292, "seen_by": {"radiometrics": false, "geochemistry": false}, "water_depth_m": 0}}, {"type": "Feature", "geometry": {"type": "Point", "coordinates": [-146.04023, -0.47466]}, "properties": {"id": "TRE2-PHO-010044A-04", "district_id": "TRE2-PHO-010044A", "belt_id": "TRE2-PHO-B0003", "kind": "phosphorite", "name": "sedimentary phosphate (phosphorite)", "tonnage_mt": 423.0481, "grades": {"P2O5 %": 18.9752}, "depth_m": 1365, "blind": true, "strike_deg": 98, "dip_deg": 27, "length_m": 15128, "width_m": 5109.3, "shape": "strata", "host": "carbonate", "chance": 0.292, "seen_by": {"radiometrics": false, "geochemistry": false}, "water_depth_m": 0}}, {"type": "Feature", "geometry": {"type": "Point", "coordinates": [-97.59096, -2.18882]}, "properties": {"id": "TRE2-PHO-010473A-01", "district_id": "TRE2-PHO-010473A", "belt_id": "TRE2-PHO-B0007", "kind": "phosphorite", "name": "sedimentary phosphate (phosphorite)", "tonnage_mt": 226.6707, "grades": {"P2O5 %": 7.284}, "depth_m": 448, "blind": true, "strike_deg": 77, "dip_deg": 7, "length_m": 25621, "width_m": 4118.3, "shape": "strata", "host": "schist", "chance": 0.528, "seen_by": {"radiometrics": false, "geochemistry": false}, "water_depth_m": 0}}, {"type": "Feature", "geometry": {"type": "Point", "coordinates": [-97.34326, -2.15029]}, "properties": {"id": "TRE2-PHO-010473A-02", "district_id": "TRE2-PHO-010473A", "belt_id": "TRE2-PHO-B0007", "kind": "phosphorite", "name": "sedimentary phosphate (phosphorite)", "tonnage_mt": 60.8761, "grades": {"P2O5 %": 30.5305}, "depth_m": 354, "blind": true, "strike_deg": 63, "dip_deg": 28, "length_m": 12211, "width_m": 7801.7, "shape": "strata", "host": "schist", "chance": 0.528, "seen_by": {"radiometrics": false, "geochemistry": false}, "water_depth_m": 0}}, {"type": "Feature", "geometry": {"type": "Point", "coordinates": [-97.48028, -2.0228]}, "properties": {"id": "TRE2-PHO-010473A-03", "district_id": "TRE2-PHO-010473A", "belt_id": "TRE2-PHO-B0007", "kind": "phosphorite", "name": "sedimentary phosphate (phosphorite)", "tonnage_mt": 106.3381, "grades": {"P2O5 %": 18.2787}, "depth_m": 420, "blind": true, "strike_deg": 74, "dip_deg": 13, "length_m": 22796, "width_m": 3520.8, "shape": "strata", "host": "schist", "chance": 0.528, "seen_by": {"radiometrics": false, "geochemistry": false}, "water_depth_m": 0}}, {"type": "Feature", "geometry": {"type": "Point", "coordinates": [-96.18686, -1.54973]}, "properties": {"id": "TRE2-PHO-010473A-04", "district_id": "TRE2-PHO-010473A", "belt_id": "TRE2-PHO-B0007", "kind": "phosphorite", "name": "sedimentary phosphate (phosphorite)", "tonnage_mt": 59.7546, "grades": {"P2O5 %": 35.7844}, "depth_m": 155, "blind": false, "strike_deg": 57, "dip_deg": 6, "length_m": 21362, "width_m": 3770.0, "shape": "strata", "host": "schist", "chance": 0.528, "seen_by": {"radiometrics": false, "geochemistry": false}, "water_depth_m": 0}}, {"type": "Feature", "geometry": {"type": "Point", "coordinates": [-97.64907, -2.34339]}, "properties": {"id": "TRE2-PHO-010473A-05", "district_id": "TRE2-PHO-010473A", "belt_id": "TRE2-PHO-B0007", "kind": "phosphorite", "name": "sedimentary phosphate (phosphorite)", "tonnage_mt": 1130.6682, "grades": {"P2O5 %": 17.7673}, "depth_m": 601, "blind": true, "strike_deg": 54, "dip_deg": 16, "length_m": 15264, "width_m": 3768.3, "shape": "strata", "host": "schist", "chance": 0.528, "seen_by": {"radiometrics": false, "geochemistry": false}, "water_depth_m": 0}}, {"type": "Feature", "geometry": {"type": "Point", "coordinates": [-104.81469, -64.27208]}, "properties": {"id": "TRE2-PHO-019000A-01", "district_id": "TRE2-PHO-019000A", "belt_id": "TRE2-PHO-B0019", "kind": "phosphorite", "name": "sedimentary phosphate (phosphorite)", "tonnage_mt": 485.7477, "grades": {"P2O5 %": 17.2856}, "depth_m": 279, "blind": false, "strike_deg": 130, "dip_deg": 13, "length_m": 23301, "width_m": 3966.9, "shape": "strata", "host": "clastic", "chance": 0.728, "seen_by": {"radiometrics": false, "geochemistry": false}, "water_depth_m": 0}}, {"type": "Feature", "geometry": {"type": "Point", "coordinates": [-105.78276, -63.38524]}, "properties": {"id": "TRE2-PHO-019000A-02", "district_id": "TRE2-PHO-019000A", "belt_id": "TRE2-PHO-B0019", "kind": "phosphorite", "name": "sedimentary phosphate (phosphorite)", "tonnage_mt": 201.3815, "grades": {"P2O5 %": 25.7553}, "depth_m": 211, "blind": false, "strike_deg": 128, "dip_deg": 16, "length_m": 16260, "width_m": 5708.0, "shape": "strata", "host": "clastic", "chance": 0.728, "seen_by": {"radiometrics": false, "geochemistry": false}, "water_depth_m": 0}}, {"type": "Feature", "geometry": {"type": "Point", "coordinates": [-104.71653, -63.61958]}, "properties": {"id": "TRE2-PHO-019000A-03", "district_id": "TRE2-PHO-019000A", "belt_id": "TRE2-PHO-B0019", "kind": "phosphorite", "name": "sedimentary phosphate (phosphorite)", "tonnage_mt": 198.5606, "grades": {"P2O5 %": 28.4753}, "depth_m": 328, "blind": true, "strike_deg": 112, "dip_deg": 39, "length_m": 22241, "width_m": 7764.3, "shape": "strata", "host": "clastic", "chance": 0.728, "seen_by": {"radiometrics": false, "geochemistry": false}, "water_depth_m": 0}}, {"type": "Feature", "geometry": {"type": "Point", "coordinates": [-44.53475, 60.99185]}, "properties": {"id": "TRE2-CBT-001265A-01", "district_id": "TRE2-CBT-001265A", "belt_id": null, "kind": "carbonatite", "name": "carbonatite (phosphate, rare earths, niobium)", "tonnage_mt": 6.5354, "grades": {"P2O5 %": 8.3384, "REO %": 1.9873, "Nb2O5 %": 0.3409}, "depth_m": 0, "blind": false, "strike_deg": 129, "dip_deg": 88, "length_m": 3633, "width_m": 1376.4, "shape": "pipe", "host": "basement", "chance": 0.151, "seen_by": {"radiometrics": true, "magnetics": true, "geochemistry": true}, "water_depth_m": 0}}, {"type": "Feature", "geometry": {"type": "Point", "coordinates": [-44.54937, 61.13934]}, "properties": {"id": "TRE2-CBT-001265A-02", "district_id": "TRE2-CBT-001265A", "belt_id": null, "kind": "carbonatite", "name": "carbonatite (phosphate, rare earths, niobium)", "tonnage_mt": 31.4932, "grades": {"P2O5 %": 9.5857, "REO %": 1.1655, "Nb2O5 %": 0.5237}, "depth_m": 0, "blind": false, "strike_deg": 155, "dip_deg": 88, "length_m": 2579, "width_m": 2558.1, "shape": "pipe", "host": "basement", "chance": 0.151, "seen_by": {"radiometrics": true, "magnetics": true, "geochemistry": true}, "water_depth_m": 0}}, {"type": "Feature", "geometry": {"type": "Point", "coordinates": [-44.86899, 61.16428]}, "properties": {"id": "TRE2-CBT-001265A-03", "district_id": "TRE2-CBT-001265A", "belt_id": null, "kind": "carbonatite", "name": "carbonatite (phosphate, rare earths, niobium)", "tonnage_mt": 6.564, "grades": {"P2O5 %": 9.3484, "REO %": 1.2978, "Nb2O5 %": 0.6059}, "depth_m": 0, "blind": false, "strike_deg": 135, "dip_deg": 85, "length_m": 1772, "width_m": 1621.2, "shape": "pipe", "host": "basement", "chance": 0.151, "seen_by": {"radiometrics": true, "magnetics": true, "geochemistry": true}, "water_depth_m": 0}}, {"type": "Feature", "geometry": {"type": "Point", "coordinates": [-69.51151, 20.02305]}, "properties": {"id": "TRE2-CBT-006496A-01", "district_id": "TRE2-CBT-006496A", "belt_id": null, "kind": "carbonatite", "name": "carbonatite (phosphate, rare earths, niobium)", "tonnage_mt": 4.8059, "grades": {"P2O5 %": 7.8946, "REO %": 1.8372, "Nb2O5 %": 0.531}, "depth_m": 1929, "blind": true, "strike_deg": 165, "dip_deg": 90, "length_m": 1026, "width_m": 2499.0, "shape": "pipe", "host": "carbonate", "chance": 0.078, "seen_by": {"radiometrics": false, "magnetics": false, "geochemistry": false}, "water_depth_m": 181}}, {"type": "Feature", "geometry": {"type": "Point", "coordinates": [-116.40236, 4.87264]}, "properties": {"id": "TRE2-CBT-009117A-01", "district_id": "TRE2-CBT-009117A", "belt_id": null, "kind": "carbonatite", "name": "carbonatite (phosphate, rare earths, niobium)", "tonnage_mt": 17.7071, "grades": {"P2O5 %": 8.9079, "REO %": 2.0567, "Nb2O5 %": 0.9277}, "depth_m": 0, "blind": false, "strike_deg": 21, "dip_deg": 89, "length_m": 1954, "width_m": 1881.8, "shape": "pipe", "host": "carbonate", "chance": 0.04, "seen_by": {"radiometrics": true, "magnetics": true, "geochemistry": true}, "water_depth_m": 193}}, {"type": "Feature", "geometry": {"type": "Point", "coordinates": [-116.53773, 4.93681]}, "properties": {"id": "TRE2-CBT-009117A-02", "district_id": "TRE2-CBT-009117A", "belt_id": null, "kind": "carbonatite", "name": "carbonatite (phosphate, rare earths, niobium)", "tonnage_mt": 4.0851, "grades": {"P2O5 %": 8.5759, "REO %": 1.6164, "Nb2O5 %": 0.7703}, "depth_m": 0, "blind": false, "strike_deg": 7, "dip_deg": 88, "length_m": 2664, "width_m": 2280.1, "shape": "pipe", "host": "carbonate", "chance": 0.04, "seen_by": {"radiometrics": true, "magnetics": true, "geochemistry": true}, "water_depth_m": 193}}, {"type": "Feature", "geometry": {"type": "Point", "coordinates": [-102.66218, 1.67635]}, "properties": {"id": "TRE2-CBT-009829A-01", "district_id": "TRE2-CBT-009829A", "belt_id": null, "kind": "carbonatite", "name": "carbonatite (phosphate, rare earths, niobium)", "tonnage_mt": 40.4108, "grades": {"P2O5 %": 5.6406, "REO %": 2.3979, "Nb2O5 %": 0.8192}, "depth_m": 0, "blind": false, "strike_deg": 3, "dip_deg": 87, "length_m": 3904, "width_m": 2284.8, "shape": "pipe", "host": "arc_plutonic", "chance": 0.151, "seen_by": {"radiometrics": true, "magnetics": true, "geochemistry": true}, "water_depth_m": 0}}, {"type": "Feature", "geometry": {"type": "Point", "coordinates": [-102.39768, 1.5457]}, "properties": {"id": "TRE2-CBT-009829A-02", "district_id": "TRE2-CBT-009829A", "belt_id": null, "kind": "carbonatite", "name": "carbonatite (phosphate, rare earths, niobium)", "tonnage_mt": 16.7156, "grades": {"P2O5 %": 10.0011, "REO %": 1.7506, "Nb2O5 %": 0.503}, "depth_m": 0, "blind": false, "strike_deg": 12, "dip_deg": 87, "length_m": 1097, "width_m": 4353.6, "shape": "pipe", "host": "arc_plutonic", "chance": 0.151, "seen_by": {"radiometrics": true, "magnetics": true, "geochemistry": true}, "water_depth_m": 0}}, {"type": "Feature", "geometry": {"type": "Point", "coordinates": [-102.62938, 1.65577]}, "properties": {"id": "TRE2-CBT-009829A-03", "district_id": "TRE2-CBT-009829A", "belt_id": null, "kind": "carbonatite", "name": "carbonatite (phosphate, rare earths, niobium)", "tonnage_mt": 1.7202, "grades": {"P2O5 %": 9.1461, "REO %": 2.4772, "Nb2O5 %": 0.5139}, "depth_m": 0, "blind": false, "strike_deg": 11, "dip_deg": 88, "length_m": 1108, "width_m": 1797.9, "shape": "pipe", "host": "arc_plutonic", "chance": 0.151, "seen_by": {"radiometrics": true, "magnetics": true, "geochemistry": true}, "water_depth_m": 0}}, {"type": "Feature", "geometry": {"type": "Point", "coordinates": [23.59099, -10.05777]}, "properties": {"id": "TRE2-CBT-011645A-01", "district_id": "TRE2-CBT-011645A", "belt_id": null, "kind": "carbonatite", "name": "carbonatite (phosphate, rare earths, niobium)", "tonnage_mt": 176.1241, "grades": {"P2O5 %": 7.6827, "REO %": 1.5262, "Nb2O5 %": 0.4854}, "depth_m": 943, "blind": true, "strike_deg": 163, "dip_deg": 90, "length_m": 4047, "width_m": 2379.9, "shape": "pipe", "host": "carbonate", "chance": 0.115, "seen_by": {"radiometrics": false, "magnetics": false, "geochemistry": false}, "water_depth_m": 94}}, {"type": "Feature", "geometry": {"type": "Point", "coordinates": [117.58982, -31.35901]}, "properties": {"id": "TRE2-CBT-015286A-01", "district_id": "TRE2-CBT-015286A", "belt_id": null, "kind": "carbonatite", "name": "carbonatite (phosphate, rare earths, niobium)", "tonnage_mt": 23.608, "grades": {"P2O5 %": 7.2094, "REO %": 0.7516, "Nb2O5 %": 0.579}, "depth_m": 0, "blind": false, "strike_deg": 60, "dip_deg": 88, "length_m": 1590, "width_m": 3146.9, "shape": "pipe", "host": "arc_plutonic", "chance": 0.04, "seen_by": {"radiometrics": true, "magnetics": true, "geochemistry": true}, "water_depth_m": 0}}, {"type": "Feature", "geometry": {"type": "Point", "coordinates": [43.73388, -33.28093]}, "properties": {"id": "TRE2-CBT-015441A-01", "district_id": "TRE2-CBT-015441A", "belt_id": null, "kind": "carbonatite", "name": "carbonatite (phosphate, rare earths, niobium)", "tonnage_mt": 125.1356, "grades": {"P2O5 %": 5.0541, "REO %": 1.898, "Nb2O5 %": 0.3055}, "depth_m": 288, "blind": false, "strike_deg": 164, "dip_deg": 89, "length_m": 4757, "width_m": 2438.3, "shape": "pipe", "host": "arc_plutonic", "chance": 0.151, "seen_by": {"radiometrics": false, "magnetics": true, "geochemistry": false}, "water_depth_m": 0}}, {"type": "Feature", "geometry": {"type": "Point", "coordinates": [-168.28341, -34.64761]}, "properties": {"id": "TRE2-CBT-015741A-01", "district_id": "TRE2-CBT-015741A", "belt_id": null, "kind": "carbonatite", "name": "carbonatite (phosphate, rare earths, niobium)", "tonnage_mt": 5.1952, "grades": {"P2O5 %": 4.8668, "REO %": 6.1727, "Nb2O5 %": 0.5897}, "depth_m": 0, "blind": false, "strike_deg": 121, "dip_deg": 87, "length_m": 1932, "width_m": 1857.3, "shape": "pipe", "host": "clastic", "chance": 0.115, "seen_by": {"radiometrics": true, "magnetics": true, "geochemistry": true}, "water_depth_m": 0}}, {"type": "Feature", "geometry": {"type": "Point", "coordinates": [-168.13552, -34.62298]}, "properties": {"id": "TRE2-CBT-015741A-02", "district_id": "TRE2-CBT-015741A", "belt_id": null, "kind": "carbonatite", "name": "carbonatite (phosphate, rare earths, niobium)", "tonnage_mt": 119.7361, "grades": {"P2O5 %": 12.9563, "REO %": 0.9609, "Nb2O5 %": 0.3868}, "depth_m": 0, "blind": false, "strike_deg": 101, "dip_deg": 86, "length_m": 3676, "width_m": 2676.3, "shape": "pipe", "host": "clastic", "chance": 0.115, "seen_by": {"radiometrics": true, "magnetics": true, "geochemistry": true}, "water_depth_m": 0}}, {"type": "Feature", "geometry": {"type": "Point", "coordinates": [-168.06956, -34.75551]}, "properties": {"id": "TRE2-CBT-015741A-03", "district_id": "TRE2-CBT-015741A", "belt_id": null, "kind": "carbonatite", "name": "carbonatite (phosphate, rare earths, niobium)", "tonnage_mt": 13.2448, "grades": {"P2O5 %": 8.921, "REO %": 1.6058, "Nb2O5 %": 1.2041}, "depth_m": 0, "blind": false, "strike_deg": 118, "dip_deg": 90, "length_m": 3825, "width_m": 2761.5, "shape": "pipe", "host": "clastic", "chance": 0.115, "seen_by": {"radiometrics": true, "magnetics": true, "geochemistry": true}, "water_depth_m": 0}}, {"type": "Feature", "geometry": {"type": "Point", "coordinates": [-17.64584, 13.53706]}, "properties": {"id": "TRE2-LNI-007624A-01", "district_id": "TRE2-LNI-007624A", "belt_id": "TRE2-LNI-B0000", "kind": "laterite_nickel", "name": "lateritic nickel", "tonnage_mt": 225.8805, "grades": {"Ni %": 1.2322, "Co %": 0.0533}, "depth_m": 58, "blind": false, "strike_deg": 18, "dip_deg": 3, "length_m": 7348, "width_m": 3935.7, "shape": "blanket", "host": "ophiolite", "chance": 0.543, "seen_by": {"geochemistry": false}, "water_depth_m": 0}}, {"type": "Feature", "geometry": {"type": "Point", "coordinates": [-17.36306, 13.69275]}, "properties": {"id": "TRE2-LNI-007624A-02", "district_id": "TRE2-LNI-007624A", "belt_id": "TRE2-LNI-B0000", "kind": "laterite_nickel", "name": "lateritic nickel", "tonnage_mt": 2.2172, "grades": {"Ni %": 2.1614, "Co %": 0.0931}, "depth_m": 0, "blind": false, "strike_deg": 18, "dip_deg": 3, "length_m": 10082, "width_m": 4354.8, "shape": "blanket", "host": "ophiolite", "chance": 0.543, "seen_by": {"geochemistry": true}, "water_depth_m": 0}}, {"type": "Feature", "geometry": {"type": "Point", "coordinates": [-18.30363, 13.17285]}, "properties": {"id": "TRE2-LNI-007624B-01", "district_id": "TRE2-LNI-007624B", "belt_id": "TRE2-LNI-B0000", "kind": "laterite_nickel", "name": "lateritic nickel", "tonnage_mt": 231.4075, "grades": {"Ni %": 1.7101, "Co %": 0.111}, "depth_m": 210, "blind": false, "strike_deg": 11, "dip_deg": 0, "length_m": 12369, "width_m": 11728.7, "shape": "blanket", "host": "ophiolite", "chance": 0.543, "seen_by": {"geochemistry": false}, "water_depth_m": 0}}, {"type": "Feature", "geometry": {"type": "Point", "coordinates": [-18.19766, 13.27051]}, "properties": {"id": "TRE2-LNI-007624B-02", "district_id": "TRE2-LNI-007624B", "belt_id": "TRE2-LNI-B0000", "kind": "laterite_nickel", "name": "lateritic nickel", "tonnage_mt": 4.2322, "grades": {"Ni %": 1.8045, "Co %": 0.0736}, "depth_m": 0, "blind": false, "strike_deg": 179, "dip_deg": 2, "length_m": 4835, "width_m": 3311.1, "shape": "blanket", "host": "ophiolite", "chance": 0.543, "seen_by": {"geochemistry": true}, "water_depth_m": 0}}, {"type": "Feature", "geometry": {"type": "Point", "coordinates": [-18.62354, 12.88775]}, "properties": {"id": "TRE2-LNI-007768A-01", "district_id": "TRE2-LNI-007768A", "belt_id": "TRE2-LNI-B0000", "kind": "laterite_nickel", "name": "lateritic nickel", "tonnage_mt": 10.3127, "grades": {"Ni %": 1.1158, "Co %": 0.055}, "depth_m": 65, "blind": false, "strike_deg": 13, "dip_deg": 1, "length_m": 14119, "width_m": 2854.9, "shape": "blanket", "host": "ophiolite", "chance": 0.572, "seen_by": {"geochemistry": false}, "water_depth_m": 0}}, {"type": "Feature", "geometry": {"type": "Point", "coordinates": [-18.68658, 12.78302]}, "properties": {"id": "TRE2-LNI-007768A-02", "district_id": "TRE2-LNI-007768A", "belt_id": "TRE2-LNI-B0000", "kind": "laterite_nickel", "name": "lateritic nickel", "tonnage_mt": 11.8102, "grades": {"Ni %": 1.3184, "Co %": 0.09}, "depth_m": 12, "blind": false, "strike_deg": 20, "dip_deg": 1, "length_m": 9668, "width_m": 3016.0, "shape": "blanket", "host": "ophiolite", "chance": 0.572, "seen_by": {"geochemistry": true}, "water_depth_m": 0}}, {"type": "Feature", "geometry": {"type": "Point", "coordinates": [-18.85957, 12.80495]}, "properties": {"id": "TRE2-LNI-007768A-03", "district_id": "TRE2-LNI-007768A", "belt_id": "TRE2-LNI-B0000", "kind": "laterite_nickel", "name": "lateritic nickel", "tonnage_mt": 109.7387, "grades": {"Ni %": 3.4235, "Co %": 0.0671}, "depth_m": 15, "blind": false, "strike_deg": 17, "dip_deg": 3, "length_m": 5402, "width_m": 4988.7, "shape": "blanket", "host": "ophiolite", "chance": 0.572, "seen_by": {"geochemistry": true}, "water_depth_m": 0}}, {"type": "Feature", "geometry": {"type": "Point", "coordinates": [-18.5628, 12.73572]}, "properties": {"id": "TRE2-LNI-007768A-04", "district_id": "TRE2-LNI-007768A", "belt_id": "TRE2-LNI-B0000", "kind": "laterite_nickel", "name": "lateritic nickel", "tonnage_mt": 0.3547, "grades": {"Ni %": 1.7866, "Co %": 0.0352}, "depth_m": 0, "blind": false, "strike_deg": 24, "dip_deg": 0, "length_m": 6399, "width_m": 5432.8, "shape": "blanket", "host": "ophiolite", "chance": 0.572, "seen_by": {"geochemistry": true}, "water_depth_m": 0}}, {"type": "Feature", "geometry": {"type": "Point", "coordinates": [-18.612, 12.90042]}, "properties": {"id": "TRE2-LNI-007768A-05", "district_id": "TRE2-LNI-007768A", "belt_id": "TRE2-LNI-B0000", "kind": "laterite_nickel", "name": "lateritic nickel", "tonnage_mt": 71.2112, "grades": {"Ni %": 1.5972, "Co %": 0.0708}, "depth_m": 0, "blind": false, "strike_deg": 2, "dip_deg": 2, "length_m": 9117, "width_m": 3384.3, "shape": "blanket", "host": "ophiolite", "chance": 0.572, "seen_by": {"geochemistry": true}, "water_depth_m": 0}}, {"type": "Feature", "geometry": {"type": "Point", "coordinates": [-16.64415, 12.43465]}, "properties": {"id": "TRE2-LNI-007857A-01", "district_id": "TRE2-LNI-007857A", "belt_id": "TRE2-LNI-B0000", "kind": "laterite_nickel", "name": "lateritic nickel", "tonnage_mt": 30.0067, "grades": {"Ni %": 1.9304, "Co %": 0.1683}, "depth_m": 328, "blind": true, "strike_deg": 20, "dip_deg": 0, "length_m": 5734, "width_m": 2511.0, "shape": "blanket", "host": "ophiolite", "chance": 0.552, "seen_by": {"geochemistry": false}, "water_depth_m": 0}}, {"type": "Feature", "geometry": {"type": "Point", "coordinates": [-16.86537, 12.72017]}, "properties": {"id": "TRE2-LNI-007857A-02", "district_id": "TRE2-LNI-007857A", "belt_id": "TRE2-LNI-B0000", "kind": "laterite_nickel", "name": "lateritic nickel", "tonnage_mt": 84.3668, "grades": {"Ni %": 0.6738, "Co %": 0.1434}, "depth_m": 111, "blind": false, "strike_deg": 16, "dip_deg": 2, "length_m": 9186, "width_m": 3057.7, "shape": "blanket", "host": "ophiolite", "chance": 0.552, "seen_by": {"geochemistry": false}, "water_depth_m": 0}}, {"type": "Feature", "geometry": {"type": "Point", "coordinates": [-16.64677, 12.61327]}, "properties": {"id": "TRE2-LNI-007857A-03", "district_id": "TRE2-LNI-007857A", "belt_id": "TRE2-LNI-B0000", "kind": "laterite_nickel", "name": "lateritic nickel", "tonnage_mt": 60.0151, "grades": {"Ni %": 1.5592, "Co %": 0.0696}, "depth_m": 83, "blind": false, "strike_deg": 2, "dip_deg": 2, "length_m": 8103, "width_m": 6715.8, "shape": "blanket", "host": "ophiolite", "chance": 0.552, "seen_by": {"geochemistry": false}, "water_depth_m": 0}}, {"type": "Feature", "geometry": {"type": "Point", "coordinates": [-16.94815, 12.54969]}, "properties": {"id": "TRE2-LNI-007857A-04", "district_id": "TRE2-LNI-007857A", "belt_id": "TRE2-LNI-B0000", "kind": "laterite_nickel", "name": "lateritic nickel", "tonnage_mt": 38.5092, "grades": {"Ni %": 3.4055, "Co %": 0.0681}, "depth_m": 73, "blind": false, "strike_deg": 4, "dip_deg": 0, "length_m": 9806, "width_m": 6635.6, "shape": "blanket", "host": "ophiolite", "chance": 0.552, "seen_by": {"geochemistry": false}, "water_depth_m": 0}}, {"type": "Feature", "geometry": {"type": "Point", "coordinates": [-17.72009, 12.74278]}, "properties": {"id": "TRE2-LNI-007857B-01", "district_id": "TRE2-LNI-007857B", "belt_id": "TRE2-LNI-B0000", "kind": "laterite_nickel", "name": "lateritic nickel", "tonnage_mt": 0.8254, "grades": {"Ni %": 3.54, "Co %": 0.2728}, "depth_m": 0, "blind": false, "strike_deg": 13, "dip_deg": 1, "length_m": 9097, "width_m": 9441.7, "shape": "blanket", "host": "ophiolite", "chance": 0.552, "seen_by": {"geochemistry": true}, "water_depth_m": 0}}, {"type": "Feature", "geometry": {"type": "Point", "coordinates": [-17.52863, 12.93365]}, "properties": {"id": "TRE2-LNI-007857B-02", "district_id": "TRE2-LNI-007857B", "belt_id": "TRE2-LNI-B0000", "kind": "laterite_nickel", "name": "lateritic nickel", "tonnage_mt": 24.8854, "grades": {"Ni %": 1.8626, "Co %": 0.0489}, "depth_m": 59, "blind": false, "strike_deg": 22, "dip_deg": 0, "length_m": 6268, "width_m": 5621.7, "shape": "blanket", "host": "ophiolite", "chance": 0.552, "seen_by": {"geochemistry": false}, "water_depth_m": 0}}, {"type": "Feature", "geometry": {"type": "Point", "coordinates": [-17.47041, 12.72113]}, "properties": {"id": "TRE2-LNI-007857B-03", "district_id": "TRE2-LNI-007857B", "belt_id": "TRE2-LNI-B0000", "kind": "laterite_nickel", "name": "lateritic nickel", "tonnage_mt": 4.7469, "grades": {"Ni %": 1.8569, "Co %": 0.0943}, "depth_m": 0, "blind": false, "strike_deg": 7, "dip_deg": 2, "length_m": 10697, "width_m": 2715.0, "shape": "blanket", "host": "ophiolite", "chance": 0.552, "seen_by": {"geochemistry": true}, "water_depth_m": 0}}, {"type": "Feature", "geometry": {"type": "Point", "coordinates": [-17.57464, 12.80887]}, "properties": {"id": "TRE2-LNI-007857B-04", "district_id": "TRE2-LNI-007857B", "belt_id": "TRE2-LNI-B0000", "kind": "laterite_nickel", "name": "lateritic nickel", "tonnage_mt": 0.9838, "grades": {"Ni %": 1.8662, "Co %": 0.0619}, "depth_m": 0, "blind": false, "strike_deg": 6, "dip_deg": 3, "length_m": 9647, "width_m": 3783.4, "shape": "blanket", "host": "ophiolite", "chance": 0.552, "seen_by": {"geochemistry": true}, "water_depth_m": 0}}, {"type": "Feature", "geometry": {"type": "Point", "coordinates": [-17.72274, 12.84072]}, "properties": {"id": "TRE2-LNI-007857B-05", "district_id": "TRE2-LNI-007857B", "belt_id": "TRE2-LNI-B0000", "kind": "laterite_nickel", "name": "lateritic nickel", "tonnage_mt": 52.0134, "grades": {"Ni %": 1.0992, "Co %": 0.1289}, "depth_m": 237, "blind": false, "strike_deg": 12, "dip_deg": 1, "length_m": 10509, "width_m": 2816.2, "shape": "blanket", "host": "ophiolite", "chance": 0.552, "seen_by": {"geochemistry": false}, "water_depth_m": 0}}, {"type": "Feature", "geometry": {"type": "Point", "coordinates": [-17.45632, 12.88467]}, "properties": {"id": "TRE2-LNI-007857B-06", "district_id": "TRE2-LNI-007857B", "belt_id": "TRE2-LNI-B0000", "kind": "laterite_nickel", "name": "lateritic nickel", "tonnage_mt": 19.1784, "grades": {"Ni %": 1.0156, "Co %": 0.0378}, "depth_m": 10, "blind": false, "strike_deg": 19, "dip_deg": 3, "length_m": 15192, "width_m": 8117.9, "shape": "blanket", "host": "ophiolite", "chance": 0.552, "seen_by": {"geochemistry": true}, "water_depth_m": 0}}, {"type": "Feature", "geometry": {"type": "Point", "coordinates": [-18.16279, 11.50714]}, "properties": {"id": "TRE2-LNI-008001A-01", "district_id": "TRE2-LNI-008001A", "belt_id": "TRE2-LNI-B0000", "kind": "laterite_nickel", "name": "lateritic nickel", "tonnage_mt": 0.8424, "grades": {"Ni %": 0.6724, "Co %": 0.0702}, "depth_m": 0, "blind": false, "strike_deg": 148, "dip_deg": 1, "length_m": 3790, "width_m": 5037.3, "shape": "blanket", "host": "ophiolite", "chance": 0.574, "seen_by": {"geochemistry": true}, "water_depth_m": 0}}, {"type": "Feature", "geometry": {"type": "Point", "coordinates": [-18.48194, 11.35661]}, "properties": {"id": "TRE2-LNI-008001A-02", "district_id": "TRE2-LNI-008001A", "belt_id": "TRE2-LNI-B0000", "kind": "laterite_nickel", "name": "lateritic nickel", "tonnage_mt": 4.0961, "grades": {"Ni %": 1.8227, "Co %": 0.1279}, "depth_m": 0, "blind": false, "strike_deg": 141, "dip_deg": 2, "length_m": 4555, "width_m": 3831.2, "shape": "blanket", "host": "ophiolite", "chance": 0.574, "seen_by": {"geochemistry": true}, "water_depth_m": 0}}, {"type": "Feature", "geometry": {"type": "Point", "coordinates": [-18.41106, 11.66716]}, "properties": {"id": "TRE2-LNI-008001A-03", "district_id": "TRE2-LNI-008001A", "belt_id": "TRE2-LNI-B0000", "kind": "laterite_nickel", "name": "lateritic nickel", "tonnage_mt": 145.445, "grades": {"Ni %": 1.1654, "Co %": 0.0531}, "depth_m": 13, "blind": false, "strike_deg": 165, "dip_deg": 1, "length_m": 8321, "width_m": 5010.2, "shape": "blanket", "host": "ophiolite", "chance": 0.574, "seen_by": {"geochemistry": true}, "water_depth_m": 0}}, {"type": "Feature", "geometry": {"type": "Point", "coordinates": [-15.61828, 10.43654]}, "properties": {"id": "TRE2-LNI-008323A-01", "district_id": "TRE2-LNI-008323A", "belt_id": "TRE2-LNI-B0000", "kind": "laterite_nickel", "name": "lateritic nickel", "tonnage_mt": 1.5137, "grades": {"Ni %": 0.9436, "Co %": 0.061}, "depth_m": 0, "blind": false, "strike_deg": 159, "dip_deg": 0, "length_m": 5087, "width_m": 5417.3, "shape": "blanket", "host": "ophiolite", "chance": 0.565, "seen_by": {"geochemistry": true}, "water_depth_m": 0}}, {"type": "Feature", "geometry": {"type": "Point", "coordinates": [-15.64327, 10.19407]}, "properties": {"id": "TRE2-LNI-008323A-02", "district_id": "TRE2-LNI-008323A", "belt_id": "TRE2-LNI-B0000", "kind": "laterite_nickel", "name": "lateritic nickel", "tonnage_mt": 4.2458, "grades": {"Ni %": 1.5894, "Co %": 0.1065}, "depth_m": 0, "blind": false, "strike_deg": 162, "dip_deg": 2, "length_m": 13161, "width_m": 5154.8, "shape": "blanket", "host": "ophiolite", "chance": 0.565, "seen_by": {"geochemistry": true}, "water_depth_m": 0}}, {"type": "Feature", "geometry": {"type": "Point", "coordinates": [-15.84967, 9.22365]}, "properties": {"id": "TRE2-LNI-008323B-01", "district_id": "TRE2-LNI-008323B", "belt_id": "TRE2-LNI-B0000", "kind": "laterite_nickel", "name": "lateritic nickel", "tonnage_mt": 43.0429, "grades": {"Ni %": 0.9107, "Co %": 0.057}, "depth_m": 1, "blind": false, "strike_deg": 168, "dip_deg": 1, "length_m": 4940, "width_m": 3228.2, "shape": "blanket", "host": "ophiolite", "chance": 0.565, "seen_by": {"geochemistry": true}, "water_depth_m": 0}}, {"type": "Feature", "geometry": {"type": "Point", "coordinates": [-15.81364, 9.25078]}, "properties": {"id": "TRE2-LNI-008323B-02", "district_id": "TRE2-LNI-008323B", "belt_id": "TRE2-LNI-B0000", "kind": "laterite_nickel", "name": "lateritic nickel", "tonnage_mt": 31.4719, "grades": {"Ni %": 1.8481, "Co %": 0.0656}, "depth_m": 41, "blind": false, "strike_deg": 172, "dip_deg": 3, "length_m": 8802, "width_m": 3584.5, "shape": "blanket", "host": "ophiolite", "chance": 0.565, "seen_by": {"geochemistry": true}, "water_depth_m": 0}}, {"type": "Feature", "geometry": {"type": "Point", "coordinates": [44.36202, -12.4898]}, "properties": {"id": "TRE2-LNI-012103A-01", "district_id": "TRE2-LNI-012103A", "belt_id": "TRE2-LNI-B0001", "kind": "laterite_nickel", "name": "lateritic nickel", "tonnage_mt": 0.5069, "grades": {"Ni %": 0.943, "Co %": 0.1216}, "depth_m": 0, "blind": false, "strike_deg": 171, "dip_deg": 2, "length_m": 9441, "width_m": 2286.6, "shape": "blanket", "host": "ophiolite", "chance": 0.388, "seen_by": {"geochemistry": true}, "water_depth_m": 0}}, {"type": "Feature", "geometry": {"type": "Point", "coordinates": [44.48091, -12.68767]}, "properties": {"id": "TRE2-LNI-012103A-02", "district_id": "TRE2-LNI-012103A", "belt_id": "TRE2-LNI-B0001", "kind": "laterite_nickel", "name": "lateritic nickel", "tonnage_mt": 12.5557, "grades": {"Ni %": 1.0009, "Co %": 0.0774}, "depth_m": 32, "blind": false, "strike_deg": 152, "dip_deg": 3, "length_m": 3210, "width_m": 2234.2, "shape": "blanket", "host": "ophiolite", "chance": 0.388, "seen_by": {"geochemistry": true}, "water_depth_m": 0}}, {"type": "Feature", "geometry": {"type": "Point", "coordinates": [55.09415, 16.61672]}, "properties": {"id": "TRE2-BXT-007236A-01", "district_id": "TRE2-BXT-007236A", "belt_id": "TRE2-BXT-B0004", "kind": "bauxite", "name": "lateritic bauxite", "tonnage_mt": 2.0707, "grades": {"Al2O3 %": 50.379}, "depth_m": 0, "blind": false, "strike_deg": 174, "dip_deg": 1, "length_m": 7212, "width_m": 5319.8, "shape": "blanket", "host": "arc_volcanic", "chance": 0.454, "seen_by": {"geochemistry": true}, "water_depth_m": 0}}, {"type": "Feature", "geometry": {"type": "Point", "coordinates": [-89.42015, 7.74981]}, "properties": {"id": "TRE2-BXT-008711A-01", "district_id": "TRE2-BXT-008711A", "belt_id": "TRE2-BXT-B0001", "kind": "bauxite", "name": "lateritic bauxite", "tonnage_mt": 42.3678, "grades": {"Al2O3 %": 66.5655}, "depth_m": 328, "blind": true, "strike_deg": 100, "dip_deg": 3, "length_m": 15451, "width_m": 8206.6, "shape": "blanket", "host": "granite", "chance": 0.562, "seen_by": {"geochemistry": false}, "water_depth_m": 0}}, {"type": "Feature", "geometry": {"type": "Point", "coordinates": [-89.66863, 7.77858]}, "properties": {"id": "TRE2-BXT-008711A-02", "district_id": "TRE2-BXT-008711A", "belt_id": "TRE2-BXT-B0001", "kind": "bauxite", "name": "lateritic bauxite", "tonnage_mt": 49.0412, "grades": {"Al2O3 %": 49.6298}, "depth_m": 108, "blind": false, "strike_deg": 103, "dip_deg": 0, "length_m": 4477, "width_m": 4787.5, "shape": "blanket", "host": "granite", "chance": 0.562, "seen_by": {"geochemistry": false}, "water_depth_m": 0}}, {"type": "Feature", "geometry": {"type": "Point", "coordinates": [-14.76124, 6.98189]}, "properties": {"id": "TRE2-BXT-008789A-01", "district_id": "TRE2-BXT-008789A", "belt_id": "TRE2-BXT-B0005", "kind": "bauxite", "name": "lateritic bauxite", "tonnage_mt": 26.1013, "grades": {"Al2O3 %": 46.4402}, "depth_m": 48, "blind": false, "strike_deg": 169, "dip_deg": 2, "length_m": 5916, "width_m": 5657.2, "shape": "blanket", "host": "basement", "chance": 0.535, "seen_by": {"geochemistry": true}, "water_depth_m": 0}}, {"type": "Feature", "geometry": {"type": "Point", "coordinates": [-14.76013, 7.06592]}, "properties": {"id": "TRE2-BXT-008789A-02", "district_id": "TRE2-BXT-008789A", "belt_id": "TRE2-BXT-B0005", "kind": "bauxite", "name": "lateritic bauxite", "tonnage_mt": 18.5913, "grades": {"Al2O3 %": 34.1315}, "depth_m": 310, "blind": true, "strike_deg": 166, "dip_deg": 0, "length_m": 19182, "width_m": 4299.7, "shape": "blanket", "host": "basement", "chance": 0.535, "seen_by": {"geochemistry": false}, "water_depth_m": 0}}, {"type": "Feature", "geometry": {"type": "Point", "coordinates": [-14.34251, 6.85147]}, "properties": {"id": "TRE2-BXT-008789A-03", "district_id": "TRE2-BXT-008789A", "belt_id": "TRE2-BXT-B0005", "kind": "bauxite", "name": "lateritic bauxite", "tonnage_mt": 76.3435, "grades": {"Al2O3 %": 53.6375}, "depth_m": 203, "blind": false, "strike_deg": 164, "dip_deg": 2, "length_m": 5873, "width_m": 3160.4, "shape": "blanket", "host": "basement", "chance": 0.535, "seen_by": {"geochemistry": false}, "water_depth_m": 0}}, {"type": "Feature", "geometry": {"type": "Point", "coordinates": [-19.78302, -2.20457]}, "properties": {"id": "TRE2-BXT-010352A-01", "district_id": "TRE2-BXT-010352A", "belt_id": "TRE2-BXT-B0005", "kind": "bauxite", "name": "lateritic bauxite", "tonnage_mt": 15.2758, "grades": {"Al2O3 %": 64.6954}, "depth_m": 162, "blind": false, "strike_deg": 176, "dip_deg": 2, "length_m": 6463, "width_m": 4491.8, "shape": "blanket", "host": "granite", "chance": 0.489, "seen_by": {"geochemistry": false}, "water_depth_m": 0}}, {"type": "Feature", "geometry": {"type": "Point", "coordinates": [-19.8457, -1.90062]}, "properties": {"id": "TRE2-BXT-010352A-02", "district_id": "TRE2-BXT-010352A", "belt_id": "TRE2-BXT-B0005", "kind": "bauxite", "name": "lateritic bauxite", "tonnage_mt": 1.6159, "grades": {"Al2O3 %": 56.1672}, "depth_m": 0, "blind": false, "strike_deg": 146, "dip_deg": 1, "length_m": 15596, "width_m": 3580.8, "shape": "blanket", "host": "granite", "chance": 0.489, "seen_by": {"geochemistry": true}, "water_depth_m": 0}}, {"type": "Feature", "geometry": {"type": "Point", "coordinates": [-19.70059, -2.20559]}, "properties": {"id": "TRE2-BXT-010352A-03", "district_id": "TRE2-BXT-010352A", "belt_id": "TRE2-BXT-B0005", "kind": "bauxite", "name": "lateritic bauxite", "tonnage_mt": 9.6907, "grades": {"Al2O3 %": 31.2336}, "depth_m": 211, "blind": false, "strike_deg": 151, "dip_deg": 3, "length_m": 11319, "width_m": 5069.3, "shape": "blanket", "host": "granite", "chance": 0.489, "seen_by": {"geochemistry": false}, "water_depth_m": 0}}, {"type": "Feature", "geometry": {"type": "Point", "coordinates": [-109.30675, -15.9339]}, "properties": {"id": "TRE2-BXT-012667A-01", "district_id": "TRE2-BXT-012667A", "belt_id": "TRE2-BXT-B0018", "kind": "bauxite", "name": "lateritic bauxite", "tonnage_mt": 0.9183, "grades": {"Al2O3 %": 55.377}, "depth_m": 0, "blind": false, "strike_deg": 69, "dip_deg": 2, "length_m": 8206, "width_m": 3840.6, "shape": "blanket", "host": "arc_volcanic", "chance": 0.291, "seen_by": {"geochemistry": true}, "water_depth_m": 0}}, {"type": "Feature", "geometry": {"type": "Point", "coordinates": [-109.62269, -15.47994]}, "properties": {"id": "TRE2-BXT-012667A-02", "district_id": "TRE2-BXT-012667A", "belt_id": "TRE2-BXT-B0018", "kind": "bauxite", "name": "lateritic bauxite", "tonnage_mt": 24.9948, "grades": {"Al2O3 %": 13.949}, "depth_m": 49, "blind": false, "strike_deg": 64, "dip_deg": 3, "length_m": 6994, "width_m": 9507.5, "shape": "blanket", "host": "arc_volcanic", "chance": 0.291, "seen_by": {"geochemistry": true}, "water_depth_m": 0}}, {"type": "Feature", "geometry": {"type": "Point", "coordinates": [153.24938, 45.81348]}, "properties": {"id": "TRE2-HMS-002837A-01", "district_id": "TRE2-HMS-002837A", "belt_id": "TRE2-HMS-B0000", "kind": "heavy_mineral_sands", "name": "heavy-mineral beach sands", "tonnage_mt": 195.1226, "grades": {"TiO2 %": 1.58, "ZrO2 %": 0.5028}, "depth_m": 76, "blind": false, "strike_deg": 133, "dip_deg": 15, "length_m": 33552, "width_m": 4720.5, "shape": "strata", "host": "clastic", "chance": 0.325, "seen_by": {"radiometrics": false, "magnetics": true}, "water_depth_m": 0}}, {"type": "Feature", "geometry": {"type": "Point", "coordinates": [151.87881, 46.32665]}, "properties": {"id": "TRE2-HMS-002837A-02", "district_id": "TRE2-HMS-002837A", "belt_id": "TRE2-HMS-B0000", "kind": "heavy_mineral_sands", "name": "heavy-mineral beach sands", "tonnage_mt": 623.1406, "grades": {"TiO2 %": 1.7862, "ZrO2 %": 0.31}, "depth_m": 38, "blind": false, "strike_deg": 104, "dip_deg": 21, "length_m": 12308, "width_m": 1815.8, "shape": "strata", "host": "clastic", "chance": 0.325, "seen_by": {"radiometrics": false, "magnetics": true}, "water_depth_m": 0}}, {"type": "Feature", "geometry": {"type": "Point", "coordinates": [152.47905, 46.16743]}, "properties": {"id": "TRE2-HMS-002837A-03", "district_id": "TRE2-HMS-002837A", "belt_id": "TRE2-HMS-B0000", "kind": "heavy_mineral_sands", "name": "heavy-mineral beach sands", "tonnage_mt": 5.7483, "grades": {"TiO2 %": 1.3461, "ZrO2 %": 0.352}, "depth_m": 0, "blind": false, "strike_deg": 120, "dip_deg": 24, "length_m": 23750, "width_m": 1958.9, "shape": "strata", "host": "clastic", "chance": 0.325, "seen_by": {"radiometrics": true, "magnetics": true}, "water_depth_m": 0}}, {"type": "Feature", "geometry": {"type": "Point", "coordinates": [151.67879, 46.42108]}, "properties": {"id": "TRE2-HMS-002837A-04", "district_id": "TRE2-HMS-002837A", "belt_id": "TRE2-HMS-B0000", "kind": "heavy_mineral_sands", "name": "heavy-mineral beach sands", "tonnage_mt": 0.6009, "grades": {"TiO2 %": 1.7763, "ZrO2 %": 0.5692}, "depth_m": 0, "blind": false, "strike_deg": 113, "dip_deg": 7, "length_m": 13702, "width_m": 2453.1, "shape": "strata", "host": "clastic", "chance": 0.325, "seen_by": {"radiometrics": true, "magnetics": true}, "water_depth_m": 0}}, {"type": "Feature", "geometry": {"type": "Point", "coordinates": [153.27796, 45.85025]}, "properties": {"id": "TRE2-HMS-002837A-05", "district_id": "TRE2-HMS-002837A", "belt_id": "TRE2-HMS-B0000", "kind": "heavy_mineral_sands", "name": "heavy-mineral beach sands", "tonnage_mt": 0.3909, "grades": {"TiO2 %": 1.7708, "ZrO2 %": 0.4455}, "depth_m": 0, "blind": false, "strike_deg": 122, "dip_deg": 19, "length_m": 15687, "width_m": 905.0, "shape": "strata", "host": "clastic", "chance": 0.325, "seen_by": {"radiometrics": true, "magnetics": true}, "water_depth_m": 0}}, {"type": "Feature", "geometry": {"type": "Point", "coordinates": [-91.97017, 43.52786]}, "properties": {"id": "TRE2-HMS-002988A-01", "district_id": "TRE2-HMS-002988A", "belt_id": "TRE2-HMS-B0001", "kind": "heavy_mineral_sands", "name": "heavy-mineral beach sands", "tonnage_mt": 455.6883, "grades": {"TiO2 %": 2.0221, "ZrO2 %": 0.2541}, "depth_m": 227, "blind": false, "strike_deg": 171, "dip_deg": 11, "length_m": 12284, "width_m": 2149.5, "shape": "strata", "host": "clastic", "chance": 0.36, "seen_by": {"radiometrics": false, "magnetics": true}, "water_depth_m": 0}}, {"type": "Feature", "geometry": {"type": "Point", "coordinates": [-91.91036, 43.56432]}, "properties": {"id": "TRE2-HMS-002988A-02", "district_id": "TRE2-HMS-002988A", "belt_id": "TRE2-HMS-B0001", "kind": "heavy_mineral_sands", "name": "heavy-mineral beach sands", "tonnage_mt": 3.6768, "grades": {"TiO2 %": 2.8678, "ZrO2 %": 0.3611}, "depth_m": 0, "blind": false, "strike_deg": 175, "dip_deg": 7, "length_m": 30040, "width_m": 1391.2, "shape": "strata", "host": "clastic", "chance": 0.36, "seen_by": {"radiometrics": true, "magnetics": true}, "water_depth_m": 0}}, {"type": "Feature", "geometry": {"type": "Point", "coordinates": [-91.87599, 43.92948]}, "properties": {"id": "TRE2-HMS-002988A-03", "district_id": "TRE2-HMS-002988A", "belt_id": "TRE2-HMS-B0001", "kind": "heavy_mineral_sands", "name": "heavy-mineral beach sands", "tonnage_mt": 11.0754, "grades": {"TiO2 %": 1.015, "ZrO2 %": 0.336}, "depth_m": 0, "blind": false, "strike_deg": 173, "dip_deg": 32, "length_m": 10279, "width_m": 2015.4, "shape": "strata", "host": "clastic", "chance": 0.36, "seen_by": {"radiometrics": true, "magnetics": true}, "water_depth_m": 0}}, {"type": "Feature", "geometry": {"type": "Point", "coordinates": [-91.63199, 44.45757]}, "properties": {"id": "TRE2-HMS-002988B-01", "district_id": "TRE2-HMS-002988B", "belt_id": "TRE2-HMS-B0001", "kind": "heavy_mineral_sands", "name": "heavy-mineral beach sands", "tonnage_mt": 4.7207, "grades": {"TiO2 %": 1.9869, "ZrO2 %": 0.7491}, "depth_m": 0, "blind": false, "strike_deg": 178, "dip_deg": 16, "length_m": 14204, "width_m": 1244.8, "shape": "strata", "host": "clastic", "chance": 0.36, "seen_by": {"radiometrics": true, "magnetics": true}, "water_depth_m": 0}}, {"type": "Feature", "geometry": {"type": "Point", "coordinates": [-91.55579, 45.53133]}, "properties": {"id": "TRE2-HMS-002988B-02", "district_id": "TRE2-HMS-002988B", "belt_id": "TRE2-HMS-B0001", "kind": "heavy_mineral_sands", "name": "heavy-mineral beach sands", "tonnage_mt": 8.4989, "grades": {"TiO2 %": 0.752, "ZrO2 %": 0.4576}, "depth_m": 0, "blind": false, "strike_deg": 177, "dip_deg": 8, "length_m": 12460, "width_m": 1616.1, "shape": "strata", "host": "clastic", "chance": 0.36, "seen_by": {"radiometrics": true, "magnetics": true}, "water_depth_m": 0}}, {"type": "Feature", "geometry": {"type": "Point", "coordinates": [-96.34942, 18.61559]}, "properties": {"id": "TRE2-HMS-006758A-01", "district_id": "TRE2-HMS-006758A", "belt_id": "TRE2-HMS-B0007", "kind": "heavy_mineral_sands", "name": "heavy-mineral beach sands", "tonnage_mt": 349.0932, "grades": {"TiO2 %": 1.0032, "ZrO2 %": 0.1527}, "depth_m": 36, "blind": false, "strike_deg": 152, "dip_deg": 20, "length_m": 18473, "width_m": 721.8, "shape": "strata", "host": "arc_plutonic", "chance": 0.6, "seen_by": {"radiometrics": false, "magnetics": true}, "water_depth_m": 0}}, {"type": "Feature", "geometry": {"type": "Point", "coordinates": [-96.50011, 18.95717]}, "properties": {"id": "TRE2-HMS-006758A-02", "district_id": "TRE2-HMS-006758A", "belt_id": "TRE2-HMS-B0007", "kind": "heavy_mineral_sands", "name": "heavy-mineral beach sands", "tonnage_mt": 436.5878, "grades": {"TiO2 %": 1.8007, "ZrO2 %": 0.3568}, "depth_m": 55, "blind": false, "strike_deg": 113, "dip_deg": 10, "length_m": 18095, "width_m": 1811.2, "shape": "strata", "host": "arc_plutonic", "chance": 0.6, "seen_by": {"radiometrics": false, "magnetics": true}, "water_depth_m": 0}}, {"type": "Feature", "geometry": {"type": "Point", "coordinates": [-9.72327, 4.90918]}, "properties": {"id": "TRE2-HMS-009200A-01", "district_id": "TRE2-HMS-009200A", "belt_id": null, "kind": "heavy_mineral_sands", "name": "heavy-mineral beach sands", "tonnage_mt": 353.597, "grades": {"TiO2 %": 1.6574, "ZrO2 %": 0.3758}, "depth_m": 45, "blind": false, "strike_deg": 53, "dip_deg": 27, "length_m": 14376, "width_m": 1553.8, "shape": "strata", "host": "carbonate", "chance": 0.189, "seen_by": {"radiometrics": false, "magnetics": true}, "water_depth_m": 0}}, {"type": "Feature", "geometry": {"type": "Point", "coordinates": [-9.11121, 5.27102]}, "properties": {"id": "TRE2-HMS-009200A-02", "district_id": "TRE2-HMS-009200A", "belt_id": null, "kind": "heavy_mineral_sands", "name": "heavy-mineral beach sands", "tonnage_mt": 41.6337, "grades": {"TiO2 %": 1.3941, "ZrO2 %": 0.3503}, "depth_m": 127, "blind": false, "strike_deg": 66, "dip_deg": 38, "length_m": 21313, "width_m": 955.4, "shape": "strata", "host": "carbonate", "chance": 0.189, "seen_by": {"radiometrics": false, "magnetics": true}, "water_depth_m": 0}}, {"type": "Feature", "geometry": {"type": "Point", "coordinates": [-9.2093, 5.25705]}, "properties": {"id": "TRE2-HMS-009200A-03", "district_id": "TRE2-HMS-009200A", "belt_id": null, "kind": "heavy_mineral_sands", "name": "heavy-mineral beach sands", "tonnage_mt": 13.5357, "grades": {"TiO2 %": 1.7719, "ZrO2 %": 0.4834}, "depth_m": 0, "blind": false, "strike_deg": 76, "dip_deg": 11, "length_m": 7937, "width_m": 1368.2, "shape": "strata", "host": "carbonate", "chance": 0.189, "seen_by": {"radiometrics": true, "magnetics": true}, "water_depth_m": 0}}, {"type": "Feature", "geometry": {"type": "Point", "coordinates": [16.85046, -18.34049]}, "properties": {"id": "TRE2-HMS-013263A-01", "district_id": "TRE2-HMS-013263A", "belt_id": "TRE2-HMS-B0012", "kind": "heavy_mineral_sands", "name": "heavy-mineral beach sands", "tonnage_mt": 14.0527, "grades": {"TiO2 %": 1.1638, "ZrO2 %": 0.2124}, "depth_m": 0, "blind": false, "strike_deg": 60, "dip_deg": 28, "length_m": 38090, "width_m": 3399.9, "shape": "strata", "host": "carbonate", "chance": 0.6, "seen_by": {"radiometrics": true, "magnetics": true}, "water_depth_m": 0}}, {"type": "Feature", "geometry": {"type": "Point", "coordinates": [15.71282, -18.88716]}, "properties": {"id": "TRE2-HMS-013263A-02", "district_id": "TRE2-HMS-013263A", "belt_id": "TRE2-HMS-B0012", "kind": "heavy_mineral_sands", "name": "heavy-mineral beach sands", "tonnage_mt": 1.2713, "grades": {"TiO2 %": 0.9021, "ZrO2 %": 0.2044}, "depth_m": 0, "blind": false, "strike_deg": 45, "dip_deg": 29, "length_m": 23256, "width_m": 1331.6, "shape": "strata", "host": "carbonate", "chance": 0.6, "seen_by": {"radiometrics": true, "magnetics": true}, "water_depth_m": 0}}, {"type": "Feature", "geometry": {"type": "Point", "coordinates": [16.77077, -18.35548]}, "properties": {"id": "TRE2-HMS-013263A-03", "district_id": "TRE2-HMS-013263A", "belt_id": "TRE2-HMS-B0012", "kind": "heavy_mineral_sands", "name": "heavy-mineral beach sands", "tonnage_mt": 3.6124, "grades": {"TiO2 %": 0.6784, "ZrO2 %": 0.4162}, "depth_m": 0, "blind": false, "strike_deg": 58, "dip_deg": 28, "length_m": 15483, "width_m": 1465.2, "shape": "strata", "host": "carbonate", "chance": 0.6, "seen_by": {"radiometrics": true, "magnetics": true}, "water_depth_m": 0}}, {"type": "Feature", "geometry": {"type": "Point", "coordinates": [50.10098, -35.84151]}, "properties": {"id": "TRE2-HMS-015797A-01", "district_id": "TRE2-HMS-015797A", "belt_id": null, "kind": "heavy_mineral_sands", "name": "heavy-mineral beach sands", "tonnage_mt": 15.2944, "grades": {"TiO2 %": 1.5056, "ZrO2 %": 0.364}, "depth_m": 194, "blind": false, "strike_deg": 33, "dip_deg": 22, "length_m": 25740, "width_m": 1655.3, "shape": "strata", "host": "clastic", "chance": 0.113, "seen_by": {"radiometrics": false, "magnetics": true}, "water_depth_m": 0}}, {"type": "Feature", "geometry": {"type": "Point", "coordinates": [49.9754, -35.93606]}, "properties": {"id": "TRE2-HMS-015797A-02", "district_id": "TRE2-HMS-015797A", "belt_id": null, "kind": "heavy_mineral_sands", "name": "heavy-mineral beach sands", "tonnage_mt": 13.115, "grades": {"TiO2 %": 1.1261, "ZrO2 %": 0.5116}, "depth_m": 0, "blind": false, "strike_deg": 43, "dip_deg": 30, "length_m": 21779, "width_m": 821.2, "shape": "strata", "host": "clastic", "chance": 0.113, "seen_by": {"radiometrics": true, "magnetics": true}, "water_depth_m": 0}}, {"type": "Feature", "geometry": {"type": "Point", "coordinates": [49.85298, -36.12913]}, "properties": {"id": "TRE2-HMS-015797A-03", "district_id": "TRE2-HMS-015797A", "belt_id": null, "kind": "heavy_mineral_sands", "name": "heavy-mineral beach sands", "tonnage_mt": 142.1688, "grades": {"TiO2 %": 0.9558, "ZrO2 %": 0.2372}, "depth_m": 98, "blind": false, "strike_deg": 48, "dip_deg": 35, "length_m": 30964, "width_m": 1558.7, "shape": "strata", "host": "clastic", "chance": 0.113, "seen_by": {"radiometrics": false, "magnetics": true}, "water_depth_m": 0}}, {"type": "Feature", "geometry": {"type": "Point", "coordinates": [50.55919, -35.26341]}, "properties": {"id": "TRE2-HMS-015797A-04", "district_id": "TRE2-HMS-015797A", "belt_id": null, "kind": "heavy_mineral_sands", "name": "heavy-mineral beach sands", "tonnage_mt": 2.4348, "grades": {"TiO2 %": 1.4785, "ZrO2 %": 0.2631}, "depth_m": 0, "blind": false, "strike_deg": 35, "dip_deg": 26, "length_m": 13407, "width_m": 985.2, "shape": "strata", "host": "clastic", "chance": 0.113, "seen_by": {"radiometrics": true, "magnetics": true}, "water_depth_m": 0}}, {"type": "Feature", "geometry": {"type": "Point", "coordinates": [49.98988, -35.76336]}, "properties": {"id": "TRE2-HMS-015797A-05", "district_id": "TRE2-HMS-015797A", "belt_id": null, "kind": "heavy_mineral_sands", "name": "heavy-mineral beach sands", "tonnage_mt": 494.3982, "grades": {"TiO2 %": 3.7326, "ZrO2 %": 0.2214}, "depth_m": 295, "blind": false, "strike_deg": 24, "dip_deg": 7, "length_m": 18633, "width_m": 1071.2, "shape": "strata", "host": "clastic", "chance": 0.113, "seen_by": {"radiometrics": false, "magnetics": true}, "water_depth_m": 0}}, {"type": "Feature", "geometry": {"type": "Point", "coordinates": [-13.03899, -42.00773]}, "properties": {"id": "TRE2-HMS-016630A-01", "district_id": "TRE2-HMS-016630A", "belt_id": "TRE2-HMS-B0016", "kind": "heavy_mineral_sands", "name": "heavy-mineral beach sands", "tonnage_mt": 3.6245, "grades": {"TiO2 %": 1.5213, "ZrO2 %": 0.2489}, "depth_m": 0, "blind": false, "strike_deg": 96, "dip_deg": 31, "length_m": 16751, "width_m": 1953.8, "shape": "strata", "host": "clastic", "chance": 0.406, "seen_by": {"radiometrics": true, "magnetics": true}, "water_depth_m": 0}}, {"type": "Feature", "geometry": {"type": "Point", "coordinates": [-12.74773, -41.95774]}, "properties": {"id": "TRE2-HMS-016630A-02", "district_id": "TRE2-HMS-016630A", "belt_id": "TRE2-HMS-B0016", "kind": "heavy_mineral_sands", "name": "heavy-mineral beach sands", "tonnage_mt": 3.5982, "grades": {"TiO2 %": 2.2311, "ZrO2 %": 0.207}, "depth_m": 0, "blind": false, "strike_deg": 115, "dip_deg": 17, "length_m": 15286, "width_m": 1043.5, "shape": "strata", "host": "clastic", "chance": 0.406, "seen_by": {"radiometrics": true, "magnetics": true}, "water_depth_m": 0}}, {"type": "Feature", "geometry": {"type": "Point", "coordinates": [-13.34821, -41.96684]}, "properties": {"id": "TRE2-HMS-016630A-03", "district_id": "TRE2-HMS-016630A", "belt_id": "TRE2-HMS-B0016", "kind": "heavy_mineral_sands", "name": "heavy-mineral beach sands", "tonnage_mt": 80.7456, "grades": {"TiO2 %": 1.2079, "ZrO2 %": 0.3893}, "depth_m": 133, "blind": false, "strike_deg": 101, "dip_deg": 11, "length_m": 10680, "width_m": 1563.1, "shape": "strata", "host": "clastic", "chance": 0.406, "seen_by": {"radiometrics": false, "magnetics": true}, "water_depth_m": 0}}, {"type": "Feature", "geometry": {"type": "Point", "coordinates": [153.36359, -45.55468]}, "properties": {"id": "TRE2-HMS-017066A-01", "district_id": "TRE2-HMS-017066A", "belt_id": null, "kind": "heavy_mineral_sands", "name": "heavy-mineral beach sands", "tonnage_mt": 366.1812, "grades": {"TiO2 %": 1.3618, "ZrO2 %": 0.2775}, "depth_m": 238, "blind": false, "strike_deg": 10, "dip_deg": 8, "length_m": 29378, "width_m": 3816.6, "shape": "strata", "host": "clastic", "chance": 0.139, "seen_by": {"radiometrics": false, "magnetics": true}, "water_depth_m": 0}}, {"type": "Feature", "geometry": {"type": "Point", "coordinates": [-105.79696, 13.12124]}, "properties": {"id": "TRE2-SKC-007677A-01", "district_id": "TRE2-SKC-007677A", "belt_id": null, "kind": "skarn_copper", "name": "copper skarn", "tonnage_mt": 1.8201, "grades": {"Cu %": 1.1335, "Au g/t": 0.2585, "Ag g/t": 10.0267, "S %": 5.0681}, "depth_m": 38, "blind": false, "strike_deg": 125, "dip_deg": 62, "length_m": 502, "width_m": 89.1, "shape": "lens", "host": "carbonate", "chance": 0.05, "seen_by": {"magnetics": true, "geochemistry": true, "ip": true}, "water_depth_m": 0}}, {"type": "Feature", "geometry": {"type": "Point", "coordinates": [-106.01871, 13.21761]}, "properties": {"id": "TRE2-SKC-007677A-02", "district_id": "TRE2-SKC-007677A", "belt_id": null, "kind": "skarn_copper", "name": "copper skarn", "tonnage_mt": 0.0326, "grades": {"Cu %": 1.94, "Au g/t": 0.9401, "Ag g/t": 10.391, "S %": 3.7721}, "depth_m": 0, "blind": false, "strike_deg": 117, "dip_deg": 55, "length_m": 733, "width_m": 81.3, "shape": "lens", "host": "carbonate", "chance": 0.05, "seen_by": {"magnetics": true, "geochemistry": true, "ip": true}, "water_depth_m": 0}}, {"type": "Feature", "geometry": {"type": "Point", "coordinates": [-105.74908, 13.08052]}, "properties": {"id": "TRE2-SKC-007677A-03", "district_id": "TRE2-SKC-007677A", "belt_id": null, "kind": "skarn_copper", "name": "copper skarn", "tonnage_mt": 0.585, "grades": {"Cu %": 1.0484, "Au g/t": 0.4672, "Ag g/t": 14.2364, "S %": 3.934}, "depth_m": 140, "blind": false, "strike_deg": 97, "dip_deg": 50, "length_m": 1086, "width_m": 168.2, "shape": "lens", "host": "carbonate", "chance": 0.05, "seen_by": {"magnetics": true, "geochemistry": false, "ip": true}, "water_depth_m": 0}}, {"type": "Feature", "geometry": {"type": "Point", "coordinates": [-105.74443, 13.10926]}, "properties": {"id": "TRE2-SKC-007677A-04", "district_id": "TRE2-SKC-007677A", "belt_id": null, "kind": "skarn_copper", "name": "copper skarn", "tonnage_mt": 0.0864, "grades": {"Cu %": 1.8449, "Au g/t": 0.7966, "Ag g/t": 41.1554, "S %": 3.3655}, "depth_m": 340, "blind": true, "strike_deg": 127, "dip_deg": 69, "length_m": 814, "width_m": 60.0, "shape": "lens", "host": "carbonate", "chance": 0.05, "seen_by": {"magnetics": true, "geochemistry": false, "ip": true}, "water_depth_m": 0}}, {"type": "Feature", "geometry": {"type": "Point", "coordinates": [-105.77249, 13.09952]}, "properties": {"id": "TRE2-SKC-007677A-05", "district_id": "TRE2-SKC-007677A", "belt_id": null, "kind": "skarn_copper", "name": "copper skarn", "tonnage_mt": 0.1184, "grades": {"Cu %": 2.8417, "Au g/t": 0.5369, "Ag g/t": 26.5246, "S %": 7.3805}, "depth_m": 146, "blind": false, "strike_deg": 104, "dip_deg": 59, "length_m": 1467, "width_m": 56.7, "shape": "lens", "host": "carbonate", "chance": 0.05, "seen_by": {"magnetics": true, "geochemistry": false, "ip": true}, "water_depth_m": 0}}, {"type": "Feature", "geometry": {"type": "Point", "coordinates": [-105.93556, 13.17567]}, "properties": {"id": "TRE2-SKC-007677A-06", "district_id": "TRE2-SKC-007677A", "belt_id": null, "kind": "skarn_copper", "name": "copper skarn", "tonnage_mt": 0.044, "grades": {"Cu %": 1.5199, "Au g/t": 0.4707, "Ag g/t": 28.3009, "S %": 5.6408}, "depth_m": 192, "blind": false, "strike_deg": 123, "dip_deg": 36, "length_m": 1165, "width_m": 57.4, "shape": "lens", "host": "carbonate", "chance": 0.05, "seen_by": {"magnetics": true, "geochemistry": false, "ip": true}, "water_depth_m": 0}}, {"type": "Feature", "geometry": {"type": "Point", "coordinates": [-33.0553, 7.51969]}, "properties": {"id": "TRE2-SKC-008653A-01", "district_id": "TRE2-SKC-008653A", "belt_id": null, "kind": "skarn_copper", "name": "copper skarn", "tonnage_mt": 0.3529, "grades": {"Cu %": 2.0612, "Au g/t": 0.6631, "Ag g/t": 8.2238, "S %": 3.7245}, "depth_m": 93, "blind": false, "strike_deg": 100, "dip_deg": 79, "length_m": 927, "width_m": 79.0, "shape": "lens", "host": "carbonate", "chance": 0.15, "seen_by": {"magnetics": true, "geochemistry": false, "ip": true}, "water_depth_m": 0}}, {"type": "Feature", "geometry": {"type": "Point", "coordinates": [-33.18514, 7.54439]}, "properties": {"id": "TRE2-SKC-008653A-02", "district_id": "TRE2-SKC-008653A", "belt_id": null, "kind": "skarn_copper", "name": "copper skarn", "tonnage_mt": 3.5563, "grades": {"Cu %": 2.2231, "Au g/t": 0.3664, "Ag g/t": 14.3587, "S %": 5.3236}, "depth_m": 39, "blind": false, "strike_deg": 113, "dip_deg": 66, "length_m": 703, "width_m": 118.5, "shape": "lens", "host": "carbonate", "chance": 0.15, "seen_by": {"magnetics": true, "geochemistry": true, "ip": true}, "water_depth_m": 0}}, {"type": "Feature", "geometry": {"type": "Point", "coordinates": [-33.3983, 7.57802]}, "properties": {"id": "TRE2-SKC-008653A-03", "district_id": "TRE2-SKC-008653A", "belt_id": null, "kind": "skarn_copper", "name": "copper skarn", "tonnage_mt": 0.0794, "grades": {"Cu %": 0.7551, "Au g/t": 0.9651, "Ag g/t": 9.5827, "S %": 4.2095}, "depth_m": 0, "blind": false, "strike_deg": 87, "dip_deg": 70, "length_m": 1307, "width_m": 92.5, "shape": "lens", "host": "carbonate", "chance": 0.15, "seen_by": {"magnetics": true, "geochemistry": true, "ip": true}, "water_depth_m": 0}}, {"type": "Feature", "geometry": {"type": "Point", "coordinates": [-33.19997, 7.5607]}, "properties": {"id": "TRE2-SKC-008653A-04", "district_id": "TRE2-SKC-008653A", "belt_id": null, "kind": "skarn_copper", "name": "copper skarn", "tonnage_mt": 12.1433, "grades": {"Cu %": 1.4507, "Au g/t": 0.6638, "Ag g/t": 26.0723, "S %": 4.0647}, "depth_m": 184, "blind": false, "strike_deg": 93, "dip_deg": 65, "length_m": 559, "width_m": 139.9, "shape": "lens", "host": "carbonate", "chance": 0.15, "seen_by": {"magnetics": true, "geochemistry": false, "ip": true}, "water_depth_m": 0}}, {"type": "Feature", "geometry": {"type": "Point", "coordinates": [-33.34927, 7.51412]}, "properties": {"id": "TRE2-SKC-008653A-05", "district_id": "TRE2-SKC-008653A", "belt_id": null, "kind": "skarn_copper", "name": "copper skarn", "tonnage_mt": 0.06, "grades": {"Cu %": 2.4317, "Au g/t": 0.772, "Ag g/t": 22.5485, "S %": 3.8441}, "depth_m": 238, "blind": false, "strike_deg": 116, "dip_deg": 48, "length_m": 865, "width_m": 60.1, "shape": "lens", "host": "carbonate", "chance": 0.15, "seen_by": {"magnetics": true, "geochemistry": false, "ip": true}, "water_depth_m": 0}}, {"type": "Feature", "geometry": {"type": "Point", "coordinates": [-33.26377, 7.54412]}, "properties": {"id": "TRE2-SKC-008653A-06", "district_id": "TRE2-SKC-008653A", "belt_id": null, "kind": "skarn_copper", "name": "copper skarn", "tonnage_mt": 0.6462, "grades": {"Cu %": 1.8343, "Au g/t": 0.6208, "Ag g/t": 12.8031, "S %": 4.4292}, "depth_m": 0, "blind": false, "strike_deg": 103, "dip_deg": 45, "length_m": 620, "width_m": 70.9, "shape": "lens", "host": "carbonate", "chance": 0.15, "seen_by": {"magnetics": true, "geochemistry": true, "ip": true}, "water_depth_m": 0}}, {"type": "Feature", "geometry": {"type": "Point", "coordinates": [-33.35007, 7.58844]}, "properties": {"id": "TRE2-SKC-008653A-07", "district_id": "TRE2-SKC-008653A", "belt_id": null, "kind": "skarn_copper", "name": "copper skarn", "tonnage_mt": 0.2407, "grades": {"Cu %": 1.5939, "Au g/t": 0.7248, "Ag g/t": 14.0554, "S %": 3.1017}, "depth_m": 152, "blind": false, "strike_deg": 99, "dip_deg": 42, "length_m": 317, "width_m": 179.1, "shape": "lens", "host": "carbonate", "chance": 0.15, "seen_by": {"magnetics": true, "geochemistry": false, "ip": true}, "water_depth_m": 0}}, {"type": "Feature", "geometry": {"type": "Point", "coordinates": [-33.09071, 7.60639]}, "properties": {"id": "TRE2-SKC-008653A-08", "district_id": "TRE2-SKC-008653A", "belt_id": null, "kind": "skarn_copper", "name": "copper skarn", "tonnage_mt": 0.0017, "grades": {"Cu %": 2.3441, "Au g/t": 0.4706, "Ag g/t": 24.6268, "S %": 3.7491}, "depth_m": 0, "blind": false, "strike_deg": 98, "dip_deg": 44, "length_m": 684, "width_m": 94.7, "shape": "lens", "host": "carbonate", "chance": 0.15, "seen_by": {"magnetics": true, "geochemistry": true, "ip": true}, "water_depth_m": 0}}, {"type": "Feature", "geometry": {"type": "Point", "coordinates": [-11.98492, 5.78428]}, "properties": {"id": "TRE2-SKC-009111A-01", "district_id": "TRE2-SKC-009111A", "belt_id": null, "kind": "skarn_copper", "name": "copper skarn", "tonnage_mt": 0.0024, "grades": {"Cu %": 2.5351, "Au g/t": 0.6099, "Ag g/t": 15.0804, "S %": 8.2261}, "depth_m": 0, "blind": false, "strike_deg": 45, "dip_deg": 47, "length_m": 1297, "width_m": 77.5, "shape": "lens", "host": "carbonate", "chance": 0.2, "seen_by": {"magnetics": true, "geochemistry": true, "ip": true}, "water_depth_m": 0}}, {"type": "Feature", "geometry": {"type": "Point", "coordinates": [-11.85468, 5.71075]}, "properties": {"id": "TRE2-SKC-009111A-02", "district_id": "TRE2-SKC-009111A", "belt_id": null, "kind": "skarn_copper", "name": "copper skarn", "tonnage_mt": 3.6347, "grades": {"Cu %": 1.948, "Au g/t": 0.2919, "Ag g/t": 12.619, "S %": 4.9291}, "depth_m": 81, "blind": false, "strike_deg": 40, "dip_deg": 78, "length_m": 806, "width_m": 70.7, "shape": "lens", "host": "carbonate", "chance": 0.2, "seen_by": {"magnetics": true, "geochemistry": false, "ip": true}, "water_depth_m": 0}}, {"type": "Feature", "geometry": {"type": "Point", "coordinates": [-11.62845, 5.85493]}, "properties": {"id": "TRE2-SKC-009111A-03", "district_id": "TRE2-SKC-009111A", "belt_id": null, "kind": "skarn_copper", "name": "copper skarn", "tonnage_mt": 2.1376, "grades": {"Cu %": 0.9039, "Au g/t": 0.3324, "Ag g/t": 10.7662, "S %": 9.2748}, "depth_m": 102, "blind": false, "strike_deg": 59, "dip_deg": 41, "length_m": 600, "width_m": 61.9, "shape": "lens", "host": "carbonate", "chance": 0.2, "seen_by": {"magnetics": true, "geochemistry": false, "ip": true}, "water_depth_m": 0}}, {"type": "Feature", "geometry": {"type": "Point", "coordinates": [56.89742, 4.37128]}, "properties": {"id": "TRE2-SKC-009299A-01", "district_id": "TRE2-SKC-009299A", "belt_id": null, "kind": "skarn_copper", "name": "copper skarn", "tonnage_mt": 0.5906, "grades": {"Cu %": 1.673, "Au g/t": 0.6593, "Ag g/t": 11.2971, "S %": 3.5382}, "depth_m": 0, "blind": false, "strike_deg": 33, "dip_deg": 68, "length_m": 755, "width_m": 114.2, "shape": "lens", "host": "carbonate", "chance": 0.1, "seen_by": {"magnetics": true, "geochemistry": true, "ip": true}, "water_depth_m": 0}}, {"type": "Feature", "geometry": {"type": "Point", "coordinates": [56.91776, 4.37535]}, "properties": {"id": "TRE2-SKC-009299A-02", "district_id": "TRE2-SKC-009299A", "belt_id": null, "kind": "skarn_copper", "name": "copper skarn", "tonnage_mt": 0.015, "grades": {"Cu %": 3.1876, "Au g/t": 0.4417, "Ag g/t": 10.832, "S %": 6.3569}, "depth_m": 0, "blind": false, "strike_deg": 51, "dip_deg": 37, "length_m": 906, "width_m": 104.4, "shape": "lens", "host": "carbonate", "chance": 0.1, "seen_by": {"magnetics": true, "geochemistry": true, "ip": true}, "water_depth_m": 0}}, {"type": "Feature", "geometry": {"type": "Point", "coordinates": [56.99309, 4.40978]}, "properties": {"id": "TRE2-SKC-009299A-03", "district_id": "TRE2-SKC-009299A", "belt_id": null, "kind": "skarn_copper", "name": "copper skarn", "tonnage_mt": 0.7765, "grades": {"Cu %": 2.369, "Au g/t": 0.3167, "Ag g/t": 15.4681, "S %": 4.6882}, "depth_m": 0, "blind": false, "strike_deg": 38, "dip_deg": 77, "length_m": 649, "width_m": 120.3, "shape": "lens", "host": "carbonate", "chance": 0.1, "seen_by": {"magnetics": true, "geochemistry": true, "ip": true}, "water_depth_m": 0}}, {"type": "Feature", "geometry": {"type": "Point", "coordinates": [-129.58821, 0.00077]}, "properties": {"id": "TRE2-SKC-010091A-01", "district_id": "TRE2-SKC-010091A", "belt_id": "TRE2-SKC-B0006", "kind": "skarn_copper", "name": "copper skarn", "tonnage_mt": 0.2032, "grades": {"Cu %": 3.003, "Au g/t": 0.9215, "Ag g/t": 15.801, "S %": 7.2368}, "depth_m": 0, "blind": false, "strike_deg": 146, "dip_deg": 54, "length_m": 702, "width_m": 79.4, "shape": "lens", "host": "carbonate", "chance": 0.25, "seen_by": {"magnetics": true, "geochemistry": true, "ip": true}, "water_depth_m": 0}}, {"type": "Feature", "geometry": {"type": "Point", "coordinates": [-129.62499, -0.17073]}, "properties": {"id": "TRE2-SKC-010091A-02", "district_id": "TRE2-SKC-010091A", "belt_id": "TRE2-SKC-B0006", "kind": "skarn_copper", "name": "copper skarn", "tonnage_mt": 6.0284, "grades": {"Cu %": 1.2842, "Au g/t": 0.3231, "Ag g/t": 16.76, "S %": 3.6862}, "depth_m": 110, "blind": false, "strike_deg": 147, "dip_deg": 60, "length_m": 693, "width_m": 107.1, "shape": "lens", "host": "carbonate", "chance": 0.25, "seen_by": {"magnetics": true, "geochemistry": false, "ip": true}, "water_depth_m": 0}}, {"type": "Feature", "geometry": {"type": "Point", "coordinates": [-129.65225, -0.04162]}, "properties": {"id": "TRE2-SKC-010091A-03", "district_id": "TRE2-SKC-010091A", "belt_id": "TRE2-SKC-B0006", "kind": "skarn_copper", "name": "copper skarn", "tonnage_mt": 3.5261, "grades": {"Cu %": 2.5884, "Au g/t": 0.4622, "Ag g/t": 19.0323, "S %": 3.3066}, "depth_m": 71, "blind": false, "strike_deg": 163, "dip_deg": 74, "length_m": 789, "width_m": 171.5, "shape": "lens", "host": "carbonate", "chance": 0.25, "seen_by": {"magnetics": true, "geochemistry": false, "ip": true}, "water_depth_m": 0}}, {"type": "Feature", "geometry": {"type": "Point", "coordinates": [-129.61342, -0.04264]}, "properties": {"id": "TRE2-SKC-010091A-04", "district_id": "TRE2-SKC-010091A", "belt_id": "TRE2-SKC-B0006", "kind": "skarn_copper", "name": "copper skarn", "tonnage_mt": 0.0043, "grades": {"Cu %": 2.0126, "Au g/t": 0.3397, "Ag g/t": 24.0036, "S %": 3.3029}, "depth_m": 0, "blind": false, "strike_deg": 126, "dip_deg": 64, "length_m": 259, "width_m": 74.6, "shape": "lens", "host": "carbonate", "chance": 0.25, "seen_by": {"magnetics": true, "geochemistry": true, "ip": true}, "water_depth_m": 0}}, {"type": "Feature", "geometry": {"type": "Point", "coordinates": [33.69045, -2.74305]}, "properties": {"id": "TRE2-SKC-010582A-01", "district_id": "TRE2-SKC-010582A", "belt_id": "TRE2-SKC-B0008", "kind": "skarn_copper", "name": "copper skarn", "tonnage_mt": 29.4439, "grades": {"Cu %": 2.5239, "Au g/t": 0.2398, "Ag g/t": 17.7348, "S %": 3.0528}, "depth_m": 112, "blind": false, "strike_deg": 98, "dip_deg": 36, "length_m": 742, "width_m": 123.2, "shape": "lens", "host": "carbonate", "chance": 0.25, "seen_by": {"magnetics": true, "geochemistry": false, "ip": true}, "water_depth_m": 0}}, {"type": "Feature", "geometry": {"type": "Point", "coordinates": [33.51154, -2.81944]}, "properties": {"id": "TRE2-SKC-010582A-02", "district_id": "TRE2-SKC-010582A", "belt_id": "TRE2-SKC-B0008", "kind": "skarn_copper", "name": "copper skarn", "tonnage_mt": 1.7232, "grades": {"Cu %": 2.7708, "Au g/t": 0.6563, "Ag g/t": 19.543, "S %": 8.2673}, "depth_m": 0, "blind": false, "strike_deg": 107, "dip_deg": 54, "length_m": 434, "width_m": 122.5, "shape": "lens", "host": "carbonate", "chance": 0.25, "seen_by": {"magnetics": true, "geochemistry": true, "ip": true}, "water_depth_m": 0}}, {"type": "Feature", "geometry": {"type": "Point", "coordinates": [33.82762, -2.89258]}, "properties": {"id": "TRE2-SKC-010582A-03", "district_id": "TRE2-SKC-010582A", "belt_id": "TRE2-SKC-B0008", "kind": "skarn_copper", "name": "copper skarn", "tonnage_mt": 1.2201, "grades": {"Cu %": 1.4747, "Au g/t": 0.6492, "Ag g/t": 9.6115, "S %": 2.3974}, "depth_m": 227, "blind": false, "strike_deg": 67, "dip_deg": 34, "length_m": 399, "width_m": 78.7, "shape": "lens", "host": "carbonate", "chance": 0.25, "seen_by": {"magnetics": true, "geochemistry": false, "ip": true}, "water_depth_m": 0}}, {"type": "Feature", "geometry": {"type": "Point", "coordinates": [30.58753, -6.02819]}, "properties": {"id": "TRE2-SKC-011014A-01", "district_id": "TRE2-SKC-011014A", "belt_id": null, "kind": "skarn_copper", "name": "copper skarn", "tonnage_mt": 9.5401, "grades": {"Cu %": 3.2784, "Au g/t": 0.804, "Ag g/t": 17.5535, "S %": 5.8361}, "depth_m": 114, "blind": false, "strike_deg": 71, "dip_deg": 42, "length_m": 592, "width_m": 73.8, "shape": "lens", "host": "carbonate", "chance": 0.2, "seen_by": {"magnetics": true, "geochemistry": false, "ip": true}, "water_depth_m": 0}}, {"type": "Feature", "geometry": {"type": "Point", "coordinates": [31.02555, -5.87378]}, "properties": {"id": "TRE2-SKC-011014A-02", "district_id": "TRE2-SKC-011014A", "belt_id": null, "kind": "skarn_copper", "name": "copper skarn", "tonnage_mt": 0.0076, "grades": {"Cu %": 1.7919, "Au g/t": 0.5693, "Ag g/t": 7.2509, "S %": 3.8478}, "depth_m": 0, "blind": false, "strike_deg": 74, "dip_deg": 68, "length_m": 900, "width_m": 53.0, "shape": "lens", "host": "carbonate", "chance": 0.2, "seen_by": {"magnetics": true, "geochemistry": true, "ip": true}, "water_depth_m": 0}}, {"type": "Feature", "geometry": {"type": "Point", "coordinates": [30.88297, -5.87131]}, "properties": {"id": "TRE2-SKC-011014A-03", "district_id": "TRE2-SKC-011014A", "belt_id": null, "kind": "skarn_copper", "name": "copper skarn", "tonnage_mt": 0.0274, "grades": {"Cu %": 1.3412, "Au g/t": 1.3482, "Ag g/t": 21.5262, "S %": 6.4585}, "depth_m": 0, "blind": false, "strike_deg": 82, "dip_deg": 55, "length_m": 705, "width_m": 389.3, "shape": "lens", "host": "carbonate", "chance": 0.2, "seen_by": {"magnetics": true, "geochemistry": true, "ip": true}, "water_depth_m": 0}}, {"type": "Feature", "geometry": {"type": "Point", "coordinates": [30.78156, -6.0163]}, "properties": {"id": "TRE2-SKC-011014A-04", "district_id": "TRE2-SKC-011014A", "belt_id": null, "kind": "skarn_copper", "name": "copper skarn", "tonnage_mt": 10.2034, "grades": {"Cu %": 4.2387, "Au g/t": 0.6632, "Ag g/t": 21.8602, "S %": 2.7387}, "depth_m": 134, "blind": false, "strike_deg": 82, "dip_deg": 45, "length_m": 1579, "width_m": 72.9, "shape": "lens", "host": "carbonate", "chance": 0.2, "seen_by": {"magnetics": true, "geochemistry": false, "ip": true}, "water_depth_m": 0}}, {"type": "Feature", "geometry": {"type": "Point", "coordinates": [31.07016, -5.88574]}, "properties": {"id": "TRE2-SKC-011014A-05", "district_id": "TRE2-SKC-011014A", "belt_id": null, "kind": "skarn_copper", "name": "copper skarn", "tonnage_mt": 0.1223, "grades": {"Cu %": 1.2232, "Au g/t": 0.4086, "Ag g/t": 17.2766, "S %": 5.8354}, "depth_m": 0, "blind": false, "strike_deg": 73, "dip_deg": 75, "length_m": 1087, "width_m": 130.6, "shape": "lens", "host": "carbonate", "chance": 0.2, "seen_by": {"magnetics": true, "geochemistry": true, "ip": true}, "water_depth_m": 0}}, {"type": "Feature", "geometry": {"type": "Point", "coordinates": [30.89639, -5.89701]}, "properties": {"id": "TRE2-SKC-011014A-06", "district_id": "TRE2-SKC-011014A", "belt_id": null, "kind": "skarn_copper", "name": "copper skarn", "tonnage_mt": 0.0091, "grades": {"Cu %": 1.1735, "Au g/t": 0.4921, "Ag g/t": 56.8491, "S %": 4.8352}, "depth_m": 0, "blind": false, "strike_deg": 72, "dip_deg": 53, "length_m": 434, "width_m": 53.4, "shape": "lens", "host": "carbonate", "chance": 0.2, "seen_by": {"magnetics": true, "geochemistry": true, "ip": true}, "water_depth_m": 0}}, {"type": "Feature", "geometry": {"type": "Point", "coordinates": [30.87013, -5.8914]}, "properties": {"id": "TRE2-SKC-011014A-07", "district_id": "TRE2-SKC-011014A", "belt_id": null, "kind": "skarn_copper", "name": "copper skarn", "tonnage_mt": 0.0071, "grades": {"Cu %": 1.3731, "Au g/t": 0.3029, "Ag g/t": 21.1354, "S %": 4.0787}, "depth_m": 0, "blind": false, "strike_deg": 75, "dip_deg": 53, "length_m": 2056, "width_m": 74.7, "shape": "lens", "host": "carbonate", "chance": 0.2, "seen_by": {"magnetics": true, "geochemistry": true, "ip": true}, "water_depth_m": 0}}, {"type": "Feature", "geometry": {"type": "Point", "coordinates": [30.90733, -5.81198]}, "properties": {"id": "TRE2-SKC-011014A-08", "district_id": "TRE2-SKC-011014A", "belt_id": null, "kind": "skarn_copper", "name": "copper skarn", "tonnage_mt": 0.0019, "grades": {"Cu %": 3.3034, "Au g/t": 0.4605, "Ag g/t": 21.8308, "S %": 4.1403}, "depth_m": 0, "blind": false, "strike_deg": 78, "dip_deg": 60, "length_m": 483, "width_m": 96.7, "shape": "lens", "host": "carbonate", "chance": 0.2, "seen_by": {"magnetics": true, "geochemistry": true, "ip": true}, "water_depth_m": 0}}, {"type": "Feature", "geometry": {"type": "Point", "coordinates": [30.87737, -5.9912]}, "properties": {"id": "TRE2-SKC-011014A-09", "district_id": "TRE2-SKC-011014A", "belt_id": null, "kind": "skarn_copper", "name": "copper skarn", "tonnage_mt": 0.0041, "grades": {"Cu %": 1.732, "Au g/t": 0.6519, "Ag g/t": 15.2316, "S %": 8.2865}, "depth_m": 0, "blind": false, "strike_deg": 66, "dip_deg": 57, "length_m": 834, "width_m": 104.8, "shape": "lens", "host": "carbonate", "chance": 0.2, "seen_by": {"magnetics": true, "geochemistry": true, "ip": true}, "water_depth_m": 0}}, {"type": "Feature", "geometry": {"type": "Point", "coordinates": [5.21191, -6.26812]}, "properties": {"id": "TRE2-SKC-011132A-01", "district_id": "TRE2-SKC-011132A", "belt_id": null, "kind": "skarn_copper", "name": "copper skarn", "tonnage_mt": 0.3338, "grades": {"Cu %": 2.4603, "Au g/t": 0.5234, "Ag g/t": 23.5384, "S %": 3.0515}, "depth_m": 16, "blind": false, "strike_deg": 85, "dip_deg": 57, "length_m": 651, "width_m": 104.0, "shape": "lens", "host": "carbonate", "chance": 0.1, "seen_by": {"magnetics": true, "geochemistry": true, "ip": true}, "water_depth_m": 0}}, {"type": "Feature", "geometry": {"type": "Point", "coordinates": [5.51743, -6.20947]}, "properties": {"id": "TRE2-SKC-011132A-02", "district_id": "TRE2-SKC-011132A", "belt_id": null, "kind": "skarn_copper", "name": "copper skarn", "tonnage_mt": 0.0054, "grades": {"Cu %": 0.8943, "Au g/t": 0.5583, "Ag g/t": 6.1767, "S %": 5.3283}, "depth_m": 173, "blind": false, "strike_deg": 82, "dip_deg": 72, "length_m": 872, "width_m": 159.0, "shape": "lens", "host": "carbonate", "chance": 0.1, "seen_by": {"magnetics": true, "geochemistry": false, "ip": true}, "water_depth_m": 0}}, {"type": "Feature", "geometry": {"type": "Point", "coordinates": [5.33038, -6.37455]}, "properties": {"id": "TRE2-SKC-011132A-03", "district_id": "TRE2-SKC-011132A", "belt_id": null, "kind": "skarn_copper", "name": "copper skarn", "tonnage_mt": 0.2293, "grades": {"Cu %": 1.3653, "Au g/t": 0.9669, "Ag g/t": 10.2838, "S %": 5.2244}, "depth_m": 0, "blind": false, "strike_deg": 70, "dip_deg": 45, "length_m": 540, "width_m": 119.3, "shape": "lens", "host": "carbonate", "chance": 0.1, "seen_by": {"magnetics": true, "geochemistry": true, "ip": true}, "water_depth_m": 0}}, {"type": "Feature", "geometry": {"type": "Point", "coordinates": [-115.07991, -13.63341]}, "properties": {"id": "TRE2-SKC-012400A-01", "district_id": "TRE2-SKC-012400A", "belt_id": null, "kind": "skarn_copper", "name": "copper skarn", "tonnage_mt": 0.0607, "grades": {"Cu %": 1.3724, "Au g/t": 0.1795, "Ag g/t": 16.2101, "S %": 3.3082}, "depth_m": 0, "blind": false, "strike_deg": 136, "dip_deg": 51, "length_m": 1537, "width_m": 65.3, "shape": "lens", "host": "carbonate", "chance": 0.1, "seen_by": {"magnetics": true, "geochemistry": true, "ip": true}, "water_depth_m": 0}}, {"type": "Feature", "geometry": {"type": "Point", "coordinates": [49.13892, -22.07391]}, "properties": {"id": "TRE2-SKC-013734A-01", "district_id": "TRE2-SKC-013734A", "belt_id": "TRE2-SKC-B0023", "kind": "skarn_copper", "name": "copper skarn", "tonnage_mt": 0.0123, "grades": {"Cu %": 2.3514, "Au g/t": 0.364, "Ag g/t": 13.632, "S %": 4.1101}, "depth_m": 0, "blind": false, "strike_deg": 167, "dip_deg": 54, "length_m": 457, "width_m": 117.2, "shape": "lens", "host": "carbonate", "chance": 0.25, "seen_by": {"magnetics": true, "geochemistry": true, "ip": true}, "water_depth_m": 0}}, {"type": "Feature", "geometry": {"type": "Point", "coordinates": [49.32344, -22.23885]}, "properties": {"id": "TRE2-SKC-013734A-02", "district_id": "TRE2-SKC-013734A", "belt_id": "TRE2-SKC-B0023", "kind": "skarn_copper", "name": "copper skarn", "tonnage_mt": 0.9707, "grades": {"Cu %": 1.716, "Au g/t": 0.6917, "Ag g/t": 12.7489, "S %": 3.2378}, "depth_m": 0, "blind": false, "strike_deg": 154, "dip_deg": 56, "length_m": 617, "width_m": 88.3, "shape": "lens", "host": "carbonate", "chance": 0.25, "seen_by": {"magnetics": true, "geochemistry": true, "ip": true}, "water_depth_m": 0}}, {"type": "Feature", "geometry": {"type": "Point", "coordinates": [49.32693, -22.19374]}, "properties": {"id": "TRE2-SKC-013734A-03", "district_id": "TRE2-SKC-013734A", "belt_id": "TRE2-SKC-B0023", "kind": "skarn_copper", "name": "copper skarn", "tonnage_mt": 0.005, "grades": {"Cu %": 1.1875, "Au g/t": 0.6947, "Ag g/t": 14.0442, "S %": 5.938}, "depth_m": 86, "blind": false, "strike_deg": 147, "dip_deg": 34, "length_m": 868, "width_m": 95.2, "shape": "lens", "host": "carbonate", "chance": 0.25, "seen_by": {"magnetics": true, "geochemistry": false, "ip": true}, "water_depth_m": 0}}, {"type": "Feature", "geometry": {"type": "Point", "coordinates": [49.00177, -22.06423]}, "properties": {"id": "TRE2-SKC-013734A-04", "district_id": "TRE2-SKC-013734A", "belt_id": "TRE2-SKC-B0023", "kind": "skarn_copper", "name": "copper skarn", "tonnage_mt": 0.0102, "grades": {"Cu %": 1.2729, "Au g/t": 0.3813, "Ag g/t": 7.6363, "S %": 3.1864}, "depth_m": 0, "blind": false, "strike_deg": 162, "dip_deg": 49, "length_m": 1100, "width_m": 67.3, "shape": "lens", "host": "carbonate", "chance": 0.25, "seen_by": {"magnetics": true, "geochemistry": true, "ip": true}, "water_depth_m": 0}}, {"type": "Feature", "geometry": {"type": "Point", "coordinates": [49.31413, -22.22146]}, "properties": {"id": "TRE2-SKC-013734A-05", "district_id": "TRE2-SKC-013734A", "belt_id": "TRE2-SKC-B0023", "kind": "skarn_copper", "name": "copper skarn", "tonnage_mt": 0.092, "grades": {"Cu %": 1.5845, "Au g/t": 0.721, "Ag g/t": 22.1418, "S %": 4.2076}, "depth_m": 0, "blind": false, "strike_deg": 145, "dip_deg": 56, "length_m": 916, "width_m": 68.1, "shape": "lens", "host": "carbonate", "chance": 0.25, "seen_by": {"magnetics": true, "geochemistry": true, "ip": true}, "water_depth_m": 0}}, {"type": "Feature", "geometry": {"type": "Point", "coordinates": [146.73047, -23.39237]}, "properties": {"id": "TRE2-SKC-013982A-01", "district_id": "TRE2-SKC-013982A", "belt_id": null, "kind": "skarn_copper", "name": "copper skarn", "tonnage_mt": 3.9784, "grades": {"Cu %": 2.7605, "Au g/t": 0.7309, "Ag g/t": 25.3673, "S %": 2.6867}, "depth_m": 198, "blind": false, "strike_deg": 103, "dip_deg": 72, "length_m": 591, "width_m": 118.9, "shape": "lens", "host": "carbonate", "chance": 0.15, "seen_by": {"magnetics": true, "geochemistry": false, "ip": true}, "water_depth_m": 0}}, {"type": "Feature", "geometry": {"type": "Point", "coordinates": [146.83257, -23.36465]}, "properties": {"id": "TRE2-SKC-013982A-02", "district_id": "TRE2-SKC-013982A", "belt_id": null, "kind": "skarn_copper", "name": "copper skarn", "tonnage_mt": 0.0426, "grades": {"Cu %": 1.8425, "Au g/t": 0.3427, "Ag g/t": 8.3783, "S %": 1.8553}, "depth_m": 158, "blind": false, "strike_deg": 87, "dip_deg": 64, "length_m": 809, "width_m": 94.6, "shape": "lens", "host": "carbonate", "chance": 0.15, "seen_by": {"magnetics": true, "geochemistry": false, "ip": true}, "water_depth_m": 0}}, {"type": "Feature", "geometry": {"type": "Point", "coordinates": [47.90271, -23.77575]}, "properties": {"id": "TRE2-SKC-014022A-01", "district_id": "TRE2-SKC-014022A", "belt_id": "TRE2-SKC-B0025", "kind": "skarn_copper", "name": "copper skarn", "tonnage_mt": 2.1008, "grades": {"Cu %": 1.5559, "Au g/t": 0.4334, "Ag g/t": 35.7616, "S %": 4.9722}, "depth_m": 120, "blind": false, "strike_deg": 79, "dip_deg": 31, "length_m": 554, "width_m": 225.7, "shape": "lens", "host": "carbonate", "chance": 0.4, "seen_by": {"magnetics": true, "geochemistry": false, "ip": true}, "water_depth_m": 0}}, {"type": "Feature", "geometry": {"type": "Point", "coordinates": [47.82757, -23.78851]}, "properties": {"id": "TRE2-SKC-014022A-02", "district_id": "TRE2-SKC-014022A", "belt_id": "TRE2-SKC-B0025", "kind": "skarn_copper", "name": "copper skarn", "tonnage_mt": 0.0005, "grades": {"Cu %": 4.7618, "Au g/t": 0.6221, "Ag g/t": 19.027, "S %": 4.268}, "depth_m": 0, "blind": false, "strike_deg": 85, "dip_deg": 34, "length_m": 1158, "width_m": 36.1, "shape": "lens", "host": "carbonate", "chance": 0.4, "seen_by": {"magnetics": true, "geochemistry": true, "ip": true}, "water_depth_m": 0}}, {"type": "Feature", "geometry": {"type": "Point", "coordinates": [47.61647, -23.87324]}, "properties": {"id": "TRE2-SKC-014022A-03", "district_id": "TRE2-SKC-014022A", "belt_id": "TRE2-SKC-B0025", "kind": "skarn_copper", "name": "copper skarn", "tonnage_mt": 0.0578, "grades": {"Cu %": 3.5994, "Au g/t": 0.8693, "Ag g/t": 21.5114, "S %": 3.0057}, "depth_m": 88, "blind": false, "strike_deg": 90, "dip_deg": 68, "length_m": 728, "width_m": 94.6, "shape": "lens", "host": "carbonate", "chance": 0.4, "seen_by": {"magnetics": true, "geochemistry": false, "ip": true}, "water_depth_m": 0}}, {"type": "Feature", "geometry": {"type": "Point", "coordinates": [-101.38139, 10.46187]}, "properties": {"id": "TRE2-SKW-008088A-01", "district_id": "TRE2-SKW-008088A", "belt_id": "TRE2-SKW-B0001", "kind": "skarn_tungsten", "name": "tungsten skarn", "tonnage_mt": 0.0096, "grades": {"WO3 %": 0.4319, "Mo %": 0.0281}, "depth_m": 0, "blind": false, "strike_deg": 90, "dip_deg": 47, "length_m": 592, "width_m": 45.8, "shape": "lens", "host": "carbonate", "chance": 0.292, "seen_by": {"geochemistry": true}, "water_depth_m": 0}}, {"type": "Feature", "geometry": {"type": "Point", "coordinates": [-101.27857, 10.48209]}, "properties": {"id": "TRE2-SKW-008088A-02", "district_id": "TRE2-SKW-008088A", "belt_id": "TRE2-SKW-B0001", "kind": "skarn_tungsten", "name": "tungsten skarn", "tonnage_mt": 0.3084, "grades": {"WO3 %": 0.5487, "Mo %": 0.0157}, "depth_m": 0, "blind": false, "strike_deg": 82, "dip_deg": 61, "length_m": 439, "width_m": 39.6, "shape": "lens", "host": "carbonate", "chance": 0.292, "seen_by": {"geochemistry": true}, "water_depth_m": 0}}, {"type": "Feature", "geometry": {"type": "Point", "coordinates": [-167.43101, -17.49076]}, "properties": {"id": "TRE2-SKW-013013A-01", "district_id": "TRE2-SKW-013013A", "belt_id": null, "kind": "skarn_tungsten", "name": "tungsten skarn", "tonnage_mt": 0.1496, "grades": {"WO3 %": 0.3893, "Mo %": 0.0192}, "depth_m": 0, "blind": false, "strike_deg": 7, "dip_deg": 58, "length_m": 530, "width_m": 82.7, "shape": "lens", "host": "carbonate", "chance": 0.042, "seen_by": {"geochemistry": true}, "water_depth_m": 0}}, {"type": "Feature", "geometry": {"type": "Point", "coordinates": [164.64609, 65.55191]}, "properties": {"id": "TRE2-LIP-000876A-01", "district_id": "TRE2-LIP-000876A", "belt_id": "TRE2-LIP-B0001", "kind": "lithium_pegmatite", "name": "lithium pegmatite (LCT)", "tonnage_mt": 0.0523, "grades": {"Li2O %": 1.0987, "Ta2O5 %": 0.0172, "Sn %": 0.0673}, "depth_m": 0, "blind": false, "strike_deg": 169, "dip_deg": 83, "length_m": 939, "width_m": 18.1, "shape": "veins", "host": "granite", "chance": 0.333, "seen_by": {"geochemistry": true, "radiometrics": true}, "water_depth_m": 0}}, {"type": "Feature", "geometry": {"type": "Point", "coordinates": [164.15658, 65.7894]}, "properties": {"id": "TRE2-LIP-000876A-02", "district_id": "TRE2-LIP-000876A", "belt_id": "TRE2-LIP-B0001", "kind": "lithium_pegmatite", "name": "lithium pegmatite (LCT)", "tonnage_mt": 6.9258, "grades": {"Li2O %": 2.6133, "Ta2O5 %": 0.0551, "Sn %": 0.0863}, "depth_m": 21, "blind": false, "strike_deg": 162, "dip_deg": 63, "length_m": 1448, "width_m": 19.6, "shape": "veins", "host": "granite", "chance": 0.333, "seen_by": {"geochemistry": true, "radiometrics": false}, "water_depth_m": 0}}, {"type": "Feature", "geometry": {"type": "Point", "coordinates": [164.34842, 65.70763]}, "properties": {"id": "TRE2-LIP-000876A-03", "district_id": "TRE2-LIP-000876A", "belt_id": "TRE2-LIP-B0001", "kind": "lithium_pegmatite", "name": "lithium pegmatite (LCT)", "tonnage_mt": 62.06, "grades": {"Li2O %": 2.0286, "Ta2O5 %": 0.0205, "Sn %": 0.0856}, "depth_m": 7, "blind": false, "strike_deg": 176, "dip_deg": 66, "length_m": 1983, "width_m": 40.7, "shape": "veins", "host": "granite", "chance": 0.333, "seen_by": {"geochemistry": true, "radiometrics": false}, "water_depth_m": 0}}, {"type": "Feature", "geometry": {"type": "Point", "coordinates": [164.86409, 65.24315]}, "properties": {"id": "TRE2-LIP-000876A-04", "district_id": "TRE2-LIP-000876A", "belt_id": "TRE2-LIP-B0001", "kind": "lithium_pegmatite", "name": "lithium pegmatite (LCT)", "tonnage_mt": 0.2741, "grades": {"Li2O %": 2.5799, "Ta2O5 %": 0.0194, "Sn %": 0.0273}, "depth_m": 0, "blind": false, "strike_deg": 158, "dip_deg": 90, "length_m": 1423, "width_m": 39.6, "shape": "veins", "host": "granite", "chance": 0.333, "seen_by": {"geochemistry": true, "radiometrics": true}, "water_depth_m": 0}}, {"type": "Feature", "geometry": {"type": "Point", "coordinates": [164.60324, 65.59657]}, "properties": {"id": "TRE2-LIP-000876A-05", "district_id": "TRE2-LIP-000876A", "belt_id": "TRE2-LIP-B0001", "kind": "lithium_pegmatite", "name": "lithium pegmatite (LCT)", "tonnage_mt": 0.6202, "grades": {"Li2O %": 1.636, "Ta2O5 %": 0.0142, "Sn %": 0.0399}, "depth_m": 0, "blind": false, "strike_deg": 166, "dip_deg": 70, "length_m": 1622, "width_m": 46.9, "shape": "veins", "host": "granite", "chance": 0.333, "seen_by": {"geochemistry": true, "radiometrics": true}, "water_depth_m": 0}}, {"type": "Feature", "geometry": {"type": "Point", "coordinates": [164.62242, 65.26946]}, "properties": {"id": "TRE2-LIP-000876A-06", "district_id": "TRE2-LIP-000876A", "belt_id": "TRE2-LIP-B0001", "kind": "lithium_pegmatite", "name": "lithium pegmatite (LCT)", "tonnage_mt": 16.8346, "grades": {"Li2O %": 1.2579, "Ta2O5 %": 0.0196, "Sn %": 0.0209}, "depth_m": 60, "blind": false, "strike_deg": 172, "dip_deg": 64, "length_m": 1205, "width_m": 51.0, "shape": "veins", "host": "granite", "chance": 0.333, "seen_by": {"geochemistry": false, "radiometrics": false}, "water_depth_m": 0}}, {"type": "Feature", "geometry": {"type": "Point", "coordinates": [164.37951, 65.80794]}, "properties": {"id": "TRE2-LIP-000876A-07", "district_id": "TRE2-LIP-000876A", "belt_id": "TRE2-LIP-B0001", "kind": "lithium_pegmatite", "name": "lithium pegmatite (LCT)", "tonnage_mt": 15.1533, "grades": {"Li2O %": 2.6852, "Ta2O5 %": 0.035, "Sn %": 0.0817}, "depth_m": 315, "blind": true, "strike_deg": 158, "dip_deg": 59, "length_m": 2068, "width_m": 16.2, "shape": "veins", "host": "granite", "chance": 0.333, "seen_by": {"geochemistry": false, "radiometrics": false}, "water_depth_m": 0}}, {"type": "Feature", "geometry": {"type": "Point", "coordinates": [164.3854, 65.7931]}, "properties": {"id": "TRE2-LIP-000876A-08", "district_id": "TRE2-LIP-000876A", "belt_id": "TRE2-LIP-B0001", "kind": "lithium_pegmatite", "name": "lithium pegmatite (LCT)", "tonnage_mt": 7.3874, "grades": {"Li2O %": 2.1762, "Ta2O5 %": 0.0346, "Sn %": 0.0377}, "depth_m": 114, "blind": false, "strike_deg": 144, "dip_deg": 56, "length_m": 1005, "width_m": 22.8, "shape": "veins", "host": "granite", "chance": 0.333, "seen_by": {"geochemistry": false, "radiometrics": false}, "water_depth_m": 0}}, {"type": "Feature", "geometry": {"type": "Point", "coordinates": [164.16496, 65.62871]}, "properties": {"id": "TRE2-LIP-000876A-09", "district_id": "TRE2-LIP-000876A", "belt_id": "TRE2-LIP-B0001", "kind": "lithium_pegmatite", "name": "lithium pegmatite (LCT)", "tonnage_mt": 1.1805, "grades": {"Li2O %": 1.16, "Ta2O5 %": 0.0347, "Sn %": 0.0414}, "depth_m": 0, "blind": false, "strike_deg": 176, "dip_deg": 60, "length_m": 2086, "width_m": 50.2, "shape": "veins", "host": "granite", "chance": 0.333, "seen_by": {"geochemistry": true, "radiometrics": true}, "water_depth_m": 0}}, {"type": "Feature", "geometry": {"type": "Point", "coordinates": [160.49339, 62.63971]}, "properties": {"id": "TRE2-LIP-001075A-01", "district_id": "TRE2-LIP-001075A", "belt_id": null, "kind": "lithium_pegmatite", "name": "lithium pegmatite (LCT)", "tonnage_mt": 1.662, "grades": {"Li2O %": 1.6462, "Ta2O5 %": 0.0204, "Sn %": 0.0338}, "depth_m": 0, "blind": false, "strike_deg": 168, "dip_deg": 84, "length_m": 797, "width_m": 62.2, "shape": "veins", "host": "granite", "chance": 0.083, "seen_by": {"geochemistry": true, "radiometrics": true}, "water_depth_m": 0}}, {"type": "Feature", "geometry": {"type": "Point", "coordinates": [160.14761, 62.55664]}, "properties": {"id": "TRE2-LIP-001075A-02", "district_id": "TRE2-LIP-001075A", "belt_id": null, "kind": "lithium_pegmatite", "name": "lithium pegmatite (LCT)", "tonnage_mt": 5.385, "grades": {"Li2O %": 2.5277, "Ta2O5 %": 0.019, "Sn %": 0.0521}, "depth_m": 28, "blind": false, "strike_deg": 168, "dip_deg": 82, "length_m": 1189, "width_m": 22.9, "shape": "veins", "host": "granite", "chance": 0.083, "seen_by": {"geochemistry": true, "radiometrics": false}, "water_depth_m": 0}}, {"type": "Feature", "geometry": {"type": "Point", "coordinates": [160.25717, 62.78513]}, "properties": {"id": "TRE2-LIP-001075A-03", "district_id": "TRE2-LIP-001075A", "belt_id": null, "kind": "lithium_pegmatite", "name": "lithium pegmatite (LCT)", "tonnage_mt": 0.7984, "grades": {"Li2O %": 1.2283, "Ta2O5 %": 0.0109, "Sn %": 0.034}, "depth_m": 0, "blind": false, "strike_deg": 179, "dip_deg": 69, "length_m": 2123, "width_m": 15.7, "shape": "veins", "host": "granite", "chance": 0.083, "seen_by": {"geochemistry": true, "radiometrics": true}, "water_depth_m": 0}}, {"type": "Feature", "geometry": {"type": "Point", "coordinates": [160.25545, 62.78317]}, "properties": {"id": "TRE2-LIP-001075A-04", "district_id": "TRE2-LIP-001075A", "belt_id": null, "kind": "lithium_pegmatite", "name": "lithium pegmatite (LCT)", "tonnage_mt": 6.2934, "grades": {"Li2O %": 1.904, "Ta2O5 %": 0.026, "Sn %": 0.0761}, "depth_m": 238, "blind": false, "strike_deg": 172, "dip_deg": 77, "length_m": 1125, "width_m": 31.6, "shape": "veins", "host": "granite", "chance": 0.083, "seen_by": {"geochemistry": false, "radiometrics": false}, "water_depth_m": 0}}, {"type": "Feature", "geometry": {"type": "Point", "coordinates": [160.17426, 62.70662]}, "properties": {"id": "TRE2-LIP-001075A-05", "district_id": "TRE2-LIP-001075A", "belt_id": null, "kind": "lithium_pegmatite", "name": "lithium pegmatite (LCT)", "tonnage_mt": 0.0377, "grades": {"Li2O %": 1.8434, "Ta2O5 %": 0.0866, "Sn %": 0.0347}, "depth_m": 0, "blind": false, "strike_deg": 162, "dip_deg": 76, "length_m": 1732, "width_m": 16.1, "shape": "veins", "host": "granite", "chance": 0.083, "seen_by": {"geochemistry": true, "radiometrics": true}, "water_depth_m": 0}}, {"type": "Feature", "geometry": {"type": "Point", "coordinates": [-101.78428, 56.26036]}, "properties": {"id": "TRE2-LIP-001700A-01", "district_id": "TRE2-LIP-001700A", "belt_id": null, "kind": "lithium_pegmatite", "name": "lithium pegmatite (LCT)", "tonnage_mt": 1.7197, "grades": {"Li2O %": 2.3841, "Ta2O5 %": 0.0161, "Sn %": 0.0493}, "depth_m": 0, "blind": false, "strike_deg": 139, "dip_deg": 79, "length_m": 1802, "width_m": 24.6, "shape": "veins", "host": "granite", "chance": 0.042, "seen_by": {"geochemistry": true, "radiometrics": true}, "water_depth_m": 0}}, {"type": "Feature", "geometry": {"type": "Point", "coordinates": [-101.21219, 56.09891]}, "properties": {"id": "TRE2-LIP-001700A-02", "district_id": "TRE2-LIP-001700A", "belt_id": null, "kind": "lithium_pegmatite", "name": "lithium pegmatite (LCT)", "tonnage_mt": 0.6225, "grades": {"Li2O %": 0.9531, "Ta2O5 %": 0.0222, "Sn %": 0.0413}, "depth_m": 0, "blind": false, "strike_deg": 123, "dip_deg": 87, "length_m": 2427, "width_m": 13.4, "shape": "veins", "host": "granite", "chance": 0.042, "seen_by": {"geochemistry": true, "radiometrics": true}, "water_depth_m": 0}}, {"type": "Feature", "geometry": {"type": "Point", "coordinates": [-101.37254, 56.11011]}, "properties": {"id": "TRE2-LIP-001700A-03", "district_id": "TRE2-LIP-001700A", "belt_id": null, "kind": "lithium_pegmatite", "name": "lithium pegmatite (LCT)", "tonnage_mt": 0.0095, "grades": {"Li2O %": 1.8534, "Ta2O5 %": 0.018, "Sn %": 0.0984}, "depth_m": 0, "blind": false, "strike_deg": 126, "dip_deg": 73, "length_m": 1133, "width_m": 19.3, "shape": "veins", "host": "granite", "chance": 0.042, "seen_by": {"geochemistry": true, "radiometrics": true}, "water_depth_m": 0}}, {"type": "Feature", "geometry": {"type": "Point", "coordinates": [-112.47497, 35.64498]}, "properties": {"id": "TRE2-LIP-004127A-01", "district_id": "TRE2-LIP-004127A", "belt_id": "TRE2-LIP-B0021", "kind": "lithium_pegmatite", "name": "lithium pegmatite (LCT)", "tonnage_mt": 0.5476, "grades": {"Li2O %": 1.2544, "Ta2O5 %": 0.0288, "Sn %": 0.0446}, "depth_m": 0, "blind": false, "strike_deg": 43, "dip_deg": 58, "length_m": 1645, "width_m": 24.7, "shape": "veins", "host": "granite", "chance": 0.292, "seen_by": {"geochemistry": true, "radiometrics": true}, "water_depth_m": 0}}, {"type": "Feature", "geometry": {"type": "Point", "coordinates": [-112.50984, 35.82478]}, "properties": {"id": "TRE2-LIP-004127A-02", "district_id": "TRE2-LIP-004127A", "belt_id": "TRE2-LIP-B0021", "kind": "lithium_pegmatite", "name": "lithium pegmatite (LCT)", "tonnage_mt": 0.7029, "grades": {"Li2O %": 1.5813, "Ta2O5 %": 0.0288, "Sn %": 0.0365}, "depth_m": 0, "blind": false, "strike_deg": 63, "dip_deg": 58, "length_m": 1377, "width_m": 37.0, "shape": "veins", "host": "granite", "chance": 0.292, "seen_by": {"geochemistry": true, "radiometrics": true}, "water_depth_m": 0}}, {"type": "Feature", "geometry": {"type": "Point", "coordinates": [-112.80039, 35.74937]}, "properties": {"id": "TRE2-LIP-004127A-03", "district_id": "TRE2-LIP-004127A", "belt_id": "TRE2-LIP-B0021", "kind": "lithium_pegmatite", "name": "lithium pegmatite (LCT)", "tonnage_mt": 0.3027, "grades": {"Li2O %": 0.8689, "Ta2O5 %": 0.023, "Sn %": 0.0489}, "depth_m": 0, "blind": false, "strike_deg": 43, "dip_deg": 60, "length_m": 2208, "width_m": 16.4, "shape": "veins", "host": "granite", "chance": 0.292, "seen_by": {"geochemistry": true, "radiometrics": true}, "water_depth_m": 0}}, {"type": "Feature", "geometry": {"type": "Point", "coordinates": [-112.25248, 35.99249]}, "properties": {"id": "TRE2-LIP-004127A-04", "district_id": "TRE2-LIP-004127A", "belt_id": "TRE2-LIP-B0021", "kind": "lithium_pegmatite", "name": "lithium pegmatite (LCT)", "tonnage_mt": 2.6795, "grades": {"Li2O %": 1.0658, "Ta2O5 %": 0.0259, "Sn %": 0.0777}, "depth_m": 0, "blind": false, "strike_deg": 60, "dip_deg": 81, "length_m": 3015, "width_m": 60.5, "shape": "veins", "host": "granite", "chance": 0.292, "seen_by": {"geochemistry": true, "radiometrics": true}, "water_depth_m": 0}}, {"type": "Feature", "geometry": {"type": "Point", "coordinates": [-112.67522, 35.62152]}, "properties": {"id": "TRE2-LIP-004127A-05", "district_id": "TRE2-LIP-004127A", "belt_id": "TRE2-LIP-B0021", "kind": "lithium_pegmatite", "name": "lithium pegmatite (LCT)", "tonnage_mt": 0.5619, "grades": {"Li2O %": 0.9967, "Ta2O5 %": 0.0117, "Sn %": 0.0511}, "depth_m": 0, "blind": false, "strike_deg": 50, "dip_deg": 80, "length_m": 1149, "width_m": 26.5, "shape": "veins", "host": "granite", "chance": 0.292, "seen_by": {"geochemistry": true, "radiometrics": true}, "water_depth_m": 0}}, {"type": "Feature", "geometry": {"type": "Point", "coordinates": [-112.90545, 35.48393]}, "properties": {"id": "TRE2-LIP-004127A-06", "district_id": "TRE2-LIP-004127A", "belt_id": "TRE2-LIP-B0021", "kind": "lithium_pegmatite", "name": "lithium pegmatite (LCT)", "tonnage_mt": 50.1143, "grades": {"Li2O %": 2.0654, "Ta2O5 %": 0.0308, "Sn %": 0.031}, "depth_m": 0, "blind": false, "strike_deg": 49, "dip_deg": 55, "length_m": 3106, "width_m": 33.9, "shape": "veins", "host": "granite", "chance": 0.292, "seen_by": {"geochemistry": true, "radiometrics": true}, "water_depth_m": 0}}, {"type": "Feature", "geometry": {"type": "Point", "coordinates": [-158.37362, -82.59001]}, "properties": {"id": "TRE2-LIP-019901A-01", "district_id": "TRE2-LIP-019901A", "belt_id": null, "kind": "lithium_pegmatite", "name": "lithium pegmatite (LCT)", "tonnage_mt": 3.1362, "grades": {"Li2O %": 1.8436, "Ta2O5 %": 0.0161, "Sn %": 0.0501}, "depth_m": 32, "blind": false, "strike_deg": 124, "dip_deg": 55, "length_m": 1093, "width_m": 27.5, "shape": "veins", "host": "granite", "chance": 0.042, "seen_by": {"geochemistry": true, "radiometrics": false}, "water_depth_m": 0}}, {"type": "Feature", "geometry": {"type": "Point", "coordinates": [-158.33493, -82.44898]}, "properties": {"id": "TRE2-LIP-019901A-02", "district_id": "TRE2-LIP-019901A", "belt_id": null, "kind": "lithium_pegmatite", "name": "lithium pegmatite (LCT)", "tonnage_mt": 11.2547, "grades": {"Li2O %": 1.478, "Ta2O5 %": 0.0263, "Sn %": 0.098}, "depth_m": 106, "blind": false, "strike_deg": 107, "dip_deg": 59, "length_m": 3073, "width_m": 26.5, "shape": "veins", "host": "granite", "chance": 0.042, "seen_by": {"geochemistry": false, "radiometrics": false}, "water_depth_m": 0}}, {"type": "Feature", "geometry": {"type": "Point", "coordinates": [-160.38215, -82.43918]}, "properties": {"id": "TRE2-LIP-019901A-03", "district_id": "TRE2-LIP-019901A", "belt_id": null, "kind": "lithium_pegmatite", "name": "lithium pegmatite (LCT)", "tonnage_mt": 8.0734, "grades": {"Li2O %": 1.1189, "Ta2O5 %": 0.0176, "Sn %": 0.0629}, "depth_m": 313, "blind": true, "strike_deg": 110, "dip_deg": 89, "length_m": 704, "width_m": 27.3, "shape": "veins", "host": "granite", "chance": 0.042, "seen_by": {"geochemistry": false, "radiometrics": false}, "water_depth_m": 0}}, {"type": "Feature", "geometry": {"type": "Point", "coordinates": [-157.42578, -82.79579]}, "properties": {"id": "TRE2-LIP-019901A-04", "district_id": "TRE2-LIP-019901A", "belt_id": null, "kind": "lithium_pegmatite", "name": "lithium pegmatite (LCT)", "tonnage_mt": 0.4874, "grades": {"Li2O %": 1.3911, "Ta2O5 %": 0.0197, "Sn %": 0.0348}, "depth_m": 0, "blind": false, "strike_deg": 95, "dip_deg": 75, "length_m": 1572, "width_m": 18.9, "shape": "veins", "host": "granite", "chance": 0.042, "seen_by": {"geochemistry": true, "radiometrics": true}, "water_depth_m": 0}}, {"type": "Feature", "geometry": {"type": "Point", "coordinates": [-113.59011, 45.76632]}, "properties": {"id": "TRE2-IOC-002907A-01", "district_id": "TRE2-IOC-002907A", "belt_id": null, "kind": "iocg", "name": "iron oxide\u2013copper\u2013gold (IOCG)", "tonnage_mt": 63.0374, "grades": {"Cu %": 1.5872, "Au g/t": 0.2986, "U3O8 %": 0.0259, "Fe %": 30.2743}, "depth_m": 239, "blind": false, "strike_deg": 94, "dip_deg": 90, "length_m": 4118, "width_m": 943.2, "shape": "stock", "host": "basement", "chance": 0.067, "seen_by": {"gravity": true, "magnetics": true, "radiometrics": false}, "water_depth_m": 0}}, {"type": "Feature", "geometry": {"type": "Point", "coordinates": [-113.2536, 45.46925]}, "properties": {"id": "TRE2-IOC-002907A-02", "district_id": "TRE2-IOC-002907A", "belt_id": null, "kind": "iocg", "name": "iron oxide\u2013copper\u2013gold (IOCG)", "tonnage_mt": 1.4905, "grades": {"Cu %": 0.8811, "Au g/t": 0.3898, "U3O8 %": 0.0188, "Fe %": 33.3695}, "depth_m": 0, "blind": false, "strike_deg": 92, "dip_deg": 90, "length_m": 1723, "width_m": 460.2, "shape": "stock", "host": "basement", "chance": 0.067, "seen_by": {"gravity": true, "magnetics": true, "radiometrics": true}, "water_depth_m": 0}}, {"type": "Feature", "geometry": {"type": "Point", "coordinates": [-15.25429, -9.86552]}, "properties": {"id": "TRE2-IOC-011750A-01", "district_id": "TRE2-IOC-011750A", "belt_id": null, "kind": "iocg", "name": "iron oxide\u2013copper\u2013gold (IOCG)", "tonnage_mt": 9.7236, "grades": {"Cu %": 0.9872, "Au g/t": 0.2877, "U3O8 %": 0.0129, "Fe %": 24.6275}, "depth_m": 0, "blind": false, "strike_deg": 126, "dip_deg": 90, "length_m": 3793, "width_m": 1418.0, "shape": "stock", "host": "basement", "chance": 0.1, "seen_by": {"gravity": true, "magnetics": true, "radiometrics": true}, "water_depth_m": 0}}, {"type": "Feature", "geometry": {"type": "Point", "coordinates": [-15.15522, -9.79476]}, "properties": {"id": "TRE2-IOC-011750A-02", "district_id": "TRE2-IOC-011750A", "belt_id": null, "kind": "iocg", "name": "iron oxide\u2013copper\u2013gold (IOCG)", "tonnage_mt": 566.4121, "grades": {"Cu %": 0.8384, "Au g/t": 0.6024, "U3O8 %": 0.017, "Fe %": 22.3286}, "depth_m": 89, "blind": false, "strike_deg": 131, "dip_deg": 90, "length_m": 3125, "width_m": 683.7, "shape": "stock", "host": "basement", "chance": 0.1, "seen_by": {"gravity": true, "magnetics": true, "radiometrics": false}, "water_depth_m": 0}}, {"type": "Feature", "geometry": {"type": "Point", "coordinates": [-15.24723, -10.12991]}, "properties": {"id": "TRE2-IOC-011750A-03", "district_id": "TRE2-IOC-011750A", "belt_id": null, "kind": "iocg", "name": "iron oxide\u2013copper\u2013gold (IOCG)", "tonnage_mt": 66.6576, "grades": {"Cu %": 1.2584, "Au g/t": 0.4077, "U3O8 %": 0.0202, "Fe %": 17.5973}, "depth_m": 123, "blind": false, "strike_deg": 139, "dip_deg": 90, "length_m": 5784, "width_m": 754.2, "shape": "stock", "host": "basement", "chance": 0.1, "seen_by": {"gravity": true, "magnetics": true, "radiometrics": false}, "water_depth_m": 0}}, {"type": "Feature", "geometry": {"type": "Point", "coordinates": [-160.63213, -23.8216]}, "properties": {"id": "TRE2-IOC-014123A-01", "district_id": "TRE2-IOC-014123A", "belt_id": null, "kind": "iocg", "name": "iron oxide\u2013copper\u2013gold (IOCG)", "tonnage_mt": 0.1915, "grades": {"Cu %": 0.8948, "Au g/t": 0.4364, "U3O8 %": 0.0099, "Fe %": 18.2798}, "depth_m": 0, "blind": false, "strike_deg": 96, "dip_deg": 90, "length_m": 3004, "width_m": 687.7, "shape": "stock", "host": "basement", "chance": 0.067, "seen_by": {"gravity": true, "magnetics": true, "radiometrics": true}, "water_depth_m": 0}}, {"type": "Feature", "geometry": {"type": "Point", "coordinates": [-160.56984, -23.90118]}, "properties": {"id": "TRE2-IOC-014123A-02", "district_id": "TRE2-IOC-014123A", "belt_id": null, "kind": "iocg", "name": "iron oxide\u2013copper\u2013gold (IOCG)", "tonnage_mt": 6.2594, "grades": {"Cu %": 1.3753, "Au g/t": 0.2496, "U3O8 %": 0.0167, "Fe %": 28.632}, "depth_m": 0, "blind": false, "strike_deg": 94, "dip_deg": 90, "length_m": 3389, "width_m": 1012.6, "shape": "stock", "host": "basement", "chance": 0.067, "seen_by": {"gravity": true, "magnetics": true, "radiometrics": true}, "water_depth_m": 0}}, {"type": "Feature", "geometry": {"type": "Point", "coordinates": [-160.69714, -24.19904]}, "properties": {"id": "TRE2-IOC-014123A-03", "district_id": "TRE2-IOC-014123A", "belt_id": null, "kind": "iocg", "name": "iron oxide\u2013copper\u2013gold (IOCG)", "tonnage_mt": 15.2182, "grades": {"Cu %": 0.8784, "Au g/t": 0.6178, "U3O8 %": 0.0274, "Fe %": 27.6317}, "depth_m": 0, "blind": false, "strike_deg": 95, "dip_deg": 90, "length_m": 2166, "width_m": 1080.8, "shape": "stock", "host": "basement", "chance": 0.067, "seen_by": {"gravity": true, "magnetics": true, "radiometrics": true}, "water_depth_m": 0}}, {"type": "Feature", "geometry": {"type": "Point", "coordinates": [-160.72731, -24.04707]}, "properties": {"id": "TRE2-IOC-014123A-04", "district_id": "TRE2-IOC-014123A", "belt_id": null, "kind": "iocg", "name": "iron oxide\u2013copper\u2013gold (IOCG)", "tonnage_mt": 2256.9489, "grades": {"Cu %": 1.1184, "Au g/t": 0.3347, "U3O8 %": 0.0157, "Fe %": 24.9049}, "depth_m": 115, "blind": false, "strike_deg": 91, "dip_deg": 90, "length_m": 3887, "width_m": 1773.4, "shape": "stock", "host": "basement", "chance": 0.067, "seen_by": {"gravity": true, "magnetics": true, "radiometrics": false}, "water_depth_m": 0}}, {"type": "Feature", "geometry": {"type": "Point", "coordinates": [-161.51677, -23.66225]}, "properties": {"id": "TRE2-IOC-014123A-05", "district_id": "TRE2-IOC-014123A", "belt_id": null, "kind": "iocg", "name": "iron oxide\u2013copper\u2013gold (IOCG)", "tonnage_mt": 2.6379, "grades": {"Cu %": 0.9196, "Au g/t": 0.7354, "U3O8 %": 0.039, "Fe %": 23.1493}, "depth_m": 64, "blind": false, "strike_deg": 95, "dip_deg": 90, "length_m": 1479, "width_m": 829.1, "shape": "stock", "host": "basement", "chance": 0.067, "seen_by": {"gravity": true, "magnetics": true, "radiometrics": false}, "water_depth_m": 0}}, {"type": "Feature", "geometry": {"type": "Point", "coordinates": [40.0121, -33.8767]}, "properties": {"id": "TRE2-IOC-015640A-01", "district_id": "TRE2-IOC-015640A", "belt_id": "TRE2-IOC-B0024", "kind": "iocg", "name": "iron oxide\u2013copper\u2013gold (IOCG)", "tonnage_mt": 6.851, "grades": {"Cu %": 1.1859, "Au g/t": 0.3667, "U3O8 %": 0.0418, "Fe %": 39.8627}, "depth_m": 0, "blind": false, "strike_deg": 133, "dip_deg": 90, "length_m": 1608, "width_m": 1362.9, "shape": "stock", "host": "basement", "chance": 0.267, "seen_by": {"gravity": true, "magnetics": true, "radiometrics": true}, "water_depth_m": 0}}, {"type": "Feature", "geometry": {"type": "Point", "coordinates": [39.85607, -33.9098]}, "properties": {"id": "TRE2-IOC-015640A-02", "district_id": "TRE2-IOC-015640A", "belt_id": "TRE2-IOC-B0024", "kind": "iocg", "name": "iron oxide\u2013copper\u2013gold (IOCG)", "tonnage_mt": 21.6916, "grades": {"Cu %": 2.0213, "Au g/t": 0.4655, "U3O8 %": 0.0263, "Fe %": 9.6633}, "depth_m": 114, "blind": false, "strike_deg": 126, "dip_deg": 90, "length_m": 1679, "width_m": 645.9, "shape": "stock", "host": "basement", "chance": 0.267, "seen_by": {"gravity": true, "magnetics": true, "radiometrics": false}, "water_depth_m": 0}}, {"type": "Feature", "geometry": {"type": "Point", "coordinates": [39.73574, -33.70236]}, "properties": {"id": "TRE2-IOC-015640A-03", "district_id": "TRE2-IOC-015640A", "belt_id": "TRE2-IOC-B0024", "kind": "iocg", "name": "iron oxide\u2013copper\u2013gold (IOCG)", "tonnage_mt": 74.0601, "grades": {"Cu %": 1.0423, "Au g/t": 0.2034, "U3O8 %": 0.018, "Fe %": 26.0536}, "depth_m": 91, "blind": false, "strike_deg": 118, "dip_deg": 90, "length_m": 3174, "width_m": 1190.4, "shape": "stock", "host": "basement", "chance": 0.267, "seen_by": {"gravity": true, "magnetics": true, "radiometrics": false}, "water_depth_m": 0}}, {"type": "Feature", "geometry": {"type": "Point", "coordinates": [40.80189, -34.10166]}, "properties": {"id": "TRE2-IOC-015640A-04", "district_id": "TRE2-IOC-015640A", "belt_id": "TRE2-IOC-B0024", "kind": "iocg", "name": "iron oxide\u2013copper\u2013gold (IOCG)", "tonnage_mt": 118.2311, "grades": {"Cu %": 0.7971, "Au g/t": 0.8735, "U3O8 %": 0.0178, "Fe %": 37.5266}, "depth_m": 62, "blind": false, "strike_deg": 141, "dip_deg": 90, "length_m": 2503, "width_m": 1245.2, "shape": "stock", "host": "basement", "chance": 0.267, "seen_by": {"gravity": true, "magnetics": true, "radiometrics": false}, "water_depth_m": 0}}, {"type": "Feature", "geometry": {"type": "Point", "coordinates": [40.05802, -33.5652]}, "properties": {"id": "TRE2-IOC-015640A-05", "district_id": "TRE2-IOC-015640A", "belt_id": "TRE2-IOC-B0024", "kind": "iocg", "name": "iron oxide\u2013copper\u2013gold (IOCG)", "tonnage_mt": 127.1756, "grades": {"Cu %": 1.4681, "Au g/t": 0.4525, "U3O8 %": 0.0199, "Fe %": 98.8199}, "depth_m": 22, "blind": false, "strike_deg": 124, "dip_deg": 90, "length_m": 3089, "width_m": 488.5, "shape": "stock", "host": "basement", "chance": 0.267, "seen_by": {"gravity": true, "magnetics": true, "radiometrics": false}, "water_depth_m": 0}}, {"type": "Feature", "geometry": {"type": "Point", "coordinates": [114.23428, -43.91016]}, "properties": {"id": "TRE2-IOC-016938A-01", "district_id": "TRE2-IOC-016938A", "belt_id": null, "kind": "iocg", "name": "iron oxide\u2013copper\u2013gold (IOCG)", "tonnage_mt": 31.6537, "grades": {"Cu %": 2.0378, "Au g/t": 0.4727, "U3O8 %": 0.0122, "Fe %": 28.9029}, "depth_m": 159, "blind": false, "strike_deg": 64, "dip_deg": 90, "length_m": 3286, "width_m": 1508.4, "shape": "stock", "host": "basement", "chance": 0.033, "seen_by": {"gravity": true, "magnetics": true, "radiometrics": false}, "water_depth_m": 0}}, {"type": "Feature", "geometry": {"type": "Point", "coordinates": [114.34806, -43.60433]}, "properties": {"id": "TRE2-IOC-016938A-02", "district_id": "TRE2-IOC-016938A", "belt_id": null, "kind": "iocg", "name": "iron oxide\u2013copper\u2013gold (IOCG)", "tonnage_mt": 1.2671, "grades": {"Cu %": 1.0287, "Au g/t": 0.4167, "U3O8 %": 0.0256, "Fe %": 30.1169}, "depth_m": 0, "blind": false, "strike_deg": 67, "dip_deg": 90, "length_m": 1350, "width_m": 1307.5, "shape": "stock", "host": "basement", "chance": 0.033, "seen_by": {"gravity": true, "magnetics": true, "radiometrics": true}, "water_depth_m": 0}}, {"type": "Feature", "geometry": {"type": "Point", "coordinates": [113.61138, -43.91352]}, "properties": {"id": "TRE2-IOC-016938A-03", "district_id": "TRE2-IOC-016938A", "belt_id": null, "kind": "iocg", "name": "iron oxide\u2013copper\u2013gold (IOCG)", "tonnage_mt": 30.6937, "grades": {"Cu %": 0.923, "Au g/t": 0.9874, "U3O8 %": 0.0245, "Fe %": 35.622}, "depth_m": 156, "blind": false, "strike_deg": 74, "dip_deg": 90, "length_m": 3158, "width_m": 885.8, "shape": "stock", "host": "basement", "chance": 0.033, "seen_by": {"gravity": true, "magnetics": true, "radiometrics": false}, "water_depth_m": 0}}, {"type": "Feature", "geometry": {"type": "Point", "coordinates": [113.99276, -43.78269]}, "properties": {"id": "TRE2-IOC-016938A-04", "district_id": "TRE2-IOC-016938A", "belt_id": null, "kind": "iocg", "name": "iron oxide\u2013copper\u2013gold (IOCG)", "tonnage_mt": 594.3087, "grades": {"Cu %": 0.5157, "Au g/t": 0.8745, "U3O8 %": 0.0243, "Fe %": 39.4619}, "depth_m": 159, "blind": false, "strike_deg": 73, "dip_deg": 90, "length_m": 2443, "width_m": 1035.2, "shape": "stock", "host": "basement", "chance": 0.033, "seen_by": {"gravity": true, "magnetics": true, "radiometrics": false}, "water_depth_m": 0}}, {"type": "Feature", "geometry": {"type": "Point", "coordinates": [114.29784, -43.97087]}, "properties": {"id": "TRE2-IOC-016938A-05", "district_id": "TRE2-IOC-016938A", "belt_id": null, "kind": "iocg", "name": "iron oxide\u2013copper\u2013gold (IOCG)", "tonnage_mt": 315.9884, "grades": {"Cu %": 0.8608, "Au g/t": 0.7492, "U3O8 %": 0.0147, "Fe %": 19.1774}, "depth_m": 243, "blind": false, "strike_deg": 52, "dip_deg": 90, "length_m": 2949, "width_m": 2469.7, "shape": "stock", "host": "basement", "chance": 0.033, "seen_by": {"gravity": true, "magnetics": true, "radiometrics": false}, "water_depth_m": 0}}, {"type": "Feature", "geometry": {"type": "Point", "coordinates": [-23.19048, 73.69531]}, "properties": {"id": "TRE2-CAU-000414A-01", "district_id": "TRE2-CAU-000414A", "belt_id": null, "kind": "carlin_gold", "name": "Carlin-type gold", "tonnage_mt": 0.7243, "grades": {"Au g/t": 1.3171, "As %": 0.3679}, "depth_m": 181, "blind": false, "strike_deg": 66, "dip_deg": 24, "length_m": 3200, "width_m": 232.9, "shape": "strata", "host": "clastic", "chance": 0.042, "seen_by": {"geochemistry": false}, "water_depth_m": 0}}, {"type": "Feature", "geometry": {"type": "Point", "coordinates": [-25.64359, 73.19367]}, "properties": {"id": "TRE2-CAU-000414A-02", "district_id": "TRE2-CAU-000414A", "belt_id": null, "kind": "carlin_gold", "name": "Carlin-type gold", "tonnage_mt": 0.1789, "grades": {"Au g/t": 1.7484, "As %": 0.2314}, "depth_m": 0, "blind": false, "strike_deg": 68, "dip_deg": 6, "length_m": 2885, "width_m": 274.9, "shape": "strata", "host": "clastic", "chance": 0.042, "seen_by": {"geochemistry": true}, "water_depth_m": 0}}, {"type": "Feature", "geometry": {"type": "Point", "coordinates": [-25.08875, 73.34957]}, "properties": {"id": "TRE2-CAU-000414A-03", "district_id": "TRE2-CAU-000414A", "belt_id": null, "kind": "carlin_gold", "name": "Carlin-type gold", "tonnage_mt": 8.1508, "grades": {"Au g/t": 1.1491, "As %": 0.5403}, "depth_m": 96, "blind": false, "strike_deg": 61, "dip_deg": 39, "length_m": 2881, "width_m": 311.4, "shape": "strata", "host": "clastic", "chance": 0.042, "seen_by": {"geochemistry": false}, "water_depth_m": 0}}, {"type": "Feature", "geometry": {"type": "Point", "coordinates": [-23.89667, 73.64793]}, "properties": {"id": "TRE2-CAU-000414A-04", "district_id": "TRE2-CAU-000414A", "belt_id": null, "kind": "carlin_gold", "name": "Carlin-type gold", "tonnage_mt": 59.6308, "grades": {"Au g/t": 1.9445, "As %": 0.3619}, "depth_m": 40, "blind": false, "strike_deg": 69, "dip_deg": 6, "length_m": 2627, "width_m": 395.3, "shape": "strata", "host": "clastic", "chance": 0.042, "seen_by": {"geochemistry": true}, "water_depth_m": 0}}, {"type": "Feature", "geometry": {"type": "Point", "coordinates": [-27.37587, 73.64992]}, "properties": {"id": "TRE2-CAU-000414B-01", "district_id": "TRE2-CAU-000414B", "belt_id": null, "kind": "carlin_gold", "name": "Carlin-type gold", "tonnage_mt": 26.9821, "grades": {"Au g/t": 5.2639, "As %": 0.3287}, "depth_m": 38, "blind": false, "strike_deg": 63, "dip_deg": 31, "length_m": 1711, "width_m": 222.9, "shape": "strata", "host": "clastic", "chance": 0.042, "seen_by": {"geochemistry": true}, "water_depth_m": 0}}, {"type": "Feature", "geometry": {"type": "Point", "coordinates": [-27.91616, 73.44933]}, "properties": {"id": "TRE2-CAU-000414B-02", "district_id": "TRE2-CAU-000414B", "belt_id": null, "kind": "carlin_gold", "name": "Carlin-type gold", "tonnage_mt": 0.7754, "grades": {"Au g/t": 1.231, "As %": 0.4142}, "depth_m": 0, "blind": false, "strike_deg": 67, "dip_deg": 30, "length_m": 3092, "width_m": 269.6, "shape": "strata", "host": "clastic", "chance": 0.042, "seen_by": {"geochemistry": true}, "water_depth_m": 0}}, {"type": "Feature", "geometry": {"type": "Point", "coordinates": [-28.8719, 73.36742]}, "properties": {"id": "TRE2-CAU-000414B-03", "district_id": "TRE2-CAU-000414B", "belt_id": null, "kind": "carlin_gold", "name": "Carlin-type gold", "tonnage_mt": 4.616, "grades": {"Au g/t": 2.0536, "As %": 0.5368}, "depth_m": 0, "blind": false, "strike_deg": 37, "dip_deg": 12, "length_m": 982, "width_m": 233.8, "shape": "strata", "host": "clastic", "chance": 0.042, "seen_by": {"geochemistry": true}, "water_depth_m": 0}}, {"type": "Feature", "geometry": {"type": "Point", "coordinates": [-30.49531, 73.11343]}, "properties": {"id": "TRE2-CAU-000414B-04", "district_id": "TRE2-CAU-000414B", "belt_id": null, "kind": "carlin_gold", "name": "Carlin-type gold", "tonnage_mt": 8.9009, "grades": {"Au g/t": 1.8614, "As %": 0.3818}, "depth_m": 359, "blind": true, "strike_deg": 48, "dip_deg": 36, "length_m": 1045, "width_m": 550.5, "shape": "strata", "host": "clastic", "chance": 0.042, "seen_by": {"geochemistry": false}, "water_depth_m": 0}}, {"type": "Feature", "geometry": {"type": "Point", "coordinates": [-28.92608, 73.32267]}, "properties": {"id": "TRE2-CAU-000414B-05", "district_id": "TRE2-CAU-000414B", "belt_id": null, "kind": "carlin_gold", "name": "Carlin-type gold", "tonnage_mt": 19.9893, "grades": {"Au g/t": 4.8154, "As %": 0.1651}, "depth_m": 45, "blind": false, "strike_deg": 43, "dip_deg": 37, "length_m": 2390, "width_m": 300.3, "shape": "strata", "host": "clastic", "chance": 0.042, "seen_by": {"geochemistry": true}, "water_depth_m": 0}}, {"type": "Feature", "geometry": {"type": "Point", "coordinates": [-27.33695, 73.58452]}, "properties": {"id": "TRE2-CAU-000414B-06", "district_id": "TRE2-CAU-000414B", "belt_id": null, "kind": "carlin_gold", "name": "Carlin-type gold", "tonnage_mt": 2.7216, "grades": {"Au g/t": 1.5558, "As %": 0.3341}, "depth_m": 211, "blind": false, "strike_deg": 69, "dip_deg": 40, "length_m": 1529, "width_m": 342.5, "shape": "strata", "host": "clastic", "chance": 0.042, "seen_by": {"geochemistry": false}, "water_depth_m": 0}}, {"type": "Feature", "geometry": {"type": "Point", "coordinates": [-29.84813, 73.05927]}, "properties": {"id": "TRE2-CAU-000414B-07", "district_id": "TRE2-CAU-000414B", "belt_id": null, "kind": "carlin_gold", "name": "Carlin-type gold", "tonnage_mt": 0.1233, "grades": {"Au g/t": 2.5889, "As %": 0.3246}, "depth_m": 0, "blind": false, "strike_deg": 63, "dip_deg": 36, "length_m": 1510, "width_m": 260.1, "shape": "strata", "host": "clastic", "chance": 0.042, "seen_by": {"geochemistry": true}, "water_depth_m": 0}}, {"type": "Feature", "geometry": {"type": "Point", "coordinates": [-27.63468, 73.47812]}, "properties": {"id": "TRE2-CAU-000414B-08", "district_id": "TRE2-CAU-000414B", "belt_id": null, "kind": "carlin_gold", "name": "Carlin-type gold", "tonnage_mt": 0.9595, "grades": {"Au g/t": 2.9421, "As %": 0.2538}, "depth_m": 210, "blind": false, "strike_deg": 58, "dip_deg": 11, "length_m": 1723, "width_m": 302.9, "shape": "strata", "host": "clastic", "chance": 0.042, "seen_by": {"geochemistry": false}, "water_depth_m": 0}}, {"type": "Feature", "geometry": {"type": "Point", "coordinates": [-27.80638, 73.32923]}, "properties": {"id": "TRE2-CAU-000414B-09", "district_id": "TRE2-CAU-000414B", "belt_id": null, "kind": "carlin_gold", "name": "Carlin-type gold", "tonnage_mt": 0.3039, "grades": {"Au g/t": 1.916, "As %": 0.3285}, "depth_m": 189, "blind": false, "strike_deg": 59, "dip_deg": 31, "length_m": 2230, "width_m": 238.7, "shape": "strata", "host": "clastic", "chance": 0.042, "seen_by": {"geochemistry": false}, "water_depth_m": 0}}, {"type": "Feature", "geometry": {"type": "Point", "coordinates": [-31.74681, 72.8841]}, "properties": {"id": "TRE2-CAU-000414B-10", "district_id": "TRE2-CAU-000414B", "belt_id": null, "kind": "carlin_gold", "name": "Carlin-type gold", "tonnage_mt": 1.5575, "grades": {"Au g/t": 4.3365, "As %": 0.4053}, "depth_m": 75, "blind": false, "strike_deg": 67, "dip_deg": 39, "length_m": 1667, "width_m": 190.8, "shape": "strata", "host": "clastic", "chance": 0.042, "seen_by": {"geochemistry": false}, "water_depth_m": 0}}, {"type": "Feature", "geometry": {"type": "Point", "coordinates": [-30.07758, 73.05186]}, "properties": {"id": "TRE2-CAU-000414B-11", "district_id": "TRE2-CAU-000414B", "belt_id": null, "kind": "carlin_gold", "name": "Carlin-type gold", "tonnage_mt": 4.4566, "grades": {"Au g/t": 3.4744, "As %": 0.446}, "depth_m": 340, "blind": true, "strike_deg": 45, "dip_deg": 5, "length_m": 1734, "width_m": 316.9, "shape": "strata", "host": "clastic", "chance": 0.042, "seen_by": {"geochemistry": false}, "water_depth_m": 0}}, {"type": "Feature", "geometry": {"type": "Point", "coordinates": [-22.0466, 71.98853]}, "properties": {"id": "TRE2-CAU-000448A-01", "district_id": "TRE2-CAU-000448A", "belt_id": null, "kind": "carlin_gold", "name": "Carlin-type gold", "tonnage_mt": 0.7439, "grades": {"Au g/t": 7.727, "As %": 0.2318}, "depth_m": 231, "blind": false, "strike_deg": 33, "dip_deg": 32, "length_m": 2605, "width_m": 294.1, "shape": "strata", "host": "clastic", "chance": 0.042, "seen_by": {"geochemistry": false}, "water_depth_m": 0}}, {"type": "Feature", "geometry": {"type": "Point", "coordinates": [-21.71152, 72.05009]}, "properties": {"id": "TRE2-CAU-000448A-02", "district_id": "TRE2-CAU-000448A", "belt_id": null, "kind": "carlin_gold", "name": "Carlin-type gold", "tonnage_mt": 8.2092, "grades": {"Au g/t": 1.7189, "As %": 0.2831}, "depth_m": 159, "blind": false, "strike_deg": 14, "dip_deg": 14, "length_m": 1911, "width_m": 555.4, "shape": "strata", "host": "clastic", "chance": 0.042, "seen_by": {"geochemistry": false}, "water_depth_m": 0}}, {"type": "Feature", "geometry": {"type": "Point", "coordinates": [-22.12816, 71.77985]}, "properties": {"id": "TRE2-CAU-000448A-03", "district_id": "TRE2-CAU-000448A", "belt_id": null, "kind": "carlin_gold", "name": "Carlin-type gold", "tonnage_mt": 7.1476, "grades": {"Au g/t": 2.2005, "As %": 0.3751}, "depth_m": 126, "blind": false, "strike_deg": 21, "dip_deg": 29, "length_m": 2492, "width_m": 237.8, "shape": "strata", "host": "clastic", "chance": 0.042, "seen_by": {"geochemistry": false}, "water_depth_m": 0}}, {"type": "Feature", "geometry": {"type": "Point", "coordinates": [-21.85373, 72.0783]}, "properties": {"id": "TRE2-CAU-000448A-04", "district_id": "TRE2-CAU-000448A", "belt_id": null, "kind": "carlin_gold", "name": "Carlin-type gold", "tonnage_mt": 0.365, "grades": {"Au g/t": 4.1088, "As %": 0.2864}, "depth_m": 0, "blind": false, "strike_deg": 2, "dip_deg": 25, "length_m": 1919, "width_m": 393.9, "shape": "strata", "host": "clastic", "chance": 0.042, "seen_by": {"geochemistry": true}, "water_depth_m": 0}}, {"type": "Feature", "geometry": {"type": "Point", "coordinates": [-21.49899, 72.32793]}, "properties": {"id": "TRE2-CAU-000448A-05", "district_id": "TRE2-CAU-000448A", "belt_id": null, "kind": "carlin_gold", "name": "Carlin-type gold", "tonnage_mt": 10.2537, "grades": {"Au g/t": 1.0648, "As %": 0.1336}, "depth_m": 242, "blind": false, "strike_deg": 29, "dip_deg": 32, "length_m": 1352, "width_m": 504.9, "shape": "strata", "host": "clastic", "chance": 0.042, "seen_by": {"geochemistry": false}, "water_depth_m": 0}}, {"type": "Feature", "geometry": {"type": "Point", "coordinates": [-21.97101, 71.75249]}, "properties": {"id": "TRE2-CAU-000448A-06", "district_id": "TRE2-CAU-000448A", "belt_id": null, "kind": "carlin_gold", "name": "Carlin-type gold", "tonnage_mt": 0.1127, "grades": {"Au g/t": 2.011, "As %": 0.3835}, "depth_m": 0, "blind": false, "strike_deg": 30, "dip_deg": 17, "length_m": 2860, "width_m": 286.8, "shape": "strata", "host": "clastic", "chance": 0.042, "seen_by": {"geochemistry": true}, "water_depth_m": 0}}, {"type": "Feature", "geometry": {"type": "Point", "coordinates": [-21.84037, 72.58092]}, "properties": {"id": "TRE2-CAU-000448B-01", "district_id": "TRE2-CAU-000448B", "belt_id": null, "kind": "carlin_gold", "name": "Carlin-type gold", "tonnage_mt": 0.6899, "grades": {"Au g/t": 3.8304, "As %": 0.2664}, "depth_m": 196, "blind": false, "strike_deg": 32, "dip_deg": 23, "length_m": 1975, "width_m": 470.2, "shape": "strata", "host": "clastic", "chance": 0.042, "seen_by": {"geochemistry": false}, "water_depth_m": 0}}, {"type": "Feature", "geometry": {"type": "Point", "coordinates": [-21.92613, 72.70526]}, "properties": {"id": "TRE2-CAU-000448B-02", "district_id": "TRE2-CAU-000448B", "belt_id": null, "kind": "carlin_gold", "name": "Carlin-type gold", "tonnage_mt": 0.0576, "grades": {"Au g/t": 3.5822, "As %": 0.1624}, "depth_m": 0, "blind": false, "strike_deg": 44, "dip_deg": 18, "length_m": 1785, "width_m": 190.4, "shape": "strata", "host": "clastic", "chance": 0.042, "seen_by": {"geochemistry": true}, "water_depth_m": 0}}, {"type": "Feature", "geometry": {"type": "Point", "coordinates": [-23.12579, 72.22372]}, "properties": {"id": "TRE2-CAU-000448B-03", "district_id": "TRE2-CAU-000448B", "belt_id": null, "kind": "carlin_gold", "name": "Carlin-type gold", "tonnage_mt": 7.8879, "grades": {"Au g/t": 9.592, "As %": 0.3369}, "depth_m": 0, "blind": false, "strike_deg": 19, "dip_deg": 24, "length_m": 3057, "width_m": 143.1, "shape": "strata", "host": "clastic", "chance": 0.042, "seen_by": {"geochemistry": true}, "water_depth_m": 0}}, {"type": "Feature", "geometry": {"type": "Point", "coordinates": [-21.98952, 72.51369]}, "properties": {"id": "TRE2-CAU-000448B-04", "district_id": "TRE2-CAU-000448B", "belt_id": null, "kind": "carlin_gold", "name": "Carlin-type gold", "tonnage_mt": 0.0155, "grades": {"Au g/t": 2.3542, "As %": 0.3421}, "depth_m": 0, "blind": false, "strike_deg": 33, "dip_deg": 36, "length_m": 2671, "width_m": 133.3, "shape": "strata", "host": "clastic", "chance": 0.042, "seen_by": {"geochemistry": true}, "water_depth_m": 0}}, {"type": "Feature", "geometry": {"type": "Point", "coordinates": [-21.36773, 72.83602]}, "properties": {"id": "TRE2-CAU-000448B-05", "district_id": "TRE2-CAU-000448B", "belt_id": null, "kind": "carlin_gold", "name": "Carlin-type gold", "tonnage_mt": 1.3195, "grades": {"Au g/t": 1.8169, "As %": 0.3405}, "depth_m": 0, "blind": false, "strike_deg": 12, "dip_deg": 19, "length_m": 1121, "width_m": 233.6, "shape": "strata", "host": "clastic", "chance": 0.042, "seen_by": {"geochemistry": true}, "water_depth_m": 0}}, {"type": "Feature", "geometry": {"type": "Point", "coordinates": [-21.77975, 72.85344]}, "properties": {"id": "TRE2-CAU-000448B-06", "district_id": "TRE2-CAU-000448B", "belt_id": null, "kind": "carlin_gold", "name": "Carlin-type gold", "tonnage_mt": 9.7221, "grades": {"Au g/t": 4.5049, "As %": 0.3469}, "depth_m": 325, "blind": true, "strike_deg": 31, "dip_deg": 32, "length_m": 1446, "width_m": 301.3, "shape": "strata", "host": "clastic", "chance": 0.042, "seen_by": {"geochemistry": false}, "water_depth_m": 0}}, {"type": "Feature", "geometry": {"type": "Point", "coordinates": [-21.79424, 72.57961]}, "properties": {"id": "TRE2-CAU-000448B-07", "district_id": "TRE2-CAU-000448B", "belt_id": null, "kind": "carlin_gold", "name": "Carlin-type gold", "tonnage_mt": 4.4373, "grades": {"Au g/t": 3.6625, "As %": 0.5654}, "depth_m": 121, "blind": false, "strike_deg": 33, "dip_deg": 20, "length_m": 2126, "width_m": 304.6, "shape": "strata", "host": "clastic", "chance": 0.042, "seen_by": {"geochemistry": false}, "water_depth_m": 0}}, {"type": "Feature", "geometry": {"type": "Point", "coordinates": [-21.88558, 73.20896]}, "properties": {"id": "TRE2-CAU-000448C-01", "district_id": "TRE2-CAU-000448C", "belt_id": null, "kind": "carlin_gold", "name": "Carlin-type gold", "tonnage_mt": 1.411, "grades": {"Au g/t": 2.6644, "As %": 0.7234}, "depth_m": 167, "blind": false, "strike_deg": 29, "dip_deg": 37, "length_m": 6716, "width_m": 126.8, "shape": "strata", "host": "clastic", "chance": 0.042, "seen_by": {"geochemistry": false}, "water_depth_m": 0}}, {"type": "Feature", "geometry": {"type": "Point", "coordinates": [-21.76236, 73.63044]}, "properties": {"id": "TRE2-CAU-000448C-02", "district_id": "TRE2-CAU-000448C", "belt_id": null, "kind": "carlin_gold", "name": "Carlin-type gold", "tonnage_mt": 0.3134, "grades": {"Au g/t": 2.1501, "As %": 0.3413}, "depth_m": 0, "blind": false, "strike_deg": 29, "dip_deg": 37, "length_m": 1931, "width_m": 292.2, "shape": "strata", "host": "clastic", "chance": 0.042, "seen_by": {"geochemistry": true}, "water_depth_m": 0}}, {"type": "Feature", "geometry": {"type": "Point", "coordinates": [-22.30239, 73.09494]}, "properties": {"id": "TRE2-CAU-000448C-03", "district_id": "TRE2-CAU-000448C", "belt_id": null, "kind": "carlin_gold", "name": "Carlin-type gold", "tonnage_mt": 0.6553, "grades": {"Au g/t": 1.3874, "As %": 0.2042}, "depth_m": 74, "blind": false, "strike_deg": 40, "dip_deg": 35, "length_m": 2112, "width_m": 138.2, "shape": "strata", "host": "clastic", "chance": 0.042, "seen_by": {"geochemistry": false}, "water_depth_m": 0}}, {"type": "Feature", "geometry": {"type": "Point", "coordinates": [-21.79712, 73.43301]}, "properties": {"id": "TRE2-CAU-000448C-04", "district_id": "TRE2-CAU-000448C", "belt_id": null, "kind": "carlin_gold", "name": "Carlin-type gold", "tonnage_mt": 0.7221, "grades": {"Au g/t": 2.5407, "As %": 0.1993}, "depth_m": 0, "blind": false, "strike_deg": 27, "dip_deg": 35, "length_m": 5973, "width_m": 129.0, "shape": "strata", "host": "clastic", "chance": 0.042, "seen_by": {"geochemistry": true}, "water_depth_m": 0}}, {"type": "Feature", "geometry": {"type": "Point", "coordinates": [-21.11791, 73.89]}, "properties": {"id": "TRE2-CAU-000448C-05", "district_id": "TRE2-CAU-000448C", "belt_id": null, "kind": "carlin_gold", "name": "Carlin-type gold", "tonnage_mt": 0.1149, "grades": {"Au g/t": 3.4587, "As %": 0.5507}, "depth_m": 0, "blind": false, "strike_deg": 29, "dip_deg": 18, "length_m": 2674, "width_m": 212.2, "shape": "strata", "host": "clastic", "chance": 0.042, "seen_by": {"geochemistry": true}, "water_depth_m": 0}}, {"type": "Feature", "geometry": {"type": "Point", "coordinates": [-22.99293, 72.98449]}, "properties": {"id": "TRE2-CAU-000448C-06", "district_id": "TRE2-CAU-000448C", "belt_id": null, "kind": "carlin_gold", "name": "Carlin-type gold", "tonnage_mt": 0.1204, "grades": {"Au g/t": 2.1076, "As %": 0.2671}, "depth_m": 0, "blind": false, "strike_deg": 43, "dip_deg": 26, "length_m": 2926, "width_m": 191.7, "shape": "strata", "host": "clastic", "chance": 0.042, "seen_by": {"geochemistry": true}, "water_depth_m": 0}}, {"type": "Feature", "geometry": {"type": "Point", "coordinates": [-22.97277, 72.8653]}, "properties": {"id": "TRE2-CAU-000448C-07", "district_id": "TRE2-CAU-000448C", "belt_id": null, "kind": "carlin_gold", "name": "Carlin-type gold", "tonnage_mt": 7.8429, "grades": {"Au g/t": 2.6485, "As %": 0.2069}, "depth_m": 82, "blind": false, "strike_deg": 37, "dip_deg": 23, "length_m": 1085, "width_m": 315.9, "shape": "strata", "host": "clastic", "chance": 0.042, "seen_by": {"geochemistry": false}, "water_depth_m": 0}}, {"type": "Feature", "geometry": {"type": "Point", "coordinates": [-23.13974, 72.93141]}, "properties": {"id": "TRE2-CAU-000448C-08", "district_id": "TRE2-CAU-000448C", "belt_id": null, "kind": "carlin_gold", "name": "Carlin-type gold", "tonnage_mt": 0.7943, "grades": {"Au g/t": 3.6496, "As %": 0.4622}, "depth_m": 268, "blind": false, "strike_deg": 30, "dip_deg": 16, "length_m": 1625, "width_m": 427.8, "shape": "strata", "host": "clastic", "chance": 0.042, "seen_by": {"geochemistry": false}, "water_depth_m": 0}}, {"type": "Feature", "geometry": {"type": "Point", "coordinates": [-23.65142, 72.97709]}, "properties": {"id": "TRE2-CAU-000448C-09", "district_id": "TRE2-CAU-000448C", "belt_id": null, "kind": "carlin_gold", "name": "Carlin-type gold", "tonnage_mt": 2.1409, "grades": {"Au g/t": 2.063, "As %": 0.2899}, "depth_m": 0, "blind": false, "strike_deg": 41, "dip_deg": 16, "length_m": 2380, "width_m": 418.7, "shape": "strata", "host": "clastic", "chance": 0.042, "seen_by": {"geochemistry": true}, "water_depth_m": 0}}, {"type": "Feature", "geometry": {"type": "Point", "coordinates": [23.82534, -44.07934]}, "properties": {"id": "TRE2-UUN-017046A-01", "district_id": "TRE2-UUN-017046A", "belt_id": "TRE2-UUN-B0006", "kind": "uranium_unconformity", "name": "unconformity uranium", "tonnage_mt": 0.1159, "grades": {"U3O8 %": 1.052, "Ni %": 0.3122}, "depth_m": 0, "blind": false, "strike_deg": 125, "dip_deg": 37, "length_m": 1590, "width_m": 118.9, "shape": "lens", "host": "clastic", "chance": 0.208, "seen_by": {"radiometrics": true, "em": true, "gravity": true}, "water_depth_m": 0}}, {"type": "Feature", "geometry": {"type": "Point", "coordinates": [23.76599, -44.43728]}, "properties": {"id": "TRE2-UUN-017046A-02", "district_id": "TRE2-UUN-017046A", "belt_id": "TRE2-UUN-B0006", "kind": "uranium_unconformity", "name": "unconformity uranium", "tonnage_mt": 0.0321, "grades": {"U3O8 %": 2.5276, "Ni %": 0.2909}, "depth_m": 0, "blind": false, "strike_deg": 139, "dip_deg": 61, "length_m": 1428, "width_m": 160.1, "shape": "lens", "host": "clastic", "chance": 0.208, "seen_by": {"radiometrics": true, "em": true, "gravity": true}, "water_depth_m": 0}}, {"type": "Feature", "geometry": {"type": "Point", "coordinates": [24.33185, -44.65403]}, "properties": {"id": "TRE2-UUN-017046A-03", "district_id": "TRE2-UUN-017046A", "belt_id": "TRE2-UUN-B0006", "kind": "uranium_unconformity", "name": "unconformity uranium", "tonnage_mt": 0.0462, "grades": {"U3O8 %": 1.6856, "Ni %": 0.2697}, "depth_m": 0, "blind": false, "strike_deg": 157, "dip_deg": 66, "length_m": 858, "width_m": 94.2, "shape": "lens", "host": "clastic", "chance": 0.208, "seen_by": {"radiometrics": true, "em": true, "gravity": true}, "water_depth_m": 0}}, {"type": "Feature", "geometry": {"type": "Point", "coordinates": [23.31652, -44.28638]}, "properties": {"id": "TRE2-UUN-017046A-04", "district_id": "TRE2-UUN-017046A", "belt_id": "TRE2-UUN-B0006", "kind": "uranium_unconformity", "name": "unconformity uranium", "tonnage_mt": 0.1632, "grades": {"U3O8 %": 1.9457, "Ni %": 0.2934}, "depth_m": 80, "blind": false, "strike_deg": 124, "dip_deg": 32, "length_m": 2553, "width_m": 112.0, "shape": "lens", "host": "clastic", "chance": 0.208, "seen_by": {"radiometrics": false, "em": true, "gravity": true}, "water_depth_m": 0}}, {"type": "Feature", "geometry": {"type": "Point", "coordinates": [23.38074, -43.90496]}, "properties": {"id": "TRE2-UUN-017046A-05", "district_id": "TRE2-UUN-017046A", "belt_id": "TRE2-UUN-B0006", "kind": "uranium_unconformity", "name": "unconformity uranium", "tonnage_mt": 0.0181, "grades": {"U3O8 %": 1.4918, "Ni %": 0.313}, "depth_m": 0, "blind": false, "strike_deg": 131, "dip_deg": 64, "length_m": 1591, "width_m": 146.5, "shape": "lens", "host": "clastic", "chance": 0.208, "seen_by": {"radiometrics": true, "em": true, "gravity": true}, "water_depth_m": 0}}, {"type": "Feature", "geometry": {"type": "Point", "coordinates": [24.25966, -44.58403]}, "properties": {"id": "TRE2-UUN-017046A-06", "district_id": "TRE2-UUN-017046A", "belt_id": "TRE2-UUN-B0006", "kind": "uranium_unconformity", "name": "unconformity uranium", "tonnage_mt": 0.2988, "grades": {"U3O8 %": 2.4992, "Ni %": 0.4198}, "depth_m": 0, "blind": false, "strike_deg": 144, "dip_deg": 69, "length_m": 843, "width_m": 116.1, "shape": "lens", "host": "clastic", "chance": 0.208, "seen_by": {"radiometrics": true, "em": true, "gravity": true}, "water_depth_m": 0}}, {"type": "Feature", "geometry": {"type": "Point", "coordinates": [-6.44192, -69.38129]}, "properties": {"id": "TRE2-UUN-019392A-01", "district_id": "TRE2-UUN-019392A", "belt_id": null, "kind": "uranium_unconformity", "name": "unconformity uranium", "tonnage_mt": 0.0091, "grades": {"U3O8 %": 1.2627, "Ni %": 0.8779}, "depth_m": 0, "blind": false, "strike_deg": 55, "dip_deg": 57, "length_m": 1078, "width_m": 52.0, "shape": "lens", "host": "clastic", "chance": 0.167, "seen_by": {"radiometrics": true, "em": true, "gravity": true}, "water_depth_m": 0}}, {"type": "Feature", "geometry": {"type": "Point", "coordinates": [-7.2738, -69.78082]}, "properties": {"id": "TRE2-UUN-019392A-02", "district_id": "TRE2-UUN-019392A", "belt_id": null, "kind": "uranium_unconformity", "name": "unconformity uranium", "tonnage_mt": 0.2544, "grades": {"U3O8 %": 1.5606, "Ni %": 0.1323}, "depth_m": 92, "blind": false, "strike_deg": 68, "dip_deg": 79, "length_m": 491, "width_m": 106.8, "shape": "lens", "host": "clastic", "chance": 0.167, "seen_by": {"radiometrics": false, "em": true, "gravity": true}, "water_depth_m": 0}}, {"type": "Feature", "geometry": {"type": "Point", "coordinates": [-5.86792, -69.41998]}, "properties": {"id": "TRE2-UUN-019392A-03", "district_id": "TRE2-UUN-019392A", "belt_id": null, "kind": "uranium_unconformity", "name": "unconformity uranium", "tonnage_mt": 0.3415, "grades": {"U3O8 %": 1.5501, "Ni %": 0.1624}, "depth_m": 215, "blind": false, "strike_deg": 60, "dip_deg": 74, "length_m": 850, "width_m": 68.9, "shape": "lens", "host": "clastic", "chance": 0.167, "seen_by": {"radiometrics": false, "em": true, "gravity": true}, "water_depth_m": 0}}, {"type": "Feature", "geometry": {"type": "Point", "coordinates": [-6.82891, -69.4217]}, "properties": {"id": "TRE2-UUN-019392A-04", "district_id": "TRE2-UUN-019392A", "belt_id": null, "kind": "uranium_unconformity", "name": "unconformity uranium", "tonnage_mt": 0.4059, "grades": {"U3O8 %": 1.8695, "Ni %": 0.3533}, "depth_m": 34, "blind": false, "strike_deg": 80, "dip_deg": 39, "length_m": 1118, "width_m": 145.0, "shape": "lens", "host": "clastic", "chance": 0.167, "seen_by": {"radiometrics": false, "em": true, "gravity": true}, "water_depth_m": 0}}, {"type": "Feature", "geometry": {"type": "Point", "coordinates": [-92.92276, 43.40537]}, "properties": {"id": "TRE2-USS-002988A-01", "district_id": "TRE2-USS-002988A", "belt_id": null, "kind": "uranium_sandstone", "name": "sandstone uranium (roll front)", "tonnage_mt": 0.0597, "grades": {"U3O8 %": 0.0652, "V2O5 %": 0.0752}, "depth_m": 0, "blind": false, "strike_deg": 5, "dip_deg": 33, "length_m": 2547, "width_m": 239.9, "shape": "strata", "host": "clastic", "chance": 0.1, "seen_by": {"radiometrics": true, "geochemistry": true}, "water_depth_m": 0}}, {"type": "Feature", "geometry": {"type": "Point", "coordinates": [-92.35853, 43.81161]}, "properties": {"id": "TRE2-USS-002988A-02", "district_id": "TRE2-USS-002988A", "belt_id": null, "kind": "uranium_sandstone", "name": "sandstone uranium (roll front)", "tonnage_mt": 0.338, "grades": {"U3O8 %": 0.0639, "V2O5 %": 0.087}, "depth_m": 180, "blind": false, "strike_deg": 19, "dip_deg": 13, "length_m": 3696, "width_m": 551.1, "shape": "strata", "host": "clastic", "chance": 0.1, "seen_by": {"radiometrics": false, "geochemistry": false}, "water_depth_m": 0}}, {"type": "Feature", "geometry": {"type": "Point", "coordinates": [-92.57151, 43.80458]}, "properties": {"id": "TRE2-USS-002988A-03", "district_id": "TRE2-USS-002988A", "belt_id": null, "kind": "uranium_sandstone", "name": "sandstone uranium (roll front)", "tonnage_mt": 0.3639, "grades": {"U3O8 %": 0.1152, "V2O5 %": 0.0576}, "depth_m": 0, "blind": false, "strike_deg": 9, "dip_deg": 30, "length_m": 2445, "width_m": 320.2, "shape": "strata", "host": "clastic", "chance": 0.1, "seen_by": {"radiometrics": true, "geochemistry": true}, "water_depth_m": 0}}, {"type": "Feature", "geometry": {"type": "Point", "coordinates": [-92.66613, 44.03936]}, "properties": {"id": "TRE2-USS-002988A-04", "district_id": "TRE2-USS-002988A", "belt_id": null, "kind": "uranium_sandstone", "name": "sandstone uranium (roll front)", "tonnage_mt": 2.7752, "grades": {"U3O8 %": 0.1234, "V2O5 %": 0.0451}, "depth_m": 347, "blind": true, "strike_deg": 15, "dip_deg": 19, "length_m": 1203, "width_m": 201.1, "shape": "strata", "host": "clastic", "chance": 0.1, "seen_by": {"radiometrics": false, "geochemistry": false}, "water_depth_m": 0}}, {"type": "Feature", "geometry": {"type": "Point", "coordinates": [-92.41953, 44.22921]}, "properties": {"id": "TRE2-USS-002988A-05", "district_id": "TRE2-USS-002988A", "belt_id": null, "kind": "uranium_sandstone", "name": "sandstone uranium (roll front)", "tonnage_mt": 1.7557, "grades": {"U3O8 %": 0.0771, "V2O5 %": 0.1063}, "depth_m": 274, "blind": false, "strike_deg": 20, "dip_deg": 11, "length_m": 5397, "width_m": 229.4, "shape": "strata", "host": "clastic", "chance": 0.1, "seen_by": {"radiometrics": false, "geochemistry": false}, "water_depth_m": 0}}, {"type": "Feature", "geometry": {"type": "Point", "coordinates": [-5.33572, -40.49394]}, "properties": {"id": "TRE2-USS-016376A-01", "district_id": "TRE2-USS-016376A", "belt_id": null, "kind": "uranium_sandstone", "name": "sandstone uranium (roll front)", "tonnage_mt": 0.9038, "grades": {"U3O8 %": 0.0412, "V2O5 %": 0.0368}, "depth_m": 259, "blind": false, "strike_deg": 99, "dip_deg": 30, "length_m": 3104, "width_m": 644.8, "shape": "strata", "host": "clastic", "chance": 0.2, "seen_by": {"radiometrics": false, "geochemistry": false}, "water_depth_m": 0}}, {"type": "Feature", "geometry": {"type": "Point", "coordinates": [-6.01188, -40.13375]}, "properties": {"id": "TRE2-USS-016376A-02", "district_id": "TRE2-USS-016376A", "belt_id": null, "kind": "uranium_sandstone", "name": "sandstone uranium (roll front)", "tonnage_mt": 0.1251, "grades": {"U3O8 %": 0.125, "V2O5 %": 0.0704}, "depth_m": 0, "blind": false, "strike_deg": 106, "dip_deg": 20, "length_m": 1680, "width_m": 526.6, "shape": "strata", "host": "clastic", "chance": 0.2, "seen_by": {"radiometrics": true, "geochemistry": true}, "water_depth_m": 0}}, {"type": "Feature", "geometry": {"type": "Point", "coordinates": [-4.81371, -40.51086]}, "properties": {"id": "TRE2-USS-016376A-03", "district_id": "TRE2-USS-016376A", "belt_id": null, "kind": "uranium_sandstone", "name": "sandstone uranium (roll front)", "tonnage_mt": 11.0277, "grades": {"U3O8 %": 0.0856, "V2O5 %": 0.1033}, "depth_m": 62, "blind": false, "strike_deg": 100, "dip_deg": 20, "length_m": 3564, "width_m": 543.6, "shape": "strata", "host": "clastic", "chance": 0.2, "seen_by": {"radiometrics": false, "geochemistry": false}, "water_depth_m": 0}}, {"type": "Feature", "geometry": {"type": "Point", "coordinates": [-5.82511, -39.91717]}, "properties": {"id": "TRE2-USS-016376A-04", "district_id": "TRE2-USS-016376A", "belt_id": null, "kind": "uranium_sandstone", "name": "sandstone uranium (roll front)", "tonnage_mt": 1.8122, "grades": {"U3O8 %": 0.0737, "V2O5 %": 0.0894}, "depth_m": 81, "blind": false, "strike_deg": 125, "dip_deg": 6, "length_m": 4241, "width_m": 768.4, "shape": "strata", "host": "clastic", "chance": 0.2, "seen_by": {"radiometrics": false, "geochemistry": false}, "water_depth_m": 0}}, {"type": "Feature", "geometry": {"type": "Point", "coordinates": [-5.79779, -39.75056]}, "properties": {"id": "TRE2-USS-016376A-05", "district_id": "TRE2-USS-016376A", "belt_id": null, "kind": "uranium_sandstone", "name": "sandstone uranium (roll front)", "tonnage_mt": 3.2887, "grades": {"U3O8 %": 0.0521, "V2O5 %": 0.168}, "depth_m": 105, "blind": false, "strike_deg": 103, "dip_deg": 26, "length_m": 2910, "width_m": 404.8, "shape": "strata", "host": "clastic", "chance": 0.2, "seen_by": {"radiometrics": false, "geochemistry": false}, "water_depth_m": 0}}, {"type": "Feature", "geometry": {"type": "Point", "coordinates": [-5.09713, -40.38039]}, "properties": {"id": "TRE2-USS-016376A-06", "district_id": "TRE2-USS-016376A", "belt_id": null, "kind": "uranium_sandstone", "name": "sandstone uranium (roll front)", "tonnage_mt": 0.2327, "grades": {"U3O8 %": 0.172, "V2O5 %": 0.089}, "depth_m": 0, "blind": false, "strike_deg": 96, "dip_deg": 36, "length_m": 3267, "width_m": 218.5, "shape": "strata", "host": "clastic", "chance": 0.2, "seen_by": {"radiometrics": true, "geochemistry": true}, "water_depth_m": 0}}, {"type": "Feature", "geometry": {"type": "Point", "coordinates": [-87.44293, -70.04579]}, "properties": {"id": "TRE2-USS-019369A-01", "district_id": "TRE2-USS-019369A", "belt_id": null, "kind": "uranium_sandstone", "name": "sandstone uranium (roll front)", "tonnage_mt": 0.1471, "grades": {"U3O8 %": 0.0699, "V2O5 %": 0.1558}, "depth_m": 0, "blind": false, "strike_deg": 104, "dip_deg": 19, "length_m": 3301, "width_m": 310.3, "shape": "strata", "host": "clastic", "chance": 0.1, "seen_by": {"radiometrics": true, "geochemistry": true}, "water_depth_m": 0}}, {"type": "Feature", "geometry": {"type": "Point", "coordinates": [-88.43536, -69.52586]}, "properties": {"id": "TRE2-USS-019369A-02", "district_id": "TRE2-USS-019369A", "belt_id": null, "kind": "uranium_sandstone", "name": "sandstone uranium (roll front)", "tonnage_mt": 0.9962, "grades": {"U3O8 %": 0.1524, "V2O5 %": 0.1259}, "depth_m": 8, "blind": false, "strike_deg": 110, "dip_deg": 22, "length_m": 1436, "width_m": 529.5, "shape": "strata", "host": "clastic", "chance": 0.1, "seen_by": {"radiometrics": false, "geochemistry": true}, "water_depth_m": 0}}, {"type": "Feature", "geometry": {"type": "Point", "coordinates": [-88.38501, -69.5091]}, "properties": {"id": "TRE2-USS-019369A-03", "district_id": "TRE2-USS-019369A", "belt_id": null, "kind": "uranium_sandstone", "name": "sandstone uranium (roll front)", "tonnage_mt": 0.0786, "grades": {"U3O8 %": 0.0801, "V2O5 %": 0.0546}, "depth_m": 0, "blind": false, "strike_deg": 105, "dip_deg": 38, "length_m": 3345, "width_m": 180.6, "shape": "strata", "host": "clastic", "chance": 0.1, "seen_by": {"radiometrics": true, "geochemistry": true}, "water_depth_m": 0}}, {"type": "Feature", "geometry": {"type": "Point", "coordinates": [-86.15199, -70.25]}, "properties": {"id": "TRE2-USS-019369A-04", "district_id": "TRE2-USS-019369A", "belt_id": null, "kind": "uranium_sandstone", "name": "sandstone uranium (roll front)", "tonnage_mt": 2.133, "grades": {"U3O8 %": 0.0961, "V2O5 %": 0.1047}, "depth_m": 110, "blind": false, "strike_deg": 88, "dip_deg": 33, "length_m": 5163, "width_m": 181.1, "shape": "strata", "host": "clastic", "chance": 0.1, "seen_by": {"radiometrics": false, "geochemistry": false}, "water_depth_m": 0}}, {"type": "Feature", "geometry": {"type": "Point", "coordinates": [-88.59379, -69.63104]}, "properties": {"id": "TRE2-USS-019369A-05", "district_id": "TRE2-USS-019369A", "belt_id": null, "kind": "uranium_sandstone", "name": "sandstone uranium (roll front)", "tonnage_mt": 0.0379, "grades": {"U3O8 %": 0.0574, "V2O5 %": 0.0633}, "depth_m": 0, "blind": false, "strike_deg": 99, "dip_deg": 36, "length_m": 6783, "width_m": 262.2, "shape": "strata", "host": "clastic", "chance": 0.1, "seen_by": {"radiometrics": true, "geochemistry": true}, "water_depth_m": 0}}, {"type": "Feature", "geometry": {"type": "Point", "coordinates": [-88.09263, -69.7023]}, "properties": {"id": "TRE2-USS-019369A-06", "district_id": "TRE2-USS-019369A", "belt_id": null, "kind": "uranium_sandstone", "name": "sandstone uranium (roll front)", "tonnage_mt": 1.3972, "grades": {"U3O8 %": 0.0524, "V2O5 %": 0.0432}, "depth_m": 70, "blind": false, "strike_deg": 104, "dip_deg": 6, "length_m": 3464, "width_m": 264.0, "shape": "strata", "host": "clastic", "chance": 0.1, "seen_by": {"radiometrics": false, "geochemistry": false}, "water_depth_m": 0}}, {"type": "Feature", "geometry": {"type": "Point", "coordinates": [9.3328, -11.43078]}, "properties": {"id": "TRE2-REC-011920A-01", "district_id": "TRE2-REC-011920A", "belt_id": "TRE2-REC-B0008", "kind": "ree_ion_clay", "name": "ion-adsorption rare-earth clay", "tonnage_mt": 5.4121, "grades": {"TREO %": 0.1129}, "depth_m": 251, "blind": false, "strike_deg": 101, "dip_deg": 1, "length_m": 995, "width_m": 909.7, "shape": "blanket", "host": "arc_plutonic", "chance": 0.472, "seen_by": {"radiometrics": false, "geochemistry": false}, "water_depth_m": 0}}, {"type": "Feature", "geometry": {"type": "Point", "coordinates": [8.9444, -11.0293]}, "properties": {"id": "TRE2-REC-011920A-02", "district_id": "TRE2-REC-011920A", "belt_id": "TRE2-REC-B0008", "kind": "ree_ion_clay", "name": "ion-adsorption rare-earth clay", "tonnage_mt": 1.8978, "grades": {"TREO %": 0.0748}, "depth_m": 110, "blind": false, "strike_deg": 104, "dip_deg": 0, "length_m": 3117, "width_m": 1383.5, "shape": "blanket", "host": "arc_plutonic", "chance": 0.472, "seen_by": {"radiometrics": false, "geochemistry": false}, "water_depth_m": 0}}, {"type": "Feature", "geometry": {"type": "Point", "coordinates": [9.17617, -11.06076]}, "properties": {"id": "TRE2-REC-011920A-03", "district_id": "TRE2-REC-011920A", "belt_id": "TRE2-REC-B0008", "kind": "ree_ion_clay", "name": "ion-adsorption rare-earth clay", "tonnage_mt": 0.1287, "grades": {"TREO %": 0.0697}, "depth_m": 0, "blind": false, "strike_deg": 102, "dip_deg": 2, "length_m": 3623, "width_m": 2036.0, "shape": "blanket", "host": "arc_plutonic", "chance": 0.472, "seen_by": {"radiometrics": true, "geochemistry": true}, "water_depth_m": 0}}, {"type": "Feature", "geometry": {"type": "Point", "coordinates": [43.4485, -13.44158]}, "properties": {"id": "TRE2-REC-012247A-01", "district_id": "TRE2-REC-012247A", "belt_id": null, "kind": "ree_ion_clay", "name": "ion-adsorption rare-earth clay", "tonnage_mt": 5.2389, "grades": {"TREO %": 0.0829}, "depth_m": 89, "blind": false, "strike_deg": 42, "dip_deg": 1, "length_m": 1942, "width_m": 1297.5, "shape": "blanket", "host": "arc_plutonic", "chance": 0.094, "seen_by": {"radiometrics": false, "geochemistry": false}, "water_depth_m": 0}}, {"type": "Feature", "geometry": {"type": "Point", "coordinates": [43.56708, -13.36589]}, "properties": {"id": "TRE2-REC-012247A-02", "district_id": "TRE2-REC-012247A", "belt_id": null, "kind": "ree_ion_clay", "name": "ion-adsorption rare-earth clay", "tonnage_mt": 0.0145, "grades": {"TREO %": 0.051}, "depth_m": 0, "blind": false, "strike_deg": 34, "dip_deg": 2, "length_m": 1782, "width_m": 2373.3, "shape": "blanket", "host": "arc_plutonic", "chance": 0.094, "seen_by": {"radiometrics": true, "geochemistry": true}, "water_depth_m": 0}}, {"type": "Feature", "geometry": {"type": "Point", "coordinates": [43.7316, -14.02001]}, "properties": {"id": "TRE2-REC-012247A-03", "district_id": "TRE2-REC-012247A", "belt_id": null, "kind": "ree_ion_clay", "name": "ion-adsorption rare-earth clay", "tonnage_mt": 0.9652, "grades": {"TREO %": 0.092}, "depth_m": 131, "blind": false, "strike_deg": 38, "dip_deg": 2, "length_m": 979, "width_m": 1017.0, "shape": "blanket", "host": "arc_plutonic", "chance": 0.094, "seen_by": {"radiometrics": false, "geochemistry": false}, "water_depth_m": 0}}, {"type": "Feature", "geometry": {"type": "Point", "coordinates": [43.65638, -13.31487]}, "properties": {"id": "TRE2-REC-012247A-04", "district_id": "TRE2-REC-012247A", "belt_id": null, "kind": "ree_ion_clay", "name": "ion-adsorption rare-earth clay", "tonnage_mt": 1.4242, "grades": {"TREO %": 0.0729}, "depth_m": 181, "blind": false, "strike_deg": 55, "dip_deg": 0, "length_m": 1560, "width_m": 812.9, "shape": "blanket", "host": "arc_plutonic", "chance": 0.094, "seen_by": {"radiometrics": false, "geochemistry": false}, "water_depth_m": 0}}, {"type": "Feature", "geometry": {"type": "Point", "coordinates": [-154.19155, 50.45513]}, "properties": {"id": "TRE2-GRA-002313A-01", "district_id": "TRE2-GRA-002313A", "belt_id": "TRE2-GRA-B0004", "kind": "graphite", "name": "flake graphite", "tonnage_mt": 0.0337, "grades": {"graphite %": 11.8089}, "depth_m": 0, "blind": false, "strike_deg": 99, "dip_deg": 6, "length_m": 1098, "width_m": 136.5, "shape": "strata", "host": "basement", "chance": 0.3, "seen_by": {"em": true, "ip": true}, "water_depth_m": 0}}, {"type": "Feature", "geometry": {"type": "Point", "coordinates": [-154.18068, 50.37643]}, "properties": {"id": "TRE2-GRA-002313A-02", "district_id": "TRE2-GRA-002313A", "belt_id": "TRE2-GRA-B0004", "kind": "graphite", "name": "flake graphite", "tonnage_mt": 11.211, "grades": {"graphite %": 9.3524}, "depth_m": 114, "blind": false, "strike_deg": 80, "dip_deg": 40, "length_m": 2292, "width_m": 84.5, "shape": "strata", "host": "basement", "chance": 0.3, "seen_by": {"em": true, "ip": true}, "water_depth_m": 0}}, {"type": "Feature", "geometry": {"type": "Point", "coordinates": [92.00677, -4.39089]}, "properties": {"id": "TRE2-GRA-010846A-01", "district_id": "TRE2-GRA-010846A", "belt_id": "TRE2-GRA-B0023", "kind": "graphite", "name": "flake graphite", "tonnage_mt": 0.1294, "grades": {"graphite %": 11.3863}, "depth_m": 0, "blind": false, "strike_deg": 28, "dip_deg": 9, "length_m": 597, "width_m": 72.7, "shape": "strata", "host": "schist", "chance": 0.3, "seen_by": {"em": true, "ip": true}, "water_depth_m": 0}}, {"type": "Feature", "geometry": {"type": "Point", "coordinates": [92.30379, -4.2783]}, "properties": {"id": "TRE2-GRA-010846A-02", "district_id": "TRE2-GRA-010846A", "belt_id": "TRE2-GRA-B0023", "kind": "graphite", "name": "flake graphite", "tonnage_mt": 8.8873, "grades": {"graphite %": 10.3846}, "depth_m": 16, "blind": false, "strike_deg": 47, "dip_deg": 13, "length_m": 2380, "width_m": 83.1, "shape": "strata", "host": "schist", "chance": 0.3, "seen_by": {"em": true, "ip": true}, "water_depth_m": 0}}, {"type": "Feature", "geometry": {"type": "Point", "coordinates": [49.72571, -14.67049]}, "properties": {"id": "TRE2-GRA-012514A-01", "district_id": "TRE2-GRA-012514A", "belt_id": "TRE2-GRA-B0016", "kind": "graphite", "name": "flake graphite", "tonnage_mt": 0.2541, "grades": {"graphite %": 32.037}, "depth_m": 0, "blind": false, "strike_deg": 97, "dip_deg": 19, "length_m": 939, "width_m": 251.4, "shape": "strata", "host": "basement", "chance": 0.3, "seen_by": {"em": true, "ip": true}, "water_depth_m": 0}}, {"type": "Feature", "geometry": {"type": "Point", "coordinates": [49.44391, -14.7763]}, "properties": {"id": "TRE2-GRA-012514A-02", "district_id": "TRE2-GRA-012514A", "belt_id": "TRE2-GRA-B0016", "kind": "graphite", "name": "flake graphite", "tonnage_mt": 5.1417, "grades": {"graphite %": 13.5289}, "depth_m": 174, "blind": false, "strike_deg": 92, "dip_deg": 22, "length_m": 1097, "width_m": 112.5, "shape": "strata", "host": "basement", "chance": 0.3, "seen_by": {"em": true, "ip": true}, "water_depth_m": 0}}, {"type": "Feature", "geometry": {"type": "Point", "coordinates": [49.28947, -14.64056]}, "properties": {"id": "TRE2-GRA-012514A-03", "district_id": "TRE2-GRA-012514A", "belt_id": "TRE2-GRA-B0016", "kind": "graphite", "name": "flake graphite", "tonnage_mt": 0.1699, "grades": {"graphite %": 6.2765}, "depth_m": 0, "blind": false, "strike_deg": 91, "dip_deg": 22, "length_m": 1286, "width_m": 113.3, "shape": "strata", "host": "basement", "chance": 0.3, "seen_by": {"em": true, "ip": true}, "water_depth_m": 0}}, {"type": "Feature", "geometry": {"type": "Point", "coordinates": [57.81912, 3.15126]}, "properties": {"id": "TRE2-PLG-009532A-01", "district_id": "TRE2-PLG-009532A", "belt_id": null, "kind": "placer_gold", "name": "river placer gold", "tonnage_mt": 3.5321, "grades": {"Au g/t": 0.1733}, "depth_m": 213, "blind": false, "strike_deg": 22, "dip_deg": 14, "length_m": 5987, "width_m": 616.5, "shape": "strata", "host": "carbonate", "chance": 0.03, "seen_by": {"geochemistry": false}, "water_depth_m": 0}}, {"type": "Feature", "geometry": {"type": "Point", "coordinates": [57.73427, 2.91795]}, "properties": {"id": "TRE2-PLG-009532A-02", "district_id": "TRE2-PLG-009532A", "belt_id": null, "kind": "placer_gold", "name": "river placer gold", "tonnage_mt": 1.3296, "grades": {"Au g/t": 0.5731}, "depth_m": 0, "blind": false, "strike_deg": 25, "dip_deg": 12, "length_m": 18053, "width_m": 247.9, "shape": "strata", "host": "carbonate", "chance": 0.03, "seen_by": {"geochemistry": true}, "water_depth_m": 0}}, {"type": "Feature", "geometry": {"type": "Point", "coordinates": [57.69712, 2.54189]}, "properties": {"id": "TRE2-PLG-009532A-03", "district_id": "TRE2-PLG-009532A", "belt_id": null, "kind": "placer_gold", "name": "river placer gold", "tonnage_mt": 0.0228, "grades": {"Au g/t": 0.1825}, "depth_m": 0, "blind": false, "strike_deg": 40, "dip_deg": 39, "length_m": 11876, "width_m": 196.6, "shape": "strata", "host": "carbonate", "chance": 0.03, "seen_by": {"geochemistry": true}, "water_depth_m": 0}}, {"type": "Feature", "geometry": {"type": "Point", "coordinates": [57.58234, 2.68765]}, "properties": {"id": "TRE2-PLG-009532A-04", "district_id": "TRE2-PLG-009532A", "belt_id": null, "kind": "placer_gold", "name": "river placer gold", "tonnage_mt": 10.0511, "grades": {"Au g/t": 0.226}, "depth_m": 39, "blind": false, "strike_deg": 26, "dip_deg": 23, "length_m": 9969, "width_m": 503.4, "shape": "strata", "host": "carbonate", "chance": 0.03, "seen_by": {"geochemistry": true}, "water_depth_m": 0}}, {"type": "Feature", "geometry": {"type": "Point", "coordinates": [58.09882, 3.06647]}, "properties": {"id": "TRE2-PLG-009532A-05", "district_id": "TRE2-PLG-009532A", "belt_id": null, "kind": "placer_gold", "name": "river placer gold", "tonnage_mt": 0.0484, "grades": {"Au g/t": 0.2805}, "depth_m": 0, "blind": false, "strike_deg": 30, "dip_deg": 7, "length_m": 11541, "width_m": 337.8, "shape": "strata", "host": "carbonate", "chance": 0.03, "seen_by": {"geochemistry": true}, "water_depth_m": 0}}]}